Date,Shift,Line_ID,Product_SKU,Target_Output_Packs,Actual_Output_Packs,Good_Packs,Reject_Packs,Reject_Rate_Pct,Planned_Downtime_Min,Unplanned_Downtime_Min,Operating_Time_Min,Run_Time_Min,Availability_Pct,Performance_Pct,Quality_Pct,OEE_Pct,Top_Fault_Code,Fault_Description,Scrap_Cost_LKR,Lost_Capacity_Cost_LKR,Total_Financial_Loss_LKR,Energy_Consumption_kWh
2026-06-01,Morning,Line 1,WMP 1kg Pouch,18000,17171,16939,232,1.36,30,10,450,440,97.78,97.56,98.65,94.11,F05-Carton Erector,Carton feed vacuum cup failure,742.4,20.0,762.4,401.5
2026-06-01,Morning,Line 2,SMP 25kg Bulk Bag,2400,1960,1902,58,2.99,30,38,450,412,91.56,89.2,97.04,79.25,F03-Auger Hopper Clog,Powder bridging in dosing funnel,2813.0,158.33,2971.33,544.5
2026-06-01,Morning,Line 3,NZ Gold 500g Canister,12000,8909,8590,319,3.59,30,47,450,403,89.56,82.9,96.42,71.59,F06-Coding Printer Error,Laser / Inkjet date-code illegible,3126.2,141.0,3267.2,365.0
2026-06-01,Afternoon,Line 1,WMP 1kg Pouch,18000,16334,16139,195,1.2,60,15,420,405,96.43,94.11,98.81,89.67,F05-Carton Erector,Carton feed vacuum cup failure,624.0,30.0,654.0,381.4
2026-06-01,Afternoon,Line 2,SMP 25kg Bulk Bag,2400,2283,2267,16,0.72,60,3,420,417,99.29,95.81,99.3,94.46,NONE-Clean Run,No significant fault events,776.0,12.5,788.5,554.3
2026-06-01,Afternoon,Line 3,NZ Gold 500g Canister,12000,11428,11299,129,1.13,45,1,435,434,99.77,95.45,98.87,94.15,NONE-Clean Run,No significant fault events,1264.2,3.0,1267.2,391.7
2026-06-01,Night,Line 1,WMP 1kg Pouch,18000,16926,16702,224,1.32,45,1,435,434,99.77,94.25,98.68,92.79,NONE-Clean Run,No significant fault events,716.8,2.0,718.8,396.3
2026-06-01,Night,Line 2,SMP 25kg Bulk Bag,2400,2214,2194,20,0.92,30,10,450,440,97.78,94.35,99.1,91.43,F06-Coding Printer Error,Laser / Inkjet date-code illegible,970.0,41.67,1011.67,584.0
2026-06-01,Night,Line 3,NZ Gold 500g Canister,12000,11570,11384,186,1.61,30,2,450,448,99.56,96.85,98.39,94.87,NONE-Clean Run,No significant fault events,1822.8,6.0,1828.8,410.1
2026-06-02,Morning,Line 1,WMP 1kg Pouch,18000,18032,17711,321,1.79,30,0,450,450,100.0,100.18,98.22,98.4,NONE-Clean Run,No significant fault events,1027.2,0.0,1027.2,401.2
2026-06-02,Morning,Line 2,SMP 25kg Bulk Bag,2400,1698,1606,92,5.42,30,65,450,385,85.56,82.69,94.58,66.91,F03-Auger Hopper Clog,Powder bridging in dosing funnel,4462.0,270.83,4732.83,516.4
2026-06-02,Morning,Line 3,NZ Gold 500g Canister,12000,8851,8585,266,3.02,30,60,450,390,86.67,85.11,96.99,71.54,F02-Checkweigher Drift,Dynamic scale calibration offset,2606.8,180.0,2786.8,366.9
2026-06-02,Afternoon,Line 1,WMP 1kg Pouch,18000,17287,16998,289,1.68,30,8,450,442,98.22,97.78,98.33,94.44,NONE-Clean Run,No significant fault events,924.8,16.0,940.8,405.4
2026-06-02,Afternoon,Line 2,SMP 25kg Bulk Bag,2400,2278,2249,29,1.28,45,11,435,424,97.47,97.38,98.73,93.71,F03-Auger Hopper Clog,Powder bridging in dosing funnel,1406.5,45.83,1452.33,555.6
2026-06-02,Afternoon,Line 3,NZ Gold 500g Canister,12000,9569,9136,433,4.53,30,56,450,394,87.56,91.08,95.47,76.14,F02-Checkweigher Drift,Dynamic scale calibration offset,4243.4,168.0,4411.4,363.7
2026-06-02,Night,Line 1,WMP 1kg Pouch,18000,17347,17046,301,1.74,30,11,450,439,97.56,98.79,98.26,94.7,F04-Palletizer Sync,Case packer / robotic palletizer jam,963.2,22.0,985.2,404.7
2026-06-02,Night,Line 2,SMP 25kg Bulk Bag,2400,2297,2270,27,1.2,45,0,435,435,100.0,95.71,98.82,94.58,NONE-Clean Run,No significant fault events,1309.5,0.0,1309.5,573.8
2026-06-02,Night,Line 3,NZ Gold 500g Canister,12000,11544,11448,96,0.83,30,3,450,447,99.33,96.85,99.17,95.4,NONE-Clean Run,No significant fault events,940.8,9.0,949.8,406.3
2026-06-03,Morning,Line 1,WMP 1kg Pouch,18000,12875,12382,493,3.84,45,63,435,372,85.52,83.64,96.17,68.79,F01-Sealer Jam,Sealing jaw film jamming / temp drop,1577.6,126.0,1703.6,341.1
2026-06-03,Morning,Line 2,SMP 25kg Bulk Bag,2400,2287,2267,20,0.89,45,2,435,433,99.54,95.73,99.13,94.46,NONE-Clean Run,No significant fault events,970.0,8.33,978.33,584.3
2026-06-03,Morning,Line 3,NZ Gold 500g Canister,12000,11517,11405,112,0.98,45,0,435,435,100.0,95.98,99.03,95.05,NONE-Clean Run,No significant fault events,1097.6,0.0,1097.6,403.4
2026-06-03,Afternoon,Line 1,WMP 1kg Pouch,18000,17434,17125,309,1.77,30,2,450,448,99.56,97.29,98.23,95.15,NONE-Clean Run,No significant fault events,988.8,4.0,992.8,413.4
2026-06-03,Afternoon,Line 2,SMP 25kg Bulk Bag,2400,2316,2283,33,1.45,30,8,450,442,98.22,98.25,98.58,95.13,NONE-Clean Run,No significant fault events,1600.5,33.33,1633.83,590.2
2026-06-03,Afternoon,Line 3,NZ Gold 500g Canister,12000,10307,9934,373,3.62,45,20,435,415,95.4,90.03,96.38,82.78,F02-Checkweigher Drift,Dynamic scale calibration offset,3655.4,60.0,3715.4,383.8
2026-06-03,Night,Line 1,WMP 1kg Pouch,18000,16730,16554,176,1.05,30,12,450,438,97.33,95.49,98.95,91.96,F01-Sealer Jam,Sealing jaw film jamming / temp drop,563.2,24.0,587.2,400.3
2026-06-03,Night,Line 2,SMP 25kg Bulk Bag,2400,2307,2291,16,0.72,30,9,450,441,98.0,98.09,99.31,95.46,NONE-Clean Run,No significant fault events,776.0,37.5,813.5,582.4
2026-06-03,Night,Line 3,NZ Gold 500g Canister,12000,11335,11139,196,1.73,30,3,450,447,99.33,95.09,98.27,92.82,NONE-Clean Run,No significant fault events,1920.8,9.0,1929.8,401.5
2026-06-04,Morning,Line 1,WMP 1kg Pouch,18000,13303,12680,623,4.69,30,69,450,381,84.67,87.29,95.32,70.45,F02-Checkweigher Drift,Dynamic scale calibration offset,1993.6,138.0,2131.6,348.6
2026-06-04,Morning,Line 2,SMP 25kg Bulk Bag,2400,2042,1935,107,5.27,30,29,450,421,93.56,90.94,94.76,80.63,F04-Palletizer Sync,Case packer / robotic palletizer jam,5189.5,120.83,5310.33,561.2
2026-06-04,Morning,Line 3,NZ Gold 500g Canister,12000,11217,11129,88,0.79,60,8,420,412,98.1,95.29,99.22,92.75,NONE-Clean Run,No significant fault events,862.4,24.0,886.4,380.7
2026-06-04,Afternoon,Line 1,WMP 1kg Pouch,18000,12708,12350,358,2.82,30,70,450,380,84.44,83.61,97.18,68.61,F02-Checkweigher Drift,Dynamic scale calibration offset,1145.6,140.0,1285.6,363.3
2026-06-04,Afternoon,Line 2,SMP 25kg Bulk Bag,2400,2270,2249,21,0.96,45,9,435,426,97.93,96.58,99.07,93.7,NONE-Clean Run,No significant fault events,1018.5,37.5,1056.0,563.6
2026-06-04,Afternoon,Line 3,NZ Gold 500g Canister,12000,11393,11275,118,1.04,45,15,435,420,96.55,98.33,98.96,93.95,F01-Sealer Jam,Sealing jaw film jamming / temp drop,1156.4,45.0,1201.4,397.4
2026-06-04,Night,Line 1,WMP 1kg Pouch,18000,16838,16555,283,1.68,30,25,450,425,94.44,99.05,98.32,91.97,F03-Auger Hopper Clog,Powder bridging in dosing funnel,905.6,50.0,955.6,390.7
2026-06-04,Night,Line 2,SMP 25kg Bulk Bag,2400,2261,2233,28,1.24,45,6,435,429,98.62,95.53,98.76,93.04,NONE-Clean Run,No significant fault events,1358.0,25.0,1383.0,560.0
2026-06-04,Night,Line 3,NZ Gold 500g Canister,12000,12168,11957,211,1.73,30,1,450,449,99.78,101.63,98.27,99.65,NONE-Clean Run,No significant fault events,2067.8,3.0,2070.8,414.1
2026-06-05,Morning,Line 1,WMP 1kg Pouch,18000,17536,17235,301,1.72,60,0,420,420,100.0,97.42,98.28,95.74,NONE-Clean Run,No significant fault events,963.2,0.0,963.2,383.7
2026-06-05,Morning,Line 2,SMP 25kg Bulk Bag,2400,2347,2327,20,0.89,30,3,450,447,99.33,98.45,99.15,96.96,NONE-Clean Run,No significant fault events,970.0,12.5,982.5,590.3
2026-06-05,Morning,Line 3,NZ Gold 500g Canister,12000,11700,11606,94,0.81,60,6,420,414,98.57,98.91,99.2,96.72,NONE-Clean Run,No significant fault events,921.2,18.0,939.2,386.5
2026-06-05,Afternoon,Line 1,WMP 1kg Pouch,18000,16983,16797,186,1.1,45,9,435,426,97.93,96.34,98.9,93.31,NONE-Clean Run,No significant fault events,595.2,18.0,613.2,391.1
2026-06-05,Afternoon,Line 2,SMP 25kg Bulk Bag,2400,2171,2154,17,0.79,60,16,420,404,96.19,94.04,99.22,89.75,F05-Carton Erector,Carton feed vacuum cup failure,824.5,66.67,891.17,528.9
2026-06-05,Afternoon,Line 3,NZ Gold 500g Canister,12000,11306,11117,189,1.68,30,0,450,450,100.0,94.22,98.33,92.65,NONE-Clean Run,No significant fault events,1852.2,0.0,1852.2,412.5
2026-06-05,Night,Line 1,WMP 1kg Pouch,18000,16827,16649,178,1.06,45,8,435,427,98.16,95.23,98.94,92.49,NONE-Clean Run,No significant fault events,569.6,16.0,585.6,389.5
2026-06-05,Night,Line 2,SMP 25kg Bulk Bag,2400,2382,2357,25,1.06,30,6,450,444,98.67,100.59,98.95,98.21,NONE-Clean Run,No significant fault events,1212.5,25.0,1237.5,585.8
2026-06-05,Night,Line 3,NZ Gold 500g Canister,12000,11364,11180,184,1.63,30,4,450,446,99.11,95.55,98.38,93.17,NONE-Clean Run,No significant fault events,1803.2,12.0,1815.2,415.1
2026-06-06,Morning,Line 1,WMP 1kg Pouch,18000,13482,12777,705,5.23,30,41,450,409,90.89,82.41,94.77,70.99,F06-Coding Printer Error,Laser / Inkjet date-code illegible,2256.0,82.0,2338.0,370.7
2026-06-06,Morning,Line 2,SMP 25kg Bulk Bag,2400,2332,2314,18,0.79,45,1,435,434,99.77,97.39,99.23,96.42,NONE-Clean Run,No significant fault events,873.0,4.17,877.17,560.8
2026-06-06,Morning,Line 3,NZ Gold 500g Canister,12000,8856,8580,276,3.12,45,52,435,383,88.05,83.82,96.88,71.5,F02-Checkweigher Drift,Dynamic scale calibration offset,2704.8,156.0,2860.8,360.6
2026-06-06,Afternoon,Line 1,WMP 1kg Pouch,18000,17338,17092,246,1.42,60,5,420,415,98.81,97.48,98.58,94.95,NONE-Clean Run,No significant fault events,787.2,10.0,797.2,376.1
2026-06-06,Afternoon,Line 2,SMP 25kg Bulk Bag,2400,2315,2297,18,0.8,30,0,450,450,100.0,96.46,99.22,95.71,NONE-Clean Run,No significant fault events,873.0,0.0,873.0,591.1
2026-06-06,Afternoon,Line 3,NZ Gold 500g Canister,12000,12054,11869,185,1.54,60,0,420,420,100.0,100.45,98.47,98.91,NONE-Clean Run,No significant fault events,1813.0,0.0,1813.0,383.6
2026-06-06,Night,Line 1,WMP 1kg Pouch,18000,14529,13685,844,5.81,45,20,435,415,95.4,84.61,94.19,76.03,F06-Coding Printer Error,Laser / Inkjet date-code illegible,2700.8,40.0,2740.8,397.9
2026-06-06,Night,Line 2,SMP 25kg Bulk Bag,2400,2243,2227,16,0.73,45,23,435,412,94.71,98.68,99.29,92.8,F02-Checkweigher Drift,Dynamic scale calibration offset,776.0,95.83,871.83,544.8
2026-06-06,Night,Line 3,NZ Gold 500g Canister,12000,11636,11473,163,1.41,60,3,420,417,99.29,97.66,98.6,95.61,NONE-Clean Run,No significant fault events,1597.4,9.0,1606.4,387.0
2026-06-07,Morning,Line 1,WMP 1kg Pouch,18000,16539,16374,165,1.0,30,18,450,432,96.0,95.71,99.0,90.96,F04-Palletizer Sync,Case packer / robotic palletizer jam,528.0,36.0,564.0,396.0
2026-06-07,Morning,Line 2,SMP 25kg Bulk Bag,2400,2003,1921,82,4.11,30,27,450,423,94.0,88.79,95.91,80.05,F03-Auger Hopper Clog,Powder bridging in dosing funnel,3977.0,112.5,4089.5,563.2
2026-06-07,Morning,Line 3,NZ Gold 500g Canister,12000,11485,11318,167,1.46,30,5,450,445,98.89,96.78,98.55,94.32,NONE-Clean Run,No significant fault events,1636.6,15.0,1651.6,408.2
2026-06-07,Afternoon,Line 1,WMP 1kg Pouch,18000,17725,17489,236,1.33,45,6,435,429,98.62,99.85,98.67,97.16,NONE-Clean Run,No significant fault events,755.2,12.0,767.2,392.8
2026-06-07,Afternoon,Line 2,SMP 25kg Bulk Bag,2400,2332,2294,38,1.65,30,6,450,444,98.67,98.48,98.37,95.59,NONE-Clean Run,No significant fault events,1843.0,25.0,1868.0,586.6
2026-06-07,Afternoon,Line 3,NZ Gold 500g Canister,12000,11675,11525,150,1.29,45,3,435,432,99.31,97.97,98.72,96.05,NONE-Clean Run,No significant fault events,1470.0,9.0,1479.0,390.0
2026-06-07,Night,Line 1,WMP 1kg Pouch,18000,18300,18162,138,0.76,30,0,450,450,100.0,101.67,99.25,100.91,NONE-Clean Run,No significant fault events,441.6,0.0,441.6,407.9
2026-06-07,Night,Line 2,SMP 25kg Bulk Bag,2400,2244,2217,27,1.24,60,5,420,415,98.81,94.63,98.8,92.38,NONE-Clean Run,No significant fault events,1309.5,20.83,1330.33,552.9
2026-06-07,Night,Line 3,NZ Gold 500g Canister,12000,12025,11913,112,0.93,30,6,450,444,98.67,101.56,99.07,99.28,NONE-Clean Run,No significant fault events,1097.6,18.0,1115.6,403.5
2026-06-08,Morning,Line 1,WMP 1kg Pouch,18000,17115,16913,202,1.19,60,25,420,395,94.05,101.1,98.82,93.96,F02-Checkweigher Drift,Dynamic scale calibration offset,646.4,50.0,696.4,367.2
2026-06-08,Morning,Line 2,SMP 25kg Bulk Bag,2400,1714,1661,53,3.14,30,62,450,388,86.22,82.83,96.91,69.21,F03-Auger Hopper Clog,Powder bridging in dosing funnel,2570.5,258.33,2828.83,512.8
2026-06-08,Morning,Line 3,NZ Gold 500g Canister,12000,9376,9087,289,3.09,45,65,435,370,85.06,91.86,96.92,75.73,F02-Checkweigher Drift,Dynamic scale calibration offset,2832.2,195.0,3027.2,350.4
2026-06-08,Afternoon,Line 1,WMP 1kg Pouch,18000,16920,16692,228,1.35,30,13,450,437,97.11,96.8,98.65,92.73,F01-Sealer Jam,Sealing jaw film jamming / temp drop,729.6,26.0,755.6,398.8
2026-06-08,Afternoon,Line 2,SMP 25kg Bulk Bag,2400,2329,2305,24,1.06,30,2,450,448,99.56,97.47,98.97,96.04,NONE-Clean Run,No significant fault events,1164.0,8.33,1172.33,596.9
2026-06-08,Afternoon,Line 3,NZ Gold 500g Canister,12000,11856,11677,179,1.52,30,6,450,444,98.67,100.14,98.49,97.32,NONE-Clean Run,No significant fault events,1754.2,18.0,1772.2,408.0
2026-06-08,Night,Line 1,WMP 1kg Pouch,18000,12578,12022,556,4.42,45,68,435,367,84.37,82.83,95.58,66.79,F01-Sealer Jam,Sealing jaw film jamming / temp drop,1779.2,136.0,1915.2,330.8
2026-06-08,Night,Line 2,SMP 25kg Bulk Bag,2400,2231,2208,23,1.05,60,6,420,414,98.57,94.31,98.97,92.0,NONE-Clean Run,No significant fault events,1115.5,25.0,1140.5,552.5
2026-06-08,Night,Line 3,NZ Gold 500g Canister,12000,11298,11133,165,1.46,60,2,420,418,99.52,94.6,98.54,92.77,NONE-Clean Run,No significant fault events,1617.0,6.0,1623.0,382.0
2026-06-09,Morning,Line 1,WMP 1kg Pouch,18000,17621,17424,197,1.12,30,9,450,441,98.0,99.89,98.88,96.8,NONE-Clean Run,No significant fault events,630.4,18.0,648.4,400.0
2026-06-09,Morning,Line 2,SMP 25kg Bulk Bag,2400,2276,2251,25,1.13,60,0,420,420,100.0,94.83,98.9,93.79,NONE-Clean Run,No significant fault events,1212.5,0.0,1212.5,549.1
2026-06-09,Morning,Line 3,NZ Gold 500g Canister,12000,11572,11458,114,0.99,45,2,435,433,99.54,96.88,99.01,95.48,NONE-Clean Run,No significant fault events,1117.2,6.0,1123.2,393.9
2026-06-09,Afternoon,Line 1,WMP 1kg Pouch,18000,17512,17336,176,1.01,30,0,450,450,100.0,97.29,98.99,96.31,NONE-Clean Run,No significant fault events,563.2,0.0,563.2,402.4
2026-06-09,Afternoon,Line 2,SMP 25kg Bulk Bag,2400,1793,1718,75,4.22,30,67,450,383,85.11,87.78,95.82,71.59,F01-Sealer Jam,Sealing jaw film jamming / temp drop,3637.5,279.17,3916.67,510.3
2026-06-09,Afternoon,Line 3,NZ Gold 500g Canister,12000,11119,10921,198,1.79,30,12,450,438,97.33,95.2,98.22,91.01,F02-Checkweigher Drift,Dynamic scale calibration offset,1940.4,36.0,1976.4,405.6
2026-06-09,Night,Line 1,WMP 1kg Pouch,18000,16033,15821,212,1.33,45,25,435,410,94.25,94.5,98.68,87.89,F03-Auger Hopper Clog,Powder bridging in dosing funnel,678.4,50.0,728.4,379.7
2026-06-09,Night,Line 2,SMP 25kg Bulk Bag,2400,2362,2327,35,1.5,45,7,435,428,98.39,100.03,98.52,96.96,NONE-Clean Run,No significant fault events,1697.5,29.17,1726.67,573.2
2026-06-09,Night,Line 3,NZ Gold 500g Canister,12000,9852,9507,345,3.5,30,43,450,407,90.44,90.77,96.5,79.22,F02-Checkweigher Drift,Dynamic scale calibration offset,3381.0,129.0,3510.0,371.7
2026-06-10,Morning,Line 1,WMP 1kg Pouch,18000,15483,14888,595,3.85,45,20,435,415,95.4,90.16,96.16,82.71,F02-Checkweigher Drift,Dynamic scale calibration offset,1904.0,40.0,1944.0,380.7
2026-06-10,Morning,Line 2,SMP 25kg Bulk Bag,2400,1838,1761,77,4.23,60,62,420,358,85.24,89.85,95.81,73.38,F04-Palletizer Sync,Case packer / robotic palletizer jam,3734.5,258.33,3992.83,486.3
2026-06-10,Morning,Line 3,NZ Gold 500g Canister,12000,11372,11170,202,1.78,45,18,435,417,95.86,98.86,98.22,93.08,F04-Palletizer Sync,Case packer / robotic palletizer jam,1979.6,54.0,2033.6,387.7
2026-06-10,Afternoon,Line 1,WMP 1kg Pouch,18000,17987,17772,215,1.2,30,6,450,444,98.67,101.28,98.8,98.73,NONE-Clean Run,No significant fault events,688.0,12.0,700.0,415.5
2026-06-10,Afternoon,Line 2,SMP 25kg Bulk Bag,2400,2297,2261,36,1.58,30,9,450,441,98.0,97.66,98.43,94.2,NONE-Clean Run,No significant fault events,1746.0,37.5,1783.5,581.5
2026-06-10,Afternoon,Line 3,NZ Gold 500g Canister,12000,8633,8290,343,3.98,30,65,450,385,85.56,84.09,96.03,69.09,F05-Carton Erector,Carton feed vacuum cup failure,3361.4,195.0,3556.4,348.9
2026-06-10,Night,Line 1,WMP 1kg Pouch,18000,17636,17435,201,1.14,45,7,435,428,98.39,99.58,98.86,96.86,NONE-Clean Run,No significant fault events,643.2,14.0,657.2,397.0
2026-06-10,Night,Line 2,SMP 25kg Bulk Bag,2400,2333,2295,38,1.66,30,4,450,446,99.11,98.08,98.37,95.62,NONE-Clean Run,No significant fault events,1843.0,16.67,1859.67,585.6
2026-06-10,Night,Line 3,NZ Gold 500g Canister,12000,11235,11114,121,1.08,30,3,450,447,99.33,94.25,98.92,92.61,NONE-Clean Run,No significant fault events,1185.8,9.0,1194.8,409.4
2026-06-11,Morning,Line 1,WMP 1kg Pouch,18000,16987,16702,285,1.68,45,3,435,432,99.31,95.03,98.32,92.79,NONE-Clean Run,No significant fault events,912.0,6.0,918.0,389.5
2026-06-11,Morning,Line 2,SMP 25kg Bulk Bag,2400,2240,2212,28,1.26,30,9,450,441,98.0,95.24,98.75,92.17,NONE-Clean Run,No significant fault events,1358.0,37.5,1395.5,573.4
2026-06-11,Morning,Line 3,NZ Gold 500g Canister,12000,8818,8295,523,5.94,30,58,450,392,87.11,84.36,94.07,69.13,F05-Carton Erector,Carton feed vacuum cup failure,5125.4,174.0,5299.4,363.8
2026-06-11,Afternoon,Line 1,WMP 1kg Pouch,18000,16886,16761,125,0.74,45,10,435,425,97.7,96.02,99.26,93.12,F02-Checkweigher Drift,Dynamic scale calibration offset,400.0,20.0,420.0,392.9
2026-06-11,Afternoon,Line 2,SMP 25kg Bulk Bag,2400,2358,2330,28,1.19,45,0,435,435,100.0,98.25,98.81,97.08,NONE-Clean Run,No significant fault events,1358.0,0.0,1358.0,573.6
2026-06-11,Afternoon,Line 3,NZ Gold 500g Canister,12000,11511,11428,83,0.72,30,3,450,447,99.33,96.57,99.28,95.23,NONE-Clean Run,No significant fault events,813.4,9.0,822.4,404.4
2026-06-11,Night,Line 1,WMP 1kg Pouch,18000,17775,17518,257,1.45,30,7,450,443,98.44,100.31,98.55,97.31,NONE-Clean Run,No significant fault events,822.4,14.0,836.4,399.0
2026-06-11,Night,Line 2,SMP 25kg Bulk Bag,2400,1567,1501,66,4.27,30,97,450,353,78.44,83.23,95.79,62.54,F03-Auger Hopper Clog,Powder bridging in dosing funnel,3201.0,404.17,3605.17,478.7
2026-06-11,Night,Line 3,NZ Gold 500g Canister,12000,11415,11264,151,1.33,30,8,450,442,98.22,96.85,98.68,93.87,NONE-Clean Run,No significant fault events,1479.8,24.0,1503.8,403.7
2026-06-12,Morning,Line 1,WMP 1kg Pouch,18000,13142,12665,477,3.64,30,57,450,393,87.33,83.6,96.37,70.36,F01-Sealer Jam,Sealing jaw film jamming / temp drop,1526.4,114.0,1640.4,361.4
2026-06-12,Morning,Line 2,SMP 25kg Bulk Bag,2400,2334,2305,29,1.28,30,0,450,450,100.0,97.25,98.76,96.04,NONE-Clean Run,No significant fault events,1406.5,0.0,1406.5,585.7
2026-06-12,Morning,Line 3,NZ Gold 500g Canister,12000,8651,8169,482,5.58,60,62,420,358,85.24,84.58,94.43,68.08,F06-Coding Printer Error,Laser / Inkjet date-code illegible,4723.6,186.0,4909.6,336.0
2026-06-12,Afternoon,Line 1,WMP 1kg Pouch,18000,16514,16295,219,1.33,30,21,450,429,95.33,96.24,98.67,90.53,F03-Auger Hopper Clog,Powder bridging in dosing funnel,700.8,42.0,742.8,389.9
2026-06-12,Afternoon,Line 2,SMP 25kg Bulk Bag,2400,2252,2231,21,0.97,30,5,450,445,98.89,94.89,99.07,92.96,NONE-Clean Run,No significant fault events,1018.5,20.83,1039.33,586.9
2026-06-12,Afternoon,Line 3,NZ Gold 500g Canister,12000,11579,11479,100,0.87,45,6,435,429,98.62,97.84,99.14,95.66,NONE-Clean Run,No significant fault events,980.0,18.0,998.0,389.9
2026-06-12,Night,Line 1,WMP 1kg Pouch,18000,13465,12635,830,6.17,30,55,450,395,87.78,85.22,93.84,70.2,F01-Sealer Jam,Sealing jaw film jamming / temp drop,2656.0,110.0,2766.0,363.0
2026-06-12,Night,Line 2,SMP 25kg Bulk Bag,2400,2297,2270,27,1.22,45,7,435,428,98.39,97.27,98.82,94.57,NONE-Clean Run,No significant fault events,1309.5,29.17,1338.67,567.4
2026-06-12,Night,Line 3,NZ Gold 500g Canister,12000,11796,11661,135,1.15,30,14,450,436,96.89,101.46,98.86,97.18,F04-Palletizer Sync,Case packer / robotic palletizer jam,1323.0,42.0,1365.0,402.1
2026-06-13,Morning,Line 1,WMP 1kg Pouch,18000,14222,13424,798,5.61,45,51,435,384,88.28,89.5,94.39,74.58,F02-Checkweigher Drift,Dynamic scale calibration offset,2553.6,102.0,2655.6,359.8
2026-06-13,Morning,Line 2,SMP 25kg Bulk Bag,2400,2275,2237,38,1.7,30,8,450,442,98.22,96.51,98.33,93.21,NONE-Clean Run,No significant fault events,1843.0,33.33,1876.33,582.8
2026-06-13,Morning,Line 3,NZ Gold 500g Canister,12000,12032,11854,178,1.49,45,4,435,431,99.08,101.2,98.52,98.78,NONE-Clean Run,No significant fault events,1744.4,12.0,1756.4,398.3
2026-06-13,Afternoon,Line 1,WMP 1kg Pouch,18000,17567,17369,198,1.13,30,3,450,447,99.33,98.25,98.87,96.49,NONE-Clean Run,No significant fault events,633.6,6.0,639.6,418.6
2026-06-13,Afternoon,Line 2,SMP 25kg Bulk Bag,2400,2288,2262,26,1.17,30,6,450,444,98.67,96.62,98.86,94.25,NONE-Clean Run,No significant fault events,1261.0,25.0,1286.0,587.4
2026-06-13,Afternoon,Line 3,NZ Gold 500g Canister,12000,11698,11521,177,1.52,30,5,450,445,98.89,98.58,98.49,96.01,NONE-Clean Run,No significant fault events,1734.6,15.0,1749.6,411.5
2026-06-13,Night,Line 1,WMP 1kg Pouch,18000,16759,16499,260,1.56,60,9,420,411,97.86,95.14,98.45,91.66,NONE-Clean Run,No significant fault events,832.0,18.0,850.0,382.1
2026-06-13,Night,Line 2,SMP 25kg Bulk Bag,2400,2328,2298,30,1.29,30,0,450,450,100.0,97.0,98.71,95.75,NONE-Clean Run,No significant fault events,1455.0,0.0,1455.0,585.5
2026-06-13,Night,Line 3,NZ Gold 500g Canister,12000,11616,11466,150,1.29,30,5,450,445,98.89,97.89,98.71,95.55,NONE-Clean Run,No significant fault events,1470.0,15.0,1485.0,413.1
2026-06-14,Morning,Line 1,WMP 1kg Pouch,18000,17545,17284,261,1.49,30,6,450,444,98.67,98.79,98.51,96.02,NONE-Clean Run,No significant fault events,835.2,12.0,847.2,402.8
2026-06-14,Morning,Line 2,SMP 25kg Bulk Bag,2400,2320,2298,22,0.95,60,3,420,417,99.29,97.36,99.05,95.75,NONE-Clean Run,No significant fault events,1067.0,12.5,1079.5,554.5
2026-06-14,Morning,Line 3,NZ Gold 500g Canister,12000,10022,9655,367,3.67,60,27,420,393,93.57,89.25,96.34,80.45,F02-Checkweigher Drift,Dynamic scale calibration offset,3596.6,81.0,3677.6,360.0
2026-06-14,Afternoon,Line 1,WMP 1kg Pouch,18000,18030,17775,255,1.42,60,0,420,420,100.0,100.17,98.59,98.76,NONE-Clean Run,No significant fault events,816.0,0.0,816.0,387.0
2026-06-14,Afternoon,Line 2,SMP 25kg Bulk Bag,2400,1932,1866,66,3.43,30,49,450,401,89.11,90.34,96.58,77.75,F04-Palletizer Sync,Case packer / robotic palletizer jam,3201.0,204.17,3405.17,528.8
2026-06-14,Afternoon,Line 3,NZ Gold 500g Canister,12000,11592,11434,158,1.37,30,2,450,448,99.56,97.03,98.64,95.29,NONE-Clean Run,No significant fault events,1548.4,6.0,1554.4,404.4
2026-06-14,Night,Line 1,WMP 1kg Pouch,18000,18163,17954,209,1.16,45,0,435,435,100.0,100.91,98.85,99.75,NONE-Clean Run,No significant fault events,668.8,0.0,668.8,401.3
2026-06-14,Night,Line 2,SMP 25kg Bulk Bag,2400,2340,2300,40,1.71,60,5,420,415,98.81,98.67,98.29,95.83,NONE-Clean Run,No significant fault events,1940.0,20.83,1960.83,550.4
2026-06-14,Night,Line 3,NZ Gold 500g Canister,12000,9562,9041,521,5.45,30,27,450,423,94.0,84.77,94.55,75.34,F02-Checkweigher Drift,Dynamic scale calibration offset,5105.8,81.0,5186.8,385.0
2026-06-15,Morning,Line 1,WMP 1kg Pouch,18000,17992,17756,236,1.31,45,4,435,431,99.08,100.88,98.69,98.64,NONE-Clean Run,No significant fault events,755.2,8.0,763.2,391.5
2026-06-15,Morning,Line 2,SMP 25kg Bulk Bag,2400,2321,2297,24,1.04,45,2,435,433,99.54,97.16,98.97,95.72,NONE-Clean Run,No significant fault events,1164.0,8.33,1172.33,576.3
2026-06-15,Morning,Line 3,NZ Gold 500g Canister,12000,11895,11763,132,1.12,30,7,450,443,98.44,100.69,98.89,98.02,NONE-Clean Run,No significant fault events,1293.6,21.0,1314.6,402.8
2026-06-15,Afternoon,Line 1,WMP 1kg Pouch,18000,17151,16933,218,1.28,45,10,435,425,97.7,97.53,98.73,94.08,F02-Checkweigher Drift,Dynamic scale calibration offset,697.6,20.0,717.6,396.2
2026-06-15,Afternoon,Line 2,SMP 25kg Bulk Bag,2400,2231,2207,24,1.11,30,15,450,435,96.67,96.16,98.92,91.95,F03-Auger Hopper Clog,Powder bridging in dosing funnel,1164.0,62.5,1226.5,561.6
2026-06-15,Afternoon,Line 3,NZ Gold 500g Canister,12000,11967,11863,104,0.87,45,0,435,435,100.0,99.72,99.13,98.85,NONE-Clean Run,No significant fault events,1019.2,0.0,1019.2,397.6
2026-06-15,Night,Line 1,WMP 1kg Pouch,18000,13120,12744,376,2.87,30,55,450,395,87.78,83.04,97.13,70.8,F02-Checkweigher Drift,Dynamic scale calibration offset,1203.2,110.0,1313.2,363.4
2026-06-15,Night,Line 2,SMP 25kg Bulk Bag,2400,1831,1765,66,3.63,45,63,435,372,85.52,89.21,96.4,73.55,F04-Palletizer Sync,Case packer / robotic palletizer jam,3201.0,262.5,3463.5,497.6
2026-06-15,Night,Line 3,NZ Gold 500g Canister,12000,12113,11990,123,1.02,30,1,450,449,99.78,101.17,98.98,99.92,NONE-Clean Run,No significant fault events,1205.4,3.0,1208.4,410.5
2026-06-16,Morning,Line 1,WMP 1kg Pouch,18000,14067,13247,820,5.84,30,60,450,390,86.67,90.17,94.17,73.59,F01-Sealer Jam,Sealing jaw film jamming / temp drop,2624.0,120.0,2744.0,355.7
2026-06-16,Morning,Line 2,SMP 25kg Bulk Bag,2400,2292,2262,30,1.35,30,3,450,447,99.33,96.14,98.69,94.24,NONE-Clean Run,No significant fault events,1455.0,12.5,1467.5,580.0
2026-06-16,Morning,Line 3,NZ Gold 500g Canister,12000,11957,11749,208,1.74,45,2,435,433,99.54,100.1,98.26,97.91,NONE-Clean Run,No significant fault events,2038.4,6.0,2044.4,405.2
2026-06-16,Afternoon,Line 1,WMP 1kg Pouch,18000,17870,17570,300,1.68,30,5,450,445,98.89,100.39,98.32,97.61,NONE-Clean Run,No significant fault events,960.0,10.0,970.0,404.2
2026-06-16,Afternoon,Line 2,SMP 25kg Bulk Bag,2400,2242,2220,22,0.98,30,8,450,442,98.22,95.11,99.02,92.5,NONE-Clean Run,No significant fault events,1067.0,33.33,1100.33,580.1
2026-06-16,Afternoon,Line 3,NZ Gold 500g Canister,12000,11404,11303,101,0.89,60,5,420,415,98.81,96.18,99.11,94.19,NONE-Clean Run,No significant fault events,989.8,15.0,1004.8,383.0
2026-06-16,Night,Line 1,WMP 1kg Pouch,18000,16911,16639,272,1.61,30,8,450,442,98.22,95.65,98.39,92.43,NONE-Clean Run,No significant fault events,870.4,16.0,886.4,398.7
2026-06-16,Night,Line 2,SMP 25kg Bulk Bag,2400,1779,1719,60,3.4,30,84,450,366,81.33,91.14,96.63,71.63,F03-Auger Hopper Clog,Powder bridging in dosing funnel,2910.0,350.0,3260.0,497.1
2026-06-16,Night,Line 3,NZ Gold 500g Canister,12000,11312,11227,85,0.75,30,5,450,445,98.89,95.33,99.25,93.56,NONE-Clean Run,No significant fault events,833.0,15.0,848.0,404.3
2026-06-17,Morning,Line 1,WMP 1kg Pouch,18000,17311,17135,176,1.02,45,3,435,432,99.31,96.84,98.98,95.19,NONE-Clean Run,No significant fault events,563.2,6.0,569.2,396.6
2026-06-17,Morning,Line 2,SMP 25kg Bulk Bag,2400,2350,2322,28,1.22,45,6,435,429,98.62,99.29,98.81,96.75,NONE-Clean Run,No significant fault events,1358.0,25.0,1383.0,565.3
2026-06-17,Morning,Line 3,NZ Gold 500g Canister,12000,8625,8209,416,4.82,30,58,450,392,87.11,82.51,95.18,68.41,F02-Checkweigher Drift,Dynamic scale calibration offset,4076.8,174.0,4250.8,376.4
2026-06-17,Afternoon,Line 1,WMP 1kg Pouch,18000,17968,17828,140,0.78,30,0,450,450,100.0,99.82,99.22,99.04,NONE-Clean Run,No significant fault events,448.0,0.0,448.0,409.5
2026-06-17,Afternoon,Line 2,SMP 25kg Bulk Bag,2400,2391,2368,23,0.97,30,4,450,446,99.11,100.52,99.04,98.67,NONE-Clean Run,No significant fault events,1115.5,16.67,1132.17,588.4
2026-06-17,Afternoon,Line 3,NZ Gold 500g Canister,12000,12079,11983,96,0.8,30,3,450,447,99.33,101.33,99.21,99.86,NONE-Clean Run,No significant fault events,940.8,9.0,949.8,412.5
2026-06-17,Night,Line 1,WMP 1kg Pouch,18000,17543,17385,158,0.9,30,4,450,446,99.11,98.34,99.1,96.59,NONE-Clean Run,No significant fault events,505.6,8.0,513.6,408.7
2026-06-17,Night,Line 2,SMP 25kg Bulk Bag,2400,2254,2218,36,1.63,60,9,420,411,97.86,95.97,98.4,92.41,NONE-Clean Run,No significant fault events,1746.0,37.5,1783.5,546.3
2026-06-17,Night,Line 3,NZ Gold 500g Canister,12000,8633,8187,446,5.17,30,69,450,381,84.67,84.97,94.83,68.22,F02-Checkweigher Drift,Dynamic scale calibration offset,4370.8,207.0,4577.8,355.5
2026-06-18,Morning,Line 1,WMP 1kg Pouch,18000,16068,15824,244,1.52,60,23,420,397,94.52,94.44,98.48,87.91,F02-Checkweigher Drift,Dynamic scale calibration offset,780.8,46.0,826.8,374.4
2026-06-18,Morning,Line 2,SMP 25kg Bulk Bag,2400,2332,2302,30,1.32,45,3,435,432,99.31,97.84,98.71,95.91,NONE-Clean Run,No significant fault events,1455.0,12.5,1467.5,554.8
2026-06-18,Morning,Line 3,NZ Gold 500g Canister,12000,11716,11582,134,1.14,60,4,420,416,99.05,98.57,98.86,96.52,NONE-Clean Run,No significant fault events,1313.2,12.0,1325.2,383.7
2026-06-18,Afternoon,Line 1,WMP 1kg Pouch,18000,17973,17763,210,1.17,45,5,435,430,98.85,101.01,98.83,98.68,NONE-Clean Run,No significant fault events,672.0,10.0,682.0,400.9
2026-06-18,Afternoon,Line 2,SMP 25kg Bulk Bag,2400,2226,2190,36,1.66,30,25,450,425,94.44,98.21,98.38,91.25,F03-Auger Hopper Clog,Powder bridging in dosing funnel,1746.0,104.17,1850.17,557.4
2026-06-18,Afternoon,Line 3,NZ Gold 500g Canister,12000,11265,11091,174,1.55,30,16,450,434,96.44,97.34,98.46,92.43,F01-Sealer Jam,Sealing jaw film jamming / temp drop,1705.2,48.0,1753.2,404.2
2026-06-18,Night,Line 1,WMP 1kg Pouch,18000,17353,17211,142,0.82,30,2,450,448,99.56,96.84,99.18,95.62,NONE-Clean Run,No significant fault events,454.4,4.0,458.4,403.4
2026-06-18,Night,Line 2,SMP 25kg Bulk Bag,2400,1905,1788,117,6.16,30,36,450,414,92.0,86.28,93.86,74.5,F04-Palletizer Sync,Case packer / robotic palletizer jam,5674.5,150.0,5824.5,554.6
2026-06-18,Night,Line 3,NZ Gold 500g Canister,12000,11897,11737,160,1.35,30,12,450,438,97.33,101.86,98.66,97.81,F03-Auger Hopper Clog,Powder bridging in dosing funnel,1568.0,36.0,1604.0,395.4
2026-06-19,Morning,Line 1,WMP 1kg Pouch,18000,17560,17405,155,0.88,60,18,420,402,95.71,101.92,99.12,96.69,F02-Checkweigher Drift,Dynamic scale calibration offset,496.0,36.0,532.0,377.4
2026-06-19,Morning,Line 2,SMP 25kg Bulk Bag,2400,2286,2265,21,0.94,45,1,435,434,99.77,95.47,99.08,94.37,NONE-Clean Run,No significant fault events,1018.5,4.17,1022.67,578.9
2026-06-19,Morning,Line 3,NZ Gold 500g Canister,12000,12128,11914,214,1.77,45,0,435,435,100.0,101.07,98.24,99.29,NONE-Clean Run,No significant fault events,2097.2,0.0,2097.2,396.1
2026-06-19,Afternoon,Line 1,WMP 1kg Pouch,18000,17203,16929,274,1.6,45,1,435,434,99.77,95.79,98.41,94.05,NONE-Clean Run,No significant fault events,876.8,2.0,878.8,391.3
2026-06-19,Afternoon,Line 2,SMP 25kg Bulk Bag,2400,2238,2209,29,1.34,30,7,450,443,98.44,94.72,98.7,92.03,NONE-Clean Run,No significant fault events,1406.5,29.17,1435.67,579.8
2026-06-19,Afternoon,Line 3,NZ Gold 500g Canister,12000,10977,10896,81,0.74,30,24,450,426,94.67,96.63,99.26,90.8,F04-Palletizer Sync,Case packer / robotic palletizer jam,793.8,72.0,865.8,393.7
2026-06-19,Night,Line 1,WMP 1kg Pouch,18000,16846,16682,164,0.98,60,2,420,418,99.52,94.04,99.03,92.68,NONE-Clean Run,No significant fault events,524.8,4.0,528.8,383.2
2026-06-19,Night,Line 2,SMP 25kg Bulk Bag,2400,2446,2405,41,1.68,45,0,435,435,100.0,101.92,98.32,100.21,NONE-Clean Run,No significant fault events,1988.5,0.0,1988.5,572.5
2026-06-19,Night,Line 3,NZ Gold 500g Canister,12000,11697,11499,198,1.7,30,5,450,445,98.89,98.57,98.31,95.83,NONE-Clean Run,No significant fault events,1940.4,15.0,1955.4,408.7
2026-06-20,Morning,Line 1,WMP 1kg Pouch,18000,17067,16785,282,1.65,60,5,420,415,98.81,95.96,98.35,93.25,NONE-Clean Run,No significant fault events,902.4,10.0,912.4,392.1
2026-06-20,Morning,Line 2,SMP 25kg Bulk Bag,2400,2418,2395,23,0.96,30,3,450,447,99.33,101.43,99.05,99.79,NONE-Clean Run,No significant fault events,1115.5,12.5,1128.0,588.0
2026-06-20,Morning,Line 3,NZ Gold 500g Canister,12000,11402,11319,83,0.73,30,25,450,425,94.44,100.61,99.27,94.32,F01-Sealer Jam,Sealing jaw film jamming / temp drop,813.4,75.0,888.4,386.9
2026-06-20,Afternoon,Line 1,WMP 1kg Pouch,18000,17715,17432,283,1.6,30,10,450,440,97.78,100.65,98.4,96.84,F02-Checkweigher Drift,Dynamic scale calibration offset,905.6,20.0,925.6,400.9
2026-06-20,Afternoon,Line 2,SMP 25kg Bulk Bag,2400,2198,2180,18,0.83,30,25,450,425,94.44,96.97,99.18,90.83,F01-Sealer Jam,Sealing jaw film jamming / temp drop,873.0,104.17,977.17,560.0
2026-06-20,Afternoon,Line 3,NZ Gold 500g Canister,12000,11272,11158,114,1.01,30,1,450,449,99.78,94.14,98.99,92.98,NONE-Clean Run,No significant fault events,1117.2,3.0,1120.2,415.1
2026-06-20,Night,Line 1,WMP 1kg Pouch,18000,13398,12664,734,5.48,30,50,450,400,88.89,83.74,94.52,70.36,F02-Checkweigher Drift,Dynamic scale calibration offset,2348.8,100.0,2448.8,372.5
2026-06-20,Night,Line 2,SMP 25kg Bulk Bag,2400,2419,2401,18,0.78,45,0,435,435,100.0,100.79,99.26,100.04,NONE-Clean Run,No significant fault events,873.0,0.0,873.0,569.0
2026-06-20,Night,Line 3,NZ Gold 500g Canister,12000,11737,11572,165,1.41,60,4,420,416,99.05,98.75,98.59,96.43,NONE-Clean Run,No significant fault events,1617.0,12.0,1629.0,379.7
2026-06-21,Morning,Line 1,WMP 1kg Pouch,18000,17018,16771,247,1.45,60,13,420,407,96.9,97.56,98.55,93.16,F03-Auger Hopper Clog,Powder bridging in dosing funnel,790.4,26.0,816.4,374.8
2026-06-21,Morning,Line 2,SMP 25kg Bulk Bag,2400,2267,2240,27,1.2,30,4,450,446,99.11,95.31,98.81,93.34,NONE-Clean Run,No significant fault events,1309.5,16.67,1326.17,588.4
2026-06-21,Morning,Line 3,NZ Gold 500g Canister,12000,8541,8112,429,5.03,30,72,450,378,84.0,84.73,94.98,67.6,F05-Carton Erector,Carton feed vacuum cup failure,4204.2,216.0,4420.2,355.7
2026-06-21,Afternoon,Line 1,WMP 1kg Pouch,18000,18173,17991,182,1.0,30,4,450,446,99.11,101.87,99.0,99.95,NONE-Clean Run,No significant fault events,582.4,8.0,590.4,406.3
2026-06-21,Afternoon,Line 2,SMP 25kg Bulk Bag,2400,2251,2230,21,0.93,30,2,450,448,99.56,94.21,99.07,92.92,NONE-Clean Run,No significant fault events,1018.5,8.33,1026.83,581.3
2026-06-21,Afternoon,Line 3,NZ Gold 500g Canister,12000,10690,10592,98,0.92,60,25,420,395,94.05,94.72,99.08,88.26,F06-Coding Printer Error,Laser / Inkjet date-code illegible,960.4,75.0,1035.4,373.2
2026-06-21,Night,Line 1,WMP 1kg Pouch,18000,17826,17698,128,0.72,30,6,450,444,98.67,100.37,99.28,98.32,NONE-Clean Run,No significant fault events,409.6,12.0,421.6,407.8
2026-06-21,Night,Line 2,SMP 25kg Bulk Bag,2400,1860,1808,52,2.8,60,50,420,370,88.1,87.97,97.2,75.33,F04-Palletizer Sync,Case packer / robotic palletizer jam,2522.0,208.33,2730.33,486.9
2026-06-21,Night,Line 3,NZ Gold 500g Canister,12000,8702,8266,436,5.02,45,65,435,370,85.06,85.26,94.99,68.89,F02-Checkweigher Drift,Dynamic scale calibration offset,4272.8,195.0,4467.8,338.7
2026-06-22,Morning,Line 1,WMP 1kg Pouch,18000,12156,11535,621,5.11,60,90,420,330,78.57,85.95,94.89,64.08,F01-Sealer Jam,Sealing jaw film jamming / temp drop,1987.2,180.0,2167.2,320.1
2026-06-22,Morning,Line 2,SMP 25kg Bulk Bag,2400,2247,2229,18,0.82,60,10,420,410,97.62,95.91,99.2,92.88,F03-Auger Hopper Clog,Powder bridging in dosing funnel,873.0,41.67,914.67,545.7
2026-06-22,Morning,Line 3,NZ Gold 500g Canister,12000,7552,7197,355,4.7,60,98,420,322,76.67,82.09,95.3,59.98,F05-Carton Erector,Carton feed vacuum cup failure,3479.0,294.0,3773.0,307.5
2026-06-22,Afternoon,Line 1,WMP 1kg Pouch,18000,16967,16783,184,1.09,30,0,450,450,100.0,94.26,98.92,93.24,NONE-Clean Run,No significant fault events,588.8,0.0,588.8,409.1
2026-06-22,Afternoon,Line 2,SMP 25kg Bulk Bag,2400,2248,2213,35,1.58,30,9,450,441,98.0,95.58,98.44,92.21,NONE-Clean Run,No significant fault events,1697.5,37.5,1735.0,575.5
2026-06-22,Afternoon,Line 3,NZ Gold 500g Canister,12000,8141,7654,487,5.98,30,80,450,370,82.22,82.51,94.02,63.78,F02-Checkweigher Drift,Dynamic scale calibration offset,4772.6,240.0,5012.6,350.6
2026-06-22,Night,Line 1,WMP 1kg Pouch,18000,17384,17143,241,1.39,45,16,435,419,96.32,100.27,98.61,95.24,F02-Checkweigher Drift,Dynamic scale calibration offset,771.2,32.0,803.2,383.5
2026-06-22,Night,Line 2,SMP 25kg Bulk Bag,2400,2310,2274,36,1.56,45,7,435,428,98.39,97.82,98.44,94.74,NONE-Clean Run,No significant fault events,1746.0,29.17,1775.17,575.7
2026-06-22,Night,Line 3,NZ Gold 500g Canister,12000,8447,8024,423,5.01,30,85,450,365,81.11,86.78,94.99,66.86,F05-Carton Erector,Carton feed vacuum cup failure,4145.4,255.0,4400.4,339.7
2026-06-23,Morning,Line 1,WMP 1kg Pouch,18000,17966,17694,272,1.52,45,5,435,430,98.85,100.97,98.49,98.3,NONE-Clean Run,No significant fault events,870.4,10.0,880.4,391.2
2026-06-23,Morning,Line 2,SMP 25kg Bulk Bag,2400,1851,1779,72,3.93,30,53,450,397,88.22,87.42,96.11,74.12,F03-Auger Hopper Clog,Powder bridging in dosing funnel,3492.0,220.83,3712.83,522.2
2026-06-23,Morning,Line 3,NZ Gold 500g Canister,12000,11979,11869,110,0.92,30,4,450,446,99.11,100.72,99.08,98.91,NONE-Clean Run,No significant fault events,1078.0,12.0,1090.0,406.7
2026-06-23,Afternoon,Line 1,WMP 1kg Pouch,18000,17666,17378,288,1.63,30,4,450,446,99.11,99.02,98.37,96.54,NONE-Clean Run,No significant fault events,921.6,8.0,929.6,411.2
2026-06-23,Afternoon,Line 2,SMP 25kg Bulk Bag,2400,2235,2205,30,1.35,45,5,435,430,98.85,94.21,98.66,91.88,NONE-Clean Run,No significant fault events,1455.0,20.83,1475.83,569.8
2026-06-23,Afternoon,Line 3,NZ Gold 500g Canister,12000,11723,11539,184,1.57,30,7,450,443,98.44,99.24,98.43,96.16,NONE-Clean Run,No significant fault events,1803.2,21.0,1824.2,398.0
2026-06-23,Night,Line 1,WMP 1kg Pouch,18000,17425,17155,270,1.55,30,2,450,448,99.56,97.24,98.45,95.31,NONE-Clean Run,No significant fault events,864.0,4.0,868.0,400.7
2026-06-23,Night,Line 2,SMP 25kg Bulk Bag,2400,2319,2290,29,1.26,45,3,435,432,99.31,97.3,98.75,95.42,NONE-Clean Run,No significant fault events,1406.5,12.5,1419.0,567.9
2026-06-23,Night,Line 3,NZ Gold 500g Canister,12000,11730,11574,156,1.34,30,7,450,443,98.44,99.29,98.67,96.44,NONE-Clean Run,No significant fault events,1528.8,21.0,1549.8,400.7
2026-06-24,Morning,Line 1,WMP 1kg Pouch,18000,18074,17869,205,1.14,30,2,450,448,99.56,100.86,98.87,99.28,NONE-Clean Run,No significant fault events,656.0,4.0,660.0,408.5
2026-06-24,Morning,Line 2,SMP 25kg Bulk Bag,2400,2414,2391,23,0.96,45,2,435,433,99.54,101.05,99.05,99.63,NONE-Clean Run,No significant fault events,1115.5,8.33,1123.83,569.1
2026-06-24,Morning,Line 3,NZ Gold 500g Canister,12000,11318,11156,162,1.44,30,4,450,446,99.11,95.16,98.57,92.96,NONE-Clean Run,No significant fault events,1587.6,12.0,1599.6,417.7
2026-06-24,Afternoon,Line 1,WMP 1kg Pouch,18000,17664,17467,197,1.12,60,3,420,417,99.29,98.84,98.88,97.04,NONE-Clean Run,No significant fault events,630.4,6.0,636.4,377.3
2026-06-24,Afternoon,Line 2,SMP 25kg Bulk Bag,2400,2357,2329,28,1.19,30,12,450,438,97.33,100.9,98.81,97.04,F04-Palletizer Sync,Case packer / robotic palletizer jam,1358.0,50.0,1408.0,583.5
2026-06-24,Afternoon,Line 3,NZ Gold 500g Canister,12000,11304,11197,107,0.95,30,1,450,449,99.78,94.41,99.05,93.31,NONE-Clean Run,No significant fault events,1048.6,3.0,1051.6,420.7
2026-06-24,Night,Line 1,WMP 1kg Pouch,18000,13540,12978,562,4.15,45,58,435,377,86.67,86.79,95.85,72.1,F02-Checkweigher Drift,Dynamic scale calibration offset,1798.4,116.0,1914.4,347.1
2026-06-24,Night,Line 2,SMP 25kg Bulk Bag,2400,1965,1888,77,3.97,45,27,435,408,93.79,87.29,96.08,78.66,F04-Palletizer Sync,Case packer / robotic palletizer jam,3734.5,112.5,3847.0,542.1
2026-06-24,Night,Line 3,NZ Gold 500g Canister,12000,9113,8632,481,5.28,30,41,450,409,90.89,83.55,94.72,71.93,F02-Checkweigher Drift,Dynamic scale calibration offset,4713.8,123.0,4836.8,379.7
2026-06-25,Morning,Line 1,WMP 1kg Pouch,18000,18247,17987,260,1.43,30,2,450,448,99.56,101.82,98.58,99.93,NONE-Clean Run,No significant fault events,832.0,4.0,836.0,407.9
2026-06-25,Morning,Line 2,SMP 25kg Bulk Bag,2400,2353,2336,17,0.73,30,15,450,435,96.67,101.42,99.28,97.34,F01-Sealer Jam,Sealing jaw film jamming / temp drop,824.5,62.5,887.0,571.9
2026-06-25,Morning,Line 3,NZ Gold 500g Canister,12000,11631,11466,165,1.42,45,1,435,434,99.77,97.15,98.58,95.55,NONE-Clean Run,No significant fault events,1617.0,3.0,1620.0,393.3
2026-06-25,Afternoon,Line 1,WMP 1kg Pouch,18000,17505,17195,310,1.77,45,0,435,435,100.0,97.25,98.23,95.53,NONE-Clean Run,No significant fault events,992.0,0.0,992.0,399.5
2026-06-25,Afternoon,Line 2,SMP 25kg Bulk Bag,2400,2390,2354,36,1.51,60,6,420,414,98.57,101.03,98.49,98.08,NONE-Clean Run,No significant fault events,1746.0,25.0,1771.0,538.4
2026-06-25,Afternoon,Line 3,NZ Gold 500g Canister,12000,11807,11684,123,1.05,45,11,435,424,97.47,100.94,98.96,97.36,F01-Sealer Jam,Sealing jaw film jamming / temp drop,1205.4,33.0,1238.4,384.5
2026-06-25,Night,Line 1,WMP 1kg Pouch,18000,17510,17325,185,1.06,30,8,450,442,98.22,99.04,98.94,96.25,NONE-Clean Run,No significant fault events,592.0,16.0,608.0,409.5
2026-06-25,Night,Line 2,SMP 25kg Bulk Bag,2400,2304,2275,29,1.3,30,7,450,443,98.44,97.52,98.74,94.79,NONE-Clean Run,No significant fault events,1406.5,29.17,1435.67,591.7
2026-06-25,Night,Line 3,NZ Gold 500g Canister,12000,11982,11814,168,1.41,30,1,450,449,99.78,100.07,98.6,98.45,NONE-Clean Run,No significant fault events,1646.4,3.0,1649.4,424.9
2026-06-26,Morning,Line 1,WMP 1kg Pouch,18000,16677,16498,179,1.08,60,19,420,401,95.48,97.04,98.93,91.66,F05-Carton Erector,Carton feed vacuum cup failure,572.8,38.0,610.8,371.0
2026-06-26,Morning,Line 2,SMP 25kg Bulk Bag,2400,2370,2338,32,1.37,30,6,450,444,98.67,100.08,98.65,97.42,NONE-Clean Run,No significant fault events,1552.0,25.0,1577.0,585.8
2026-06-26,Morning,Line 3,NZ Gold 500g Canister,12000,8847,8598,249,2.83,60,70,420,350,83.33,88.47,97.19,71.65,F02-Checkweigher Drift,Dynamic scale calibration offset,2440.2,210.0,2650.2,328.7
2026-06-26,Afternoon,Line 1,WMP 1kg Pouch,18000,12736,12228,508,4.0,60,62,420,358,85.24,83.01,96.01,67.93,F06-Coding Printer Error,Laser / Inkjet date-code illegible,1625.6,124.0,1749.6,327.9
2026-06-26,Afternoon,Line 2,SMP 25kg Bulk Bag,2400,2212,2183,29,1.34,30,12,450,438,97.33,94.69,98.69,90.95,F03-Auger Hopper Clog,Powder bridging in dosing funnel,1406.5,50.0,1456.5,575.1
2026-06-26,Afternoon,Line 3,NZ Gold 500g Canister,12000,10795,10705,90,0.83,45,25,435,410,94.25,95.44,99.17,89.21,F02-Checkweigher Drift,Dynamic scale calibration offset,882.0,75.0,957.0,373.2
2026-06-26,Night,Line 1,WMP 1kg Pouch,18000,17289,17061,228,1.32,45,0,435,435,100.0,96.05,98.68,94.78,NONE-Clean Run,No significant fault events,729.6,0.0,729.6,400.8
2026-06-26,Night,Line 2,SMP 25kg Bulk Bag,2400,2284,2259,25,1.11,60,13,420,407,96.9,98.21,98.91,94.13,F01-Sealer Jam,Sealing jaw film jamming / temp drop,1212.5,54.17,1266.67,539.6
2026-06-26,Night,Line 3,NZ Gold 500g Canister,12000,11412,11311,101,0.89,45,8,435,427,98.16,96.88,99.11,94.25,NONE-Clean Run,No significant fault events,989.8,24.0,1013.8,402.9
2026-06-27,Morning,Line 1,WMP 1kg Pouch,18000,17107,16940,167,0.98,60,6,420,414,98.57,96.42,99.02,94.11,NONE-Clean Run,No significant fault events,534.4,12.0,546.4,384.7
2026-06-27,Morning,Line 2,SMP 25kg Bulk Bag,2400,2308,2281,27,1.2,45,11,435,424,97.47,98.66,98.83,95.04,F02-Checkweigher Drift,Dynamic scale calibration offset,1309.5,45.83,1355.33,561.1
2026-06-27,Morning,Line 3,NZ Gold 500g Canister,12000,10925,10838,87,0.81,30,15,450,435,96.67,94.18,99.2,90.32,F05-Carton Erector,Carton feed vacuum cup failure,852.6,45.0,897.6,404.1
2026-06-27,Afternoon,Line 1,WMP 1kg Pouch,18000,17513,17276,237,1.35,45,3,435,432,99.31,97.97,98.65,95.98,NONE-Clean Run,No significant fault events,758.4,6.0,764.4,403.7
2026-06-27,Afternoon,Line 2,SMP 25kg Bulk Bag,2400,1930,1829,101,5.24,60,40,420,380,90.48,88.88,94.77,76.21,F04-Palletizer Sync,Case packer / robotic palletizer jam,4898.5,166.67,5065.17,514.2
2026-06-27,Afternoon,Line 3,NZ Gold 500g Canister,12000,8515,8198,317,3.73,60,60,420,360,85.71,82.78,96.28,68.31,F05-Carton Erector,Carton feed vacuum cup failure,3106.6,180.0,3286.6,335.3
2026-06-27,Night,Line 1,WMP 1kg Pouch,18000,17208,17027,181,1.06,30,1,450,449,99.78,95.81,98.95,94.6,NONE-Clean Run,No significant fault events,579.2,2.0,581.2,406.3
2026-06-27,Night,Line 2,SMP 25kg Bulk Bag,2400,1851,1785,66,3.59,45,51,435,384,88.28,87.37,96.43,74.38,F03-Auger Hopper Clog,Powder bridging in dosing funnel,3201.0,212.5,3413.5,512.5
2026-06-27,Night,Line 3,NZ Gold 500g Canister,12000,12149,11975,174,1.44,45,3,435,432,99.31,101.94,98.57,99.79,NONE-Clean Run,No significant fault events,1705.2,9.0,1714.2,399.8
2026-06-28,Morning,Line 1,WMP 1kg Pouch,18000,17347,17162,185,1.07,45,10,435,425,97.7,98.64,98.93,95.34,F06-Coding Printer Error,Laser / Inkjet date-code illegible,592.0,20.0,612.0,396.6
2026-06-28,Morning,Line 2,SMP 25kg Bulk Bag,2400,2236,2201,35,1.6,30,4,450,446,99.11,94.0,98.43,91.7,NONE-Clean Run,No significant fault events,1697.5,16.67,1714.17,588.7
2026-06-28,Morning,Line 3,NZ Gold 500g Canister,12000,11268,11142,126,1.12,30,5,450,445,98.89,94.96,98.88,92.85,NONE-Clean Run,No significant fault events,1234.8,15.0,1249.8,410.3
2026-06-28,Afternoon,Line 1,WMP 1kg Pouch,18000,18054,17877,177,0.98,30,0,450,450,100.0,100.3,99.02,99.32,NONE-Clean Run,No significant fault events,566.4,0.0,566.4,413.8
2026-06-28,Afternoon,Line 2,SMP 25kg Bulk Bag,2400,2241,2222,19,0.88,60,5,420,415,98.81,94.5,99.15,92.58,NONE-Clean Run,No significant fault events,921.5,20.83,942.33,546.5
2026-06-28,Afternoon,Line 3,NZ Gold 500g Canister,12000,11690,11578,112,0.96,30,3,450,447,99.33,98.07,99.04,96.48,NONE-Clean Run,No significant fault events,1097.6,9.0,1106.6,405.6
2026-06-28,Night,Line 1,WMP 1kg Pouch,18000,13144,12523,621,4.73,60,63,420,357,85.0,85.91,95.28,69.58,F01-Sealer Jam,Sealing jaw film jamming / temp drop,1987.2,126.0,2113.2,332.9
2026-06-28,Night,Line 2,SMP 25kg Bulk Bag,2400,2352,2320,32,1.39,45,6,435,429,98.62,99.37,98.64,96.67,NONE-Clean Run,No significant fault events,1552.0,25.0,1577.0,573.7
2026-06-28,Night,Line 3,NZ Gold 500g Canister,12000,8573,8239,334,3.9,30,59,450,391,86.89,82.22,96.1,68.65,F05-Carton Erector,Carton feed vacuum cup failure,3273.2,177.0,3450.2,360.6
2026-06-29,Morning,Line 1,WMP 1kg Pouch,18000,17253,17108,145,0.85,60,21,420,399,95.0,100.89,99.16,95.04,F02-Checkweigher Drift,Dynamic scale calibration offset,464.0,42.0,506.0,366.5
2026-06-29,Morning,Line 2,SMP 25kg Bulk Bag,2400,2251,2217,34,1.54,60,7,420,413,98.33,95.38,98.49,92.37,NONE-Clean Run,No significant fault events,1649.0,29.17,1678.17,533.0
2026-06-29,Morning,Line 3,NZ Gold 500g Canister,12000,11409,11326,83,0.73,30,0,450,450,100.0,95.08,99.27,94.39,NONE-Clean Run,No significant fault events,813.4,0.0,813.4,410.3
2026-06-29,Afternoon,Line 1,WMP 1kg Pouch,18000,16598,16425,173,1.04,60,25,420,395,94.05,98.05,98.96,91.26,F04-Palletizer Sync,Case packer / robotic palletizer jam,553.6,50.0,603.6,361.3
2026-06-29,Afternoon,Line 2,SMP 25kg Bulk Bag,2400,2248,2217,31,1.42,45,7,435,428,98.39,95.2,98.62,92.37,NONE-Clean Run,No significant fault events,1503.5,29.17,1532.67,562.9
2026-06-29,Afternoon,Line 3,NZ Gold 500g Canister,12000,12126,12034,92,0.76,30,4,450,446,99.11,101.96,99.24,100.28,NONE-Clean Run,No significant fault events,901.6,12.0,913.6,407.5
2026-06-29,Night,Line 1,WMP 1kg Pouch,18000,13556,13121,435,3.21,60,48,420,372,88.57,85.03,96.79,72.89,F01-Sealer Jam,Sealing jaw film jamming / temp drop,1392.0,96.0,1488.0,349.1
2026-06-29,Night,Line 2,SMP 25kg Bulk Bag,2400,2170,2150,20,0.96,30,25,450,425,94.44,95.74,99.08,89.59,F01-Sealer Jam,Sealing jaw film jamming / temp drop,970.0,104.17,1074.17,556.9
2026-06-29,Night,Line 3,NZ Gold 500g Canister,12000,11726,11628,98,0.84,30,15,450,435,96.67,101.09,99.16,96.9,F02-Checkweigher Drift,Dynamic scale calibration offset,960.4,45.0,1005.4,391.2
2026-06-30,Morning,Line 1,WMP 1kg Pouch,18000,17738,17539,199,1.13,30,14,450,436,96.89,101.71,98.88,97.44,F05-Carton Erector,Carton feed vacuum cup failure,636.8,28.0,664.8,397.7
2026-06-30,Morning,Line 2,SMP 25kg Bulk Bag,2400,1660,1576,84,5.12,30,79,450,371,82.44,83.89,94.94,65.66,F03-Auger Hopper Clog,Powder bridging in dosing funnel,4074.0,329.17,4403.17,493.3
2026-06-30,Morning,Line 3,NZ Gold 500g Canister,12000,11661,11455,206,1.77,45,14,435,421,96.78,100.41,98.23,95.46,F05-Carton Erector,Carton feed vacuum cup failure,2018.8,42.0,2060.8,386.7
2026-06-30,Afternoon,Line 1,WMP 1kg Pouch,18000,16909,16634,275,1.63,30,4,450,446,99.11,94.78,98.37,92.41,NONE-Clean Run,No significant fault events,880.0,8.0,888.0,409.7
2026-06-30,Afternoon,Line 2,SMP 25kg Bulk Bag,2400,2331,2296,35,1.51,30,3,450,447,99.33,97.78,98.5,95.67,NONE-Clean Run,No significant fault events,1697.5,12.5,1710.0,579.5
2026-06-30,Afternoon,Line 3,NZ Gold 500g Canister,12000,11462,11369,93,0.81,30,17,450,433,96.22,99.27,99.19,94.74,F01-Sealer Jam,Sealing jaw film jamming / temp drop,911.4,51.0,962.4,388.3
2026-06-30,Night,Line 1,WMP 1kg Pouch,18000,18259,18076,183,1.01,60,0,420,420,100.0,101.44,99.0,100.43,NONE-Clean Run,No significant fault events,585.6,0.0,585.6,390.0
2026-06-30,Night,Line 2,SMP 25kg Bulk Bag,2400,2283,2256,27,1.2,60,3,420,417,99.29,95.81,98.82,94.01,NONE-Clean Run,No significant fault events,1309.5,12.5,1322.0,546.8
2026-06-30,Night,Line 3,NZ Gold 500g Canister,12000,11295,11125,170,1.51,60,17,420,403,95.95,98.1,98.49,92.71,F05-Carton Erector,Carton feed vacuum cup failure,1666.0,51.0,1717.0,371.3
2026-07-01,Morning,Line 1,WMP 1kg Pouch,18000,16937,16806,131,0.78,30,0,450,450,100.0,94.09,99.23,93.37,NONE-Clean Run,No significant fault events,419.2,0.0,419.2,410.5
2026-07-01,Morning,Line 2,SMP 25kg Bulk Bag,2400,2306,2283,23,1.03,60,3,420,417,99.29,96.77,99.0,95.12,NONE-Clean Run,No significant fault events,1115.5,12.5,1128.0,553.8
2026-07-01,Morning,Line 3,NZ Gold 500g Canister,12000,12013,11842,171,1.43,30,0,450,450,100.0,100.11,98.58,98.69,NONE-Clean Run,No significant fault events,1675.8,0.0,1675.8,415.8
2026-07-01,Afternoon,Line 1,WMP 1kg Pouch,18000,12709,12189,520,4.1,30,72,450,378,84.0,84.05,95.91,67.71,F02-Checkweigher Drift,Dynamic scale calibration offset,1664.0,144.0,1808.0,348.6
2026-07-01,Afternoon,Line 2,SMP 25kg Bulk Bag,2400,2290,2250,40,1.76,30,11,450,439,97.56,97.81,98.25,93.75,F01-Sealer Jam,Sealing jaw film jamming / temp drop,1940.0,45.83,1985.83,575.3
2026-07-01,Afternoon,Line 3,NZ Gold 500g Canister,12000,12163,12013,150,1.23,30,0,450,450,100.0,101.36,98.77,100.11,NONE-Clean Run,No significant fault events,1470.0,0.0,1470.0,413.4
2026-07-01,Night,Line 1,WMP 1kg Pouch,18000,17040,16913,127,0.75,45,1,435,434,99.77,94.88,99.25,93.95,NONE-Clean Run,No significant fault events,406.4,2.0,408.4,393.1
2026-07-01,Night,Line 2,SMP 25kg Bulk Bag,2400,2293,2273,20,0.88,30,3,450,447,99.33,96.18,99.13,94.7,NONE-Clean Run,No significant fault events,970.0,12.5,982.5,587.4
2026-07-01,Night,Line 3,NZ Gold 500g Canister,12000,12087,12001,86,0.71,60,5,420,415,98.81,101.94,99.29,100.01,NONE-Clean Run,No significant fault events,842.8,15.0,857.8,375.9
2026-07-02,Morning,Line 1,WMP 1kg Pouch,18000,16992,16755,237,1.4,60,6,420,414,98.57,95.77,98.61,93.09,NONE-Clean Run,No significant fault events,758.4,12.0,770.4,386.9
2026-07-02,Morning,Line 2,SMP 25kg Bulk Bag,2400,2233,2213,20,0.9,60,6,420,414,98.57,94.39,99.1,92.2,NONE-Clean Run,No significant fault events,970.0,25.0,995.0,552.4
2026-07-02,Morning,Line 3,NZ Gold 500g Canister,12000,11710,11612,98,0.84,30,10,450,440,97.78,99.8,99.16,96.76,F02-Checkweigher Drift,Dynamic scale calibration offset,960.4,30.0,990.4,398.0
2026-07-02,Afternoon,Line 1,WMP 1kg Pouch,18000,12921,12321,600,4.64,60,77,420,343,81.67,87.9,95.36,68.46,F02-Checkweigher Drift,Dynamic scale calibration offset,1920.0,154.0,2074.0,324.5
2026-07-02,Afternoon,Line 2,SMP 25kg Bulk Bag,2400,2390,2356,34,1.46,45,6,435,429,98.62,100.98,98.58,98.17,NONE-Clean Run,No significant fault events,1649.0,25.0,1674.0,571.2
2026-07-02,Afternoon,Line 3,NZ Gold 500g Canister,12000,11977,11861,116,0.97,30,0,450,450,100.0,99.81,99.03,98.84,NONE-Clean Run,No significant fault events,1136.8,0.0,1136.8,413.4
2026-07-02,Night,Line 1,WMP 1kg Pouch,18000,13093,12480,613,4.69,60,78,420,342,81.43,89.33,95.32,69.34,F01-Sealer Jam,Sealing jaw film jamming / temp drop,1961.6,156.0,2117.6,321.5
2026-07-02,Night,Line 2,SMP 25kg Bulk Bag,2400,1774,1725,49,2.82,45,76,435,359,82.53,89.56,97.24,71.87,F03-Auger Hopper Clog,Powder bridging in dosing funnel,2376.5,316.67,2693.17,477.8
2026-07-02,Night,Line 3,NZ Gold 500g Canister,12000,11607,11404,203,1.75,30,1,450,449,99.78,96.94,98.25,95.03,NONE-Clean Run,No significant fault events,1989.4,3.0,1992.4,404.8
2026-07-03,Morning,Line 1,WMP 1kg Pouch,18000,16854,16665,189,1.12,30,25,450,425,94.44,99.14,98.88,92.58,F04-Palletizer Sync,Case packer / robotic palletizer jam,604.8,50.0,654.8,387.8
2026-07-03,Morning,Line 2,SMP 25kg Bulk Bag,2400,2251,2219,32,1.43,45,1,435,434,99.77,94.01,98.58,92.46,NONE-Clean Run,No significant fault events,1552.0,4.17,1556.17,568.8
2026-07-03,Morning,Line 3,NZ Gold 500g Canister,12000,10938,10785,153,1.41,30,16,450,434,96.44,94.51,98.6,89.87,F05-Carton Erector,Carton feed vacuum cup failure,1499.4,48.0,1547.4,395.1
2026-07-03,Afternoon,Line 1,WMP 1kg Pouch,18000,17647,17407,240,1.36,45,6,435,429,98.62,99.41,98.64,96.7,NONE-Clean Run,No significant fault events,768.0,12.0,780.0,390.1
2026-07-03,Afternoon,Line 2,SMP 25kg Bulk Bag,2400,2320,2303,17,0.76,60,0,420,420,100.0,96.67,99.27,95.96,NONE-Clean Run,No significant fault events,824.5,0.0,824.5,558.1
2026-07-03,Afternoon,Line 3,NZ Gold 500g Canister,12000,11106,10975,131,1.18,45,12,435,423,97.24,95.18,98.82,91.46,F03-Auger Hopper Clog,Powder bridging in dosing funnel,1283.8,36.0,1319.8,384.8
2026-07-03,Night,Line 1,WMP 1kg Pouch,18000,15784,14948,836,5.3,30,21,450,429,95.33,91.98,94.7,83.04,F01-Sealer Jam,Sealing jaw film jamming / temp drop,2675.2,42.0,2717.2,394.1
2026-07-03,Night,Line 2,SMP 25kg Bulk Bag,2400,2381,2347,34,1.45,30,12,450,438,97.33,101.93,98.57,97.79,F03-Auger Hopper Clog,Powder bridging in dosing funnel,1649.0,50.0,1699.0,578.5
2026-07-03,Night,Line 3,NZ Gold 500g Canister,12000,10986,10887,99,0.9,45,24,435,411,94.48,96.9,99.1,90.73,F05-Carton Erector,Carton feed vacuum cup failure,970.2,72.0,1042.2,379.5
2026-07-04,Morning,Line 1,WMP 1kg Pouch,18000,18095,17883,212,1.17,30,2,450,448,99.56,100.98,98.83,99.36,NONE-Clean Run,No significant fault events,678.4,4.0,682.4,399.6
2026-07-04,Morning,Line 2,SMP 25kg Bulk Bag,2400,2323,2283,40,1.73,60,12,420,408,97.14,99.64,98.28,95.13,F02-Checkweigher Drift,Dynamic scale calibration offset,1940.0,50.0,1990.0,537.2
2026-07-04,Morning,Line 3,NZ Gold 500g Canister,12000,11105,10934,171,1.54,60,12,420,408,97.14,95.26,98.46,91.11,F04-Palletizer Sync,Case packer / robotic palletizer jam,1675.8,36.0,1711.8,377.1
2026-07-04,Afternoon,Line 1,WMP 1kg Pouch,18000,12539,12159,380,3.03,45,68,435,367,84.37,82.57,96.97,67.55,F06-Coding Printer Error,Laser / Inkjet date-code illegible,1216.0,136.0,1352.0,349.7
2026-07-04,Afternoon,Line 2,SMP 25kg Bulk Bag,2400,2293,2255,38,1.7,30,2,450,448,99.56,95.97,98.34,93.96,NONE-Clean Run,No significant fault events,1843.0,8.33,1851.33,592.2
2026-07-04,Afternoon,Line 3,NZ Gold 500g Canister,12000,11312,11173,139,1.24,30,0,450,450,100.0,94.27,98.77,93.11,NONE-Clean Run,No significant fault events,1362.2,0.0,1362.2,406.0
2026-07-04,Night,Line 1,WMP 1kg Pouch,18000,17473,17249,224,1.29,30,1,450,449,99.78,97.29,98.72,95.83,NONE-Clean Run,No significant fault events,716.8,2.0,718.8,412.9
2026-07-04,Night,Line 2,SMP 25kg Bulk Bag,2400,2206,2190,16,0.76,30,25,450,425,94.44,97.32,99.27,91.24,F05-Carton Erector,Carton feed vacuum cup failure,776.0,104.17,880.17,558.6
2026-07-04,Night,Line 3,NZ Gold 500g Canister,12000,11310,11213,97,0.86,30,25,450,425,94.44,99.79,99.14,93.43,F02-Checkweigher Drift,Dynamic scale calibration offset,950.6,75.0,1025.6,387.2
2026-07-05,Morning,Line 1,WMP 1kg Pouch,18000,16185,16052,133,0.83,30,25,450,425,94.44,95.21,99.18,89.18,F05-Carton Erector,Carton feed vacuum cup failure,425.6,50.0,475.6,384.7
2026-07-05,Morning,Line 2,SMP 25kg Bulk Bag,2400,2202,2174,28,1.28,30,15,450,435,96.67,94.91,98.73,90.58,F01-Sealer Jam,Sealing jaw film jamming / temp drop,1358.0,62.5,1420.5,574.1
2026-07-05,Morning,Line 3,NZ Gold 500g Canister,12000,11563,11472,91,0.79,30,6,450,444,98.67,97.66,99.21,95.6,NONE-Clean Run,No significant fault events,891.8,18.0,909.8,408.7
2026-07-05,Afternoon,Line 1,WMP 1kg Pouch,18000,14132,13424,708,5.01,30,46,450,404,89.78,87.45,94.99,74.58,F01-Sealer Jam,Sealing jaw film jamming / temp drop,2265.6,92.0,2357.6,383.3
2026-07-05,Afternoon,Line 2,SMP 25kg Bulk Bag,2400,2338,2297,41,1.78,30,13,450,437,97.11,100.31,98.25,95.71,F02-Checkweigher Drift,Dynamic scale calibration offset,1988.5,54.17,2042.67,563.7
2026-07-05,Afternoon,Line 3,NZ Gold 500g Canister,12000,11176,11034,142,1.27,60,11,420,409,97.38,95.64,98.73,91.95,F04-Palletizer Sync,Case packer / robotic palletizer jam,1391.6,33.0,1424.6,377.0
2026-07-05,Night,Line 1,WMP 1kg Pouch,18000,17051,16755,296,1.74,60,16,420,404,96.19,98.48,98.26,93.08,F03-Auger Hopper Clog,Powder bridging in dosing funnel,947.2,32.0,979.2,375.0
2026-07-05,Night,Line 2,SMP 25kg Bulk Bag,2400,1668,1606,62,3.76,45,83,435,352,80.92,85.89,96.28,66.92,F04-Palletizer Sync,Case packer / robotic palletizer jam,3007.0,345.83,3352.83,469.8
2026-07-05,Night,Line 3,NZ Gold 500g Canister,12000,11467,11332,135,1.19,30,0,450,450,100.0,95.56,98.82,94.43,NONE-Clean Run,No significant fault events,1323.0,0.0,1323.0,416.0
2026-07-06,Morning,Line 1,WMP 1kg Pouch,18000,13193,12684,509,3.86,30,77,450,373,82.89,88.42,96.14,70.46,F01-Sealer Jam,Sealing jaw film jamming / temp drop,1628.8,154.0,1782.8,344.9
2026-07-06,Morning,Line 2,SMP 25kg Bulk Bag,2400,2336,2309,27,1.19,30,5,450,445,98.89,98.43,98.84,96.21,NONE-Clean Run,No significant fault events,1309.5,20.83,1330.33,585.9
2026-07-06,Morning,Line 3,NZ Gold 500g Canister,12000,11827,11679,148,1.26,30,1,450,449,99.78,98.78,98.75,97.33,NONE-Clean Run,No significant fault events,1450.4,3.0,1453.4,403.6
2026-07-06,Afternoon,Line 1,WMP 1kg Pouch,18000,17668,17484,184,1.04,30,10,450,440,97.78,100.39,98.96,97.14,F03-Auger Hopper Clog,Powder bridging in dosing funnel,588.8,20.0,608.8,403.7
2026-07-06,Afternoon,Line 2,SMP 25kg Bulk Bag,2400,2368,2349,19,0.83,30,5,450,445,98.89,99.78,99.2,97.88,NONE-Clean Run,No significant fault events,921.5,20.83,942.33,581.3
2026-07-06,Afternoon,Line 3,NZ Gold 500g Canister,12000,10664,10571,93,0.88,30,25,450,425,94.44,94.09,99.13,88.09,F03-Auger Hopper Clog,Powder bridging in dosing funnel,911.4,75.0,986.4,395.9
2026-07-06,Night,Line 1,WMP 1kg Pouch,18000,17189,16931,258,1.5,45,0,435,435,100.0,95.49,98.5,94.06,NONE-Clean Run,No significant fault events,825.6,0.0,825.6,410.9
2026-07-06,Night,Line 2,SMP 25kg Bulk Bag,2400,2283,2250,33,1.48,60,6,420,414,98.57,96.5,98.55,93.74,NONE-Clean Run,No significant fault events,1600.5,25.0,1625.5,553.4
2026-07-06,Night,Line 3,NZ Gold 500g Canister,12000,11472,11288,184,1.61,30,5,450,445,98.89,96.67,98.4,94.07,NONE-Clean Run,No significant fault events,1803.2,15.0,1818.2,405.4
2026-07-07,Morning,Line 1,WMP 1kg Pouch,18000,17018,16765,253,1.49,30,13,450,437,97.11,97.36,98.51,93.14,F06-Coding Printer Error,Laser / Inkjet date-code illegible,809.6,26.0,835.6,400.8
2026-07-07,Morning,Line 2,SMP 25kg Bulk Bag,2400,2376,2345,31,1.33,30,4,450,446,99.11,99.89,98.7,97.71,NONE-Clean Run,No significant fault events,1503.5,16.67,1520.17,587.3
2026-07-07,Morning,Line 3,NZ Gold 500g Canister,12000,11932,11845,87,0.73,60,2,420,418,99.52,99.91,99.27,98.7,NONE-Clean Run,No significant fault events,852.6,6.0,858.6,382.8
2026-07-07,Afternoon,Line 1,WMP 1kg Pouch,18000,18307,18047,260,1.42,30,1,450,449,99.78,101.93,98.58,100.26,NONE-Clean Run,No significant fault events,832.0,2.0,834.0,405.8
2026-07-07,Afternoon,Line 2,SMP 25kg Bulk Bag,2400,1675,1608,67,4.03,30,70,450,380,84.44,82.65,96.0,67.0,F04-Palletizer Sync,Case packer / robotic palletizer jam,3249.5,291.67,3541.17,504.1
2026-07-07,Afternoon,Line 3,NZ Gold 500g Canister,12000,11711,11517,194,1.66,45,11,435,424,97.47,100.12,98.34,95.97,F04-Palletizer Sync,Case packer / robotic palletizer jam,1901.2,33.0,1934.2,392.4
2026-07-07,Night,Line 1,WMP 1kg Pouch,18000,16776,16556,220,1.32,30,8,450,442,98.22,94.89,98.69,91.98,NONE-Clean Run,No significant fault events,704.0,16.0,720.0,409.1
2026-07-07,Night,Line 2,SMP 25kg Bulk Bag,2400,2362,2336,26,1.12,30,15,450,435,96.67,101.81,98.9,97.34,F06-Coding Printer Error,Laser / Inkjet date-code illegible,1261.0,62.5,1323.5,571.1
2026-07-07,Night,Line 3,NZ Gold 500g Canister,12000,11046,10865,181,1.64,30,20,450,430,95.56,96.33,98.36,90.54,F06-Coding Printer Error,Laser / Inkjet date-code illegible,1773.8,60.0,1833.8,389.3
2026-07-08,Morning,Line 1,WMP 1kg Pouch,18000,17263,16956,307,1.78,60,13,420,407,96.9,98.97,98.22,94.19,F04-Palletizer Sync,Case packer / robotic palletizer jam,982.4,26.0,1008.4,385.8
2026-07-08,Morning,Line 2,SMP 25kg Bulk Bag,2400,2258,2237,21,0.94,45,4,435,431,99.08,94.96,99.07,93.21,NONE-Clean Run,No significant fault events,1018.5,16.67,1035.17,571.9
2026-07-08,Morning,Line 3,NZ Gold 500g Canister,12000,11552,11400,152,1.32,30,0,450,450,100.0,96.27,98.68,95.0,NONE-Clean Run,No significant fault events,1489.6,0.0,1489.6,413.7
2026-07-08,Afternoon,Line 1,WMP 1kg Pouch,18000,13978,13170,808,5.78,45,39,435,396,91.03,85.3,94.22,73.16,F06-Coding Printer Error,Laser / Inkjet date-code illegible,2585.6,78.0,2663.6,369.6
2026-07-08,Afternoon,Line 2,SMP 25kg Bulk Bag,2400,2384,2361,23,0.99,60,4,420,416,99.05,100.29,99.04,98.38,NONE-Clean Run,No significant fault events,1115.5,16.67,1132.17,560.5
2026-07-08,Afternoon,Line 3,NZ Gold 500g Canister,12000,11694,11584,110,0.94,45,2,435,433,99.54,97.9,99.06,96.53,NONE-Clean Run,No significant fault events,1078.0,6.0,1084.0,397.3
2026-07-08,Night,Line 1,WMP 1kg Pouch,18000,16956,16660,296,1.75,30,0,450,450,100.0,94.2,98.25,92.55,NONE-Clean Run,No significant fault events,947.2,0.0,947.2,418.5
2026-07-08,Night,Line 2,SMP 25kg Bulk Bag,2400,1762,1693,69,3.96,45,53,435,382,87.82,83.6,96.08,70.54,F04-Palletizer Sync,Case packer / robotic palletizer jam,3346.5,220.83,3567.33,512.8
2026-07-08,Night,Line 3,NZ Gold 500g Canister,12000,11788,11604,184,1.57,30,4,450,446,99.11,99.11,98.44,96.7,NONE-Clean Run,No significant fault events,1803.2,12.0,1815.2,402.7
2026-07-09,Morning,Line 1,WMP 1kg Pouch,18000,16796,16503,293,1.75,30,25,450,425,94.44,98.8,98.26,91.68,F04-Palletizer Sync,Case packer / robotic palletizer jam,937.6,50.0,987.6,391.9
2026-07-09,Morning,Line 2,SMP 25kg Bulk Bag,2400,2262,2245,17,0.78,45,8,435,427,98.16,96.02,99.25,93.55,NONE-Clean Run,No significant fault events,824.5,33.33,857.83,560.2
2026-07-09,Morning,Line 3,NZ Gold 500g Canister,12000,9782,9185,597,6.1,30,20,450,430,95.56,85.31,93.9,76.55,F02-Checkweigher Drift,Dynamic scale calibration offset,5850.6,60.0,5910.6,387.0
2026-07-09,Afternoon,Line 1,WMP 1kg Pouch,18000,16889,16675,214,1.27,45,1,435,434,99.77,94.04,98.73,92.63,NONE-Clean Run,No significant fault events,684.8,2.0,686.8,396.8
2026-07-09,Afternoon,Line 2,SMP 25kg Bulk Bag,2400,2321,2302,19,0.82,30,0,450,450,100.0,96.71,99.18,95.92,NONE-Clean Run,No significant fault events,921.5,0.0,921.5,591.6
2026-07-09,Afternoon,Line 3,NZ Gold 500g Canister,12000,10995,10820,175,1.6,45,21,435,414,95.17,96.27,98.41,90.16,F01-Sealer Jam,Sealing jaw film jamming / temp drop,1715.0,63.0,1778.0,387.9
2026-07-09,Night,Line 1,WMP 1kg Pouch,18000,17210,17084,126,0.73,60,16,420,404,96.19,99.4,99.27,94.91,F01-Sealer Jam,Sealing jaw film jamming / temp drop,403.2,32.0,435.2,372.9
2026-07-09,Night,Line 2,SMP 25kg Bulk Bag,2400,1951,1848,103,5.28,60,44,420,376,89.52,90.8,94.72,76.99,F04-Palletizer Sync,Case packer / robotic palletizer jam,4995.5,183.33,5178.83,495.3
2026-07-09,Night,Line 3,NZ Gold 500g Canister,12000,11022,10846,176,1.6,45,10,435,425,97.7,94.01,98.4,90.38,F04-Palletizer Sync,Case packer / robotic palletizer jam,1724.8,30.0,1754.8,394.2
2026-07-10,Morning,Line 1,WMP 1kg Pouch,18000,12572,12056,516,4.11,45,84,435,351,80.69,86.56,95.9,66.98,F01-Sealer Jam,Sealing jaw film jamming / temp drop,1651.2,168.0,1819.2,335.3
2026-07-10,Morning,Line 2,SMP 25kg Bulk Bag,2400,1679,1628,51,3.07,30,82,450,368,81.78,85.55,96.96,67.84,F04-Palletizer Sync,Case packer / robotic palletizer jam,2473.5,341.67,2815.17,489.1
2026-07-10,Morning,Line 3,NZ Gold 500g Canister,12000,11595,11468,127,1.1,60,9,420,411,97.86,98.74,98.9,95.56,NONE-Clean Run,No significant fault events,1244.6,27.0,1271.6,379.8
2026-07-10,Afternoon,Line 1,WMP 1kg Pouch,18000,16975,16688,287,1.69,60,1,420,419,99.76,94.53,98.31,92.71,NONE-Clean Run,No significant fault events,918.4,2.0,920.4,389.0
2026-07-10,Afternoon,Line 2,SMP 25kg Bulk Bag,2400,1845,1763,82,4.45,45,54,435,381,87.59,87.77,95.56,73.46,F04-Palletizer Sync,Case packer / robotic palletizer jam,3977.0,225.0,4202.0,506.2
2026-07-10,Afternoon,Line 3,NZ Gold 500g Canister,12000,10372,9852,520,5.02,30,20,450,430,95.56,90.45,94.99,82.1,F05-Carton Erector,Carton feed vacuum cup failure,5096.0,60.0,5156.0,397.7
2026-07-10,Night,Line 1,WMP 1kg Pouch,18000,17041,16871,170,1.0,45,8,435,427,98.16,96.45,99.0,93.73,NONE-Clean Run,No significant fault events,544.0,16.0,560.0,390.3
2026-07-10,Night,Line 2,SMP 25kg Bulk Bag,2400,2237,2211,26,1.17,45,15,435,420,96.55,96.54,98.84,92.13,F01-Sealer Jam,Sealing jaw film jamming / temp drop,1261.0,62.5,1323.5,561.2
2026-07-10,Night,Line 3,NZ Gold 500g Canister,12000,11748,11575,173,1.48,45,7,435,428,98.39,99.5,98.53,96.46,NONE-Clean Run,No significant fault events,1695.4,21.0,1716.4,386.9
2026-07-11,Morning,Line 1,WMP 1kg Pouch,18000,13467,12932,535,3.98,30,47,450,403,89.56,83.54,96.03,71.85,F06-Coding Printer Error,Laser / Inkjet date-code illegible,1712.0,94.0,1806.0,372.6
2026-07-11,Morning,Line 2,SMP 25kg Bulk Bag,2400,2315,2289,26,1.15,45,0,435,435,100.0,96.46,98.88,95.38,NONE-Clean Run,No significant fault events,1261.0,0.0,1261.0,571.2
2026-07-11,Morning,Line 3,NZ Gold 500g Canister,12000,12144,12030,114,0.94,45,3,435,432,99.31,101.9,99.06,100.25,NONE-Clean Run,No significant fault events,1117.2,9.0,1126.2,405.1
2026-07-11,Afternoon,Line 1,WMP 1kg Pouch,18000,18308,18079,229,1.26,30,0,450,450,100.0,101.71,98.75,100.44,NONE-Clean Run,No significant fault events,732.8,0.0,732.8,407.7
2026-07-11,Afternoon,Line 2,SMP 25kg Bulk Bag,2400,1896,1842,54,2.88,30,53,450,397,88.22,89.55,97.15,76.75,F04-Palletizer Sync,Case packer / robotic palletizer jam,2619.0,220.83,2839.83,524.5
2026-07-11,Afternoon,Line 3,NZ Gold 500g Canister,12000,11174,11051,123,1.11,30,18,450,432,96.0,97.0,98.9,92.1,F05-Carton Erector,Carton feed vacuum cup failure,1205.4,54.0,1259.4,382.5
2026-07-11,Night,Line 1,WMP 1kg Pouch,18000,17138,16904,234,1.37,60,0,420,420,100.0,95.21,98.63,93.91,NONE-Clean Run,No significant fault events,748.8,0.0,748.8,379.9
2026-07-11,Night,Line 2,SMP 25kg Bulk Bag,2400,2304,2284,20,0.87,30,11,450,439,97.56,98.41,99.13,95.17,F05-Carton Erector,Carton feed vacuum cup failure,970.0,45.83,1015.83,584.7
2026-07-11,Night,Line 3,NZ Gold 500g Canister,12000,11412,11300,112,0.99,60,2,420,418,99.52,95.56,99.02,94.17,NONE-Clean Run,No significant fault events,1097.6,6.0,1103.6,385.7
2026-07-12,Morning,Line 1,WMP 1kg Pouch,18000,17644,17333,311,1.76,30,2,450,448,99.56,98.46,98.24,96.3,NONE-Clean Run,No significant fault events,995.2,4.0,999.2,413.2
2026-07-12,Morning,Line 2,SMP 25kg Bulk Bag,2400,2296,2268,28,1.24,30,7,450,443,98.44,97.18,98.78,94.5,NONE-Clean Run,No significant fault events,1358.0,29.17,1387.17,572.5
2026-07-12,Morning,Line 3,NZ Gold 500g Canister,12000,11677,11523,154,1.33,60,7,420,413,98.33,98.96,98.68,96.02,NONE-Clean Run,No significant fault events,1509.2,21.0,1530.2,378.2
2026-07-12,Afternoon,Line 1,WMP 1kg Pouch,18000,18064,17893,171,0.95,30,6,450,444,98.67,101.71,99.05,99.4,NONE-Clean Run,No significant fault events,547.2,12.0,559.2,398.8
2026-07-12,Afternoon,Line 2,SMP 25kg Bulk Bag,2400,2248,2211,37,1.66,60,6,420,414,98.57,95.02,98.35,92.12,NONE-Clean Run,No significant fault events,1794.5,25.0,1819.5,545.0
2026-07-12,Afternoon,Line 3,NZ Gold 500g Canister,12000,11742,11535,207,1.77,45,16,435,419,96.32,101.59,98.24,96.13,F04-Palletizer Sync,Case packer / robotic palletizer jam,2028.6,48.0,2076.6,386.6
2026-07-12,Night,Line 1,WMP 1kg Pouch,18000,13751,13137,614,4.47,45,54,435,381,87.59,87.22,95.53,72.98,F01-Sealer Jam,Sealing jaw film jamming / temp drop,1964.8,108.0,2072.8,363.0
2026-07-12,Night,Line 2,SMP 25kg Bulk Bag,2400,2288,2249,39,1.71,45,7,435,428,98.39,96.89,98.3,93.71,NONE-Clean Run,No significant fault events,1891.5,29.17,1920.67,566.3
2026-07-12,Night,Line 3,NZ Gold 500g Canister,12000,11866,11706,160,1.35,30,7,450,443,98.44,100.45,98.65,97.55,NONE-Clean Run,No significant fault events,1568.0,21.0,1589.0,405.9
2026-07-13,Morning,Line 1,WMP 1kg Pouch,18000,17841,17716,125,0.7,30,0,450,450,100.0,99.12,99.3,98.43,NONE-Clean Run,No significant fault events,400.0,0.0,400.0,404.9
2026-07-13,Morning,Line 2,SMP 25kg Bulk Bag,2400,2298,2258,40,1.77,30,0,450,450,100.0,95.75,98.26,94.08,NONE-Clean Run,No significant fault events,1940.0,0.0,1940.0,586.0
2026-07-13,Morning,Line 3,NZ Gold 500g Canister,12000,11368,11199,169,1.49,45,21,435,414,95.17,99.54,98.51,93.32,F06-Coding Printer Error,Laser / Inkjet date-code illegible,1656.2,63.0,1719.2,379.2
2026-07-13,Afternoon,Line 1,WMP 1kg Pouch,18000,18217,18048,169,0.93,30,2,450,448,99.56,101.66,99.07,100.27,NONE-Clean Run,No significant fault events,540.8,4.0,544.8,404.7
2026-07-13,Afternoon,Line 2,SMP 25kg Bulk Bag,2400,2266,2230,36,1.61,30,9,450,441,98.0,96.34,98.41,92.91,NONE-Clean Run,No significant fault events,1746.0,37.5,1783.5,581.8
2026-07-13,Afternoon,Line 3,NZ Gold 500g Canister,12000,11796,11615,181,1.54,30,11,450,439,97.56,100.76,98.47,96.8,F01-Sealer Jam,Sealing jaw film jamming / temp drop,1773.8,33.0,1806.8,404.8
2026-07-13,Night,Line 1,WMP 1kg Pouch,18000,13510,12945,565,4.18,45,40,435,395,90.8,82.66,95.82,71.92,F01-Sealer Jam,Sealing jaw film jamming / temp drop,1808.0,80.0,1888.0,365.9
2026-07-13,Night,Line 2,SMP 25kg Bulk Bag,2400,2062,1970,92,4.5,30,20,450,430,95.56,89.91,95.54,82.09,F04-Palletizer Sync,Case packer / robotic palletizer jam,4462.0,83.33,4545.33,567.1
2026-07-13,Night,Line 3,NZ Gold 500g Canister,12000,8960,8639,321,3.59,45,52,435,383,88.05,84.8,96.42,71.99,F02-Checkweigher Drift,Dynamic scale calibration offset,3145.8,156.0,3301.8,352.9
2026-07-14,Morning,Line 1,WMP 1kg Pouch,18000,17217,16925,292,1.7,60,4,420,416,99.05,96.57,98.3,94.03,NONE-Clean Run,No significant fault events,934.4,8.0,942.4,375.1
2026-07-14,Morning,Line 2,SMP 25kg Bulk Bag,2400,2342,2317,25,1.09,45,7,435,428,98.39,99.18,98.93,96.54,NONE-Clean Run,No significant fault events,1212.5,29.17,1241.67,562.9
2026-07-14,Morning,Line 3,NZ Gold 500g Canister,12000,11710,11571,139,1.19,30,5,450,445,98.89,98.68,98.81,96.42,NONE-Clean Run,No significant fault events,1362.2,15.0,1377.2,402.8
2026-07-14,Afternoon,Line 1,WMP 1kg Pouch,18000,16938,16763,175,1.03,45,10,435,425,97.7,96.31,98.97,93.13,F04-Palletizer Sync,Case packer / robotic palletizer jam,560.0,20.0,580.0,390.9
2026-07-14,Afternoon,Line 2,SMP 25kg Bulk Bag,2400,1884,1822,62,3.34,45,59,435,376,86.44,90.82,96.71,75.92,F04-Palletizer Sync,Case packer / robotic palletizer jam,3007.0,245.83,3252.83,503.3
2026-07-14,Afternoon,Line 3,NZ Gold 500g Canister,12000,11324,11195,129,1.14,60,2,420,418,99.52,94.82,98.86,93.29,NONE-Clean Run,No significant fault events,1264.2,6.0,1270.2,387.2
2026-07-14,Night,Line 1,WMP 1kg Pouch,18000,16689,16487,202,1.21,45,18,435,417,95.86,96.72,98.79,91.59,F02-Checkweigher Drift,Dynamic scale calibration offset,646.4,36.0,682.4,380.5
2026-07-14,Night,Line 2,SMP 25kg Bulk Bag,2400,1883,1794,89,4.74,60,58,420,362,86.19,91.03,95.27,74.75,F01-Sealer Jam,Sealing jaw film jamming / temp drop,4316.5,241.67,4558.17,479.1
2026-07-14,Night,Line 3,NZ Gold 500g Canister,12000,11842,11638,204,1.73,60,3,420,417,99.29,99.39,98.28,96.99,NONE-Clean Run,No significant fault events,1999.2,9.0,2008.2,387.3
2026-07-15,Morning,Line 1,WMP 1kg Pouch,18000,18137,17960,177,0.98,60,1,420,419,99.76,101.0,99.02,99.77,NONE-Clean Run,No significant fault events,566.4,2.0,568.4,385.8
2026-07-15,Morning,Line 2,SMP 25kg Bulk Bag,2400,2431,2396,35,1.44,30,1,450,449,99.78,101.52,98.56,99.84,NONE-Clean Run,No significant fault events,1697.5,4.17,1701.67,587.9
2026-07-15,Morning,Line 3,NZ Gold 500g Canister,12000,11649,11504,145,1.25,45,0,435,435,100.0,97.08,98.76,95.88,NONE-Clean Run,No significant fault events,1421.0,0.0,1421.0,389.3
2026-07-15,Afternoon,Line 1,WMP 1kg Pouch,18000,18029,17777,252,1.4,60,0,420,420,100.0,100.16,98.6,98.76,NONE-Clean Run,No significant fault events,806.4,0.0,806.4,387.1
2026-07-15,Afternoon,Line 2,SMP 25kg Bulk Bag,2400,2380,2341,39,1.66,30,3,450,447,99.33,99.83,98.36,97.53,NONE-Clean Run,No significant fault events,1891.5,12.5,1904.0,579.8
2026-07-15,Afternoon,Line 3,NZ Gold 500g Canister,12000,11122,11009,113,1.02,45,11,435,424,97.47,95.09,98.98,91.74,F05-Carton Erector,Carton feed vacuum cup failure,1107.4,33.0,1140.4,395.6
2026-07-15,Night,Line 1,WMP 1kg Pouch,18000,17053,16800,253,1.48,30,4,450,446,99.11,95.59,98.52,93.34,NONE-Clean Run,No significant fault events,809.6,8.0,817.6,410.9
2026-07-15,Night,Line 2,SMP 25kg Bulk Bag,2400,2261,2244,17,0.76,60,3,420,417,99.29,94.89,99.25,93.51,NONE-Clean Run,No significant fault events,824.5,12.5,837.0,541.7
2026-07-15,Night,Line 3,NZ Gold 500g Canister,12000,8524,8188,336,3.95,60,57,420,363,86.43,82.19,96.06,68.24,F02-Checkweigher Drift,Dynamic scale calibration offset,3292.8,171.0,3463.8,339.3
2026-07-16,Morning,Line 1,WMP 1kg Pouch,18000,16708,16482,226,1.35,30,6,450,444,98.67,94.08,98.65,91.58,NONE-Clean Run,No significant fault events,723.2,12.0,735.2,400.2
2026-07-16,Morning,Line 2,SMP 25kg Bulk Bag,2400,2290,2257,33,1.45,30,5,450,445,98.89,96.49,98.56,94.04,NONE-Clean Run,No significant fault events,1600.5,20.83,1621.33,587.6
2026-07-16,Morning,Line 3,NZ Gold 500g Canister,12000,11991,11905,86,0.72,45,1,435,434,99.77,100.16,99.28,99.21,NONE-Clean Run,No significant fault events,842.8,3.0,845.8,400.8
2026-07-16,Afternoon,Line 1,WMP 1kg Pouch,18000,12784,12275,509,3.98,60,72,420,348,82.86,85.72,96.02,68.2,F01-Sealer Jam,Sealing jaw film jamming / temp drop,1628.8,144.0,1772.8,324.7
2026-07-16,Afternoon,Line 2,SMP 25kg Bulk Bag,2400,2375,2333,42,1.77,30,8,450,442,98.22,100.75,98.23,97.21,NONE-Clean Run,No significant fault events,2037.0,33.33,2070.33,583.8
2026-07-16,Afternoon,Line 3,NZ Gold 500g Canister,12000,11447,11359,88,0.77,30,2,450,448,99.56,95.82,99.23,94.66,NONE-Clean Run,No significant fault events,862.4,6.0,868.4,411.8
2026-07-16,Night,Line 1,WMP 1kg Pouch,18000,17851,17715,136,0.76,30,11,450,439,97.56,101.66,99.24,98.43,F04-Palletizer Sync,Case packer / robotic palletizer jam,435.2,22.0,457.2,401.3
2026-07-16,Night,Line 2,SMP 25kg Bulk Bag,2400,1731,1670,61,3.57,60,59,420,361,85.95,83.91,96.48,69.58,F04-Palletizer Sync,Case packer / robotic palletizer jam,2958.5,245.83,3204.33,484.9
2026-07-16,Night,Line 3,NZ Gold 500g Canister,12000,11863,11675,188,1.59,45,1,435,434,99.77,99.09,98.42,97.3,NONE-Clean Run,No significant fault events,1842.4,3.0,1845.4,392.2
2026-07-17,Morning,Line 1,WMP 1kg Pouch,18000,18160,17964,196,1.08,30,2,450,448,99.56,101.34,98.92,99.8,NONE-Clean Run,No significant fault events,627.2,4.0,631.2,407.1
2026-07-17,Morning,Line 2,SMP 25kg Bulk Bag,2400,2257,2238,19,0.86,60,0,420,420,100.0,94.04,99.16,93.25,NONE-Clean Run,No significant fault events,921.5,0.0,921.5,544.8
2026-07-17,Morning,Line 3,NZ Gold 500g Canister,12000,11761,11555,206,1.75,45,1,435,434,99.77,98.23,98.25,96.29,NONE-Clean Run,No significant fault events,2018.8,3.0,2021.8,397.2
2026-07-17,Afternoon,Line 1,WMP 1kg Pouch,18000,14691,13877,814,5.54,45,25,435,410,94.25,86.59,94.46,77.09,F01-Sealer Jam,Sealing jaw film jamming / temp drop,2604.8,50.0,2654.8,366.9
2026-07-17,Afternoon,Line 2,SMP 25kg Bulk Bag,2400,2245,2225,20,0.93,30,4,450,446,99.11,94.38,99.11,92.71,NONE-Clean Run,No significant fault events,970.0,16.67,986.67,592.9
2026-07-17,Afternoon,Line 3,NZ Gold 500g Canister,12000,11572,11442,130,1.13,60,12,420,408,97.14,99.27,98.88,95.35,F03-Auger Hopper Clog,Powder bridging in dosing funnel,1274.0,36.0,1310.0,377.8
2026-07-17,Night,Line 1,WMP 1kg Pouch,18000,16371,16154,217,1.33,30,24,450,426,94.67,96.07,98.67,89.74,F06-Coding Printer Error,Laser / Inkjet date-code illegible,694.4,48.0,742.4,386.7
2026-07-17,Night,Line 2,SMP 25kg Bulk Bag,2400,2444,2411,33,1.38,30,0,450,450,100.0,101.83,98.65,100.46,NONE-Clean Run,No significant fault events,1600.5,0.0,1600.5,592.7
2026-07-17,Night,Line 3,NZ Gold 500g Canister,12000,11481,11281,200,1.75,60,25,420,395,94.05,101.73,98.26,94.01,F05-Carton Erector,Carton feed vacuum cup failure,1960.0,75.0,2035.0,363.1
2026-07-18,Morning,Line 1,WMP 1kg Pouch,18000,17406,17237,169,0.97,30,11,450,439,97.56,99.12,99.03,95.76,F04-Palletizer Sync,Case packer / robotic palletizer jam,540.8,22.0,562.8,396.4
2026-07-18,Morning,Line 2,SMP 25kg Bulk Bag,2400,2231,2216,15,0.71,45,5,435,430,98.85,94.04,99.33,92.34,NONE-Clean Run,No significant fault events,727.5,20.83,748.33,568.4
2026-07-18,Morning,Line 3,NZ Gold 500g Canister,12000,11442,11283,159,1.4,30,2,450,448,99.56,95.78,98.61,94.03,NONE-Clean Run,No significant fault events,1558.2,6.0,1564.2,412.8
2026-07-18,Afternoon,Line 1,WMP 1kg Pouch,18000,13973,13568,405,2.9,45,46,435,389,89.43,86.81,97.1,75.38,F01-Sealer Jam,Sealing jaw film jamming / temp drop,1296.0,92.0,1388.0,357.2
2026-07-18,Afternoon,Line 2,SMP 25kg Bulk Bag,2400,2249,2222,27,1.24,30,20,450,430,95.56,98.07,98.8,92.59,F03-Auger Hopper Clog,Powder bridging in dosing funnel,1309.5,83.33,1392.83,567.7
2026-07-18,Afternoon,Line 3,NZ Gold 500g Canister,12000,11335,11252,83,0.74,30,0,450,450,100.0,94.46,99.27,93.77,NONE-Clean Run,No significant fault events,813.4,0.0,813.4,401.5
2026-07-18,Night,Line 1,WMP 1kg Pouch,18000,17397,17166,231,1.33,45,3,435,432,99.31,97.32,98.67,95.36,NONE-Clean Run,No significant fault events,739.2,6.0,745.2,393.5
2026-07-18,Night,Line 2,SMP 25kg Bulk Bag,2400,2263,2245,18,0.81,60,16,420,404,96.19,98.03,99.2,93.54,F04-Palletizer Sync,Case packer / robotic palletizer jam,873.0,66.67,939.67,532.8
2026-07-18,Night,Line 3,NZ Gold 500g Canister,12000,11663,11507,156,1.34,60,4,420,416,99.05,98.13,98.66,95.9,NONE-Clean Run,No significant fault events,1528.8,12.0,1540.8,386.2
2026-07-19,Morning,Line 1,WMP 1kg Pouch,18000,18156,17851,305,1.68,45,3,435,432,99.31,101.57,98.32,99.17,NONE-Clean Run,No significant fault events,976.0,6.0,982.0,394.7
2026-07-19,Morning,Line 2,SMP 25kg Bulk Bag,2400,2342,2321,21,0.93,45,5,435,430,98.85,98.72,99.1,96.71,NONE-Clean Run,No significant fault events,1018.5,20.83,1039.33,570.6
2026-07-19,Morning,Line 3,NZ Gold 500g Canister,12000,11242,11085,157,1.4,30,15,450,435,96.67,96.91,98.6,92.37,F04-Palletizer Sync,Case packer / robotic palletizer jam,1538.6,45.0,1583.6,401.4
2026-07-19,Afternoon,Line 1,WMP 1kg Pouch,18000,14354,13929,425,2.96,30,48,450,402,89.33,89.27,97.04,77.38,F02-Checkweigher Drift,Dynamic scale calibration offset,1360.0,96.0,1456.0,368.3
2026-07-19,Afternoon,Line 2,SMP 25kg Bulk Bag,2400,2289,2272,17,0.75,60,4,420,416,99.05,96.29,99.26,94.67,NONE-Clean Run,No significant fault events,824.5,16.67,841.17,555.3
2026-07-19,Afternoon,Line 3,NZ Gold 500g Canister,12000,11677,11527,150,1.29,60,6,420,414,98.57,98.72,98.72,96.06,NONE-Clean Run,No significant fault events,1470.0,18.0,1488.0,380.3
2026-07-19,Night,Line 1,WMP 1kg Pouch,18000,13939,13544,395,2.83,45,45,435,390,89.66,86.37,97.17,75.25,F01-Sealer Jam,Sealing jaw film jamming / temp drop,1264.0,90.0,1354.0,359.0
2026-07-19,Night,Line 2,SMP 25kg Bulk Bag,2400,2351,2315,36,1.53,45,4,435,431,99.08,98.87,98.47,96.46,NONE-Clean Run,No significant fault events,1746.0,16.67,1762.67,562.4
2026-07-19,Night,Line 3,NZ Gold 500g Canister,12000,11346,11233,113,1.0,60,2,420,418,99.52,95.0,99.0,93.6,NONE-Clean Run,No significant fault events,1107.4,6.0,1113.4,377.5
2026-07-20,Morning,Line 1,WMP 1kg Pouch,18000,17476,17281,195,1.12,45,1,435,434,99.77,97.31,98.88,96.0,NONE-Clean Run,No significant fault events,624.0,2.0,626.0,394.9
2026-07-20,Morning,Line 2,SMP 25kg Bulk Bag,2400,1810,1721,89,4.94,45,57,435,378,86.9,86.79,95.08,71.71,F04-Palletizer Sync,Case packer / robotic palletizer jam,4316.5,237.5,4554.0,494.9
2026-07-20,Morning,Line 3,NZ Gold 500g Canister,12000,11607,11510,97,0.84,30,8,450,442,98.22,98.48,99.16,95.91,NONE-Clean Run,No significant fault events,950.6,24.0,974.6,407.2
2026-07-20,Afternoon,Line 1,WMP 1kg Pouch,18000,17026,16878,148,0.87,30,4,450,446,99.11,95.44,99.13,93.77,NONE-Clean Run,No significant fault events,473.6,8.0,481.6,411.6
2026-07-20,Afternoon,Line 2,SMP 25kg Bulk Bag,2400,2413,2393,20,0.84,30,1,450,449,99.78,100.77,99.17,99.71,NONE-Clean Run,No significant fault events,970.0,4.17,974.17,587.8
2026-07-20,Afternoon,Line 3,NZ Gold 500g Canister,12000,8847,8400,447,5.06,30,53,450,397,88.22,83.57,94.95,70.0,F02-Checkweigher Drift,Dynamic scale calibration offset,4380.6,159.0,4539.6,369.2
2026-07-20,Night,Line 1,WMP 1kg Pouch,18000,17371,17190,181,1.04,45,6,435,429,98.62,97.86,98.96,95.51,NONE-Clean Run,No significant fault events,579.2,12.0,591.2,391.0
2026-07-20,Night,Line 2,SMP 25kg Bulk Bag,2400,2317,2301,16,0.73,45,18,435,417,95.86,100.71,99.31,95.87,F01-Sealer Jam,Sealing jaw film jamming / temp drop,776.0,75.0,851.0,550.1
2026-07-20,Night,Line 3,NZ Gold 500g Canister,12000,11458,11311,147,1.29,30,13,450,437,97.11,98.32,98.72,94.26,F01-Sealer Jam,Sealing jaw film jamming / temp drop,1440.6,39.0,1479.6,401.9
2026-07-21,Morning,Line 1,WMP 1kg Pouch,18000,18101,17951,150,0.83,30,5,450,445,98.89,101.69,99.17,99.73,NONE-Clean Run,No significant fault events,480.0,10.0,490.0,408.1
2026-07-21,Morning,Line 2,SMP 25kg Bulk Bag,2400,2372,2348,24,1.05,60,7,420,413,98.33,100.51,98.99,97.83,NONE-Clean Run,No significant fault events,1164.0,29.17,1193.17,544.1
2026-07-21,Morning,Line 3,NZ Gold 500g Canister,12000,9083,8526,557,6.14,45,62,435,373,85.75,88.27,93.87,71.05,F06-Coding Printer Error,Laser / Inkjet date-code illegible,5458.6,186.0,5644.6,347.5
2026-07-21,Afternoon,Line 1,WMP 1kg Pouch,18000,14430,13568,862,5.98,30,32,450,418,92.89,86.3,94.03,75.38,F01-Sealer Jam,Sealing jaw film jamming / temp drop,2758.4,64.0,2822.4,382.2
2026-07-21,Afternoon,Line 2,SMP 25kg Bulk Bag,2400,2261,2237,24,1.09,60,2,420,418,99.52,94.66,98.94,93.21,NONE-Clean Run,No significant fault events,1164.0,8.33,1172.33,557.8
2026-07-21,Afternoon,Line 3,NZ Gold 500g Canister,12000,11953,11741,212,1.78,30,3,450,447,99.33,100.28,98.23,97.85,NONE-Clean Run,No significant fault events,2077.6,9.0,2086.6,401.8
2026-07-21,Night,Line 1,WMP 1kg Pouch,18000,12981,12181,800,6.17,45,67,435,368,84.6,85.25,93.84,67.68,F02-Checkweigher Drift,Dynamic scale calibration offset,2560.0,134.0,2694.0,347.7
2026-07-21,Night,Line 2,SMP 25kg Bulk Bag,2400,2443,2414,29,1.2,60,0,420,420,100.0,101.79,98.81,100.58,NONE-Clean Run,No significant fault events,1406.5,0.0,1406.5,554.6
2026-07-21,Night,Line 3,NZ Gold 500g Canister,12000,11448,11295,153,1.34,60,1,420,419,99.76,95.63,98.66,94.12,NONE-Clean Run,No significant fault events,1499.4,3.0,1502.4,380.5
2026-07-22,Morning,Line 1,WMP 1kg Pouch,18000,13504,12837,667,4.94,45,62,435,373,85.75,87.49,95.06,71.32,F02-Checkweigher Drift,Dynamic scale calibration offset,2134.4,124.0,2258.4,360.7
2026-07-22,Morning,Line 2,SMP 25kg Bulk Bag,2400,1914,1856,58,3.03,45,33,435,402,92.41,86.3,96.97,77.33,F01-Sealer Jam,Sealing jaw film jamming / temp drop,2813.0,137.5,2950.5,534.1
2026-07-22,Morning,Line 3,NZ Gold 500g Canister,12000,11895,11740,155,1.31,45,0,435,435,100.0,99.12,98.7,97.83,NONE-Clean Run,No significant fault events,1519.0,0.0,1519.0,393.5
2026-07-22,Afternoon,Line 1,WMP 1kg Pouch,18000,17351,17119,232,1.34,45,8,435,427,98.16,98.2,98.66,95.1,NONE-Clean Run,No significant fault events,742.4,16.0,758.4,398.9
2026-07-22,Afternoon,Line 2,SMP 25kg Bulk Bag,2400,1562,1469,93,5.99,30,93,450,357,79.33,82.04,94.05,61.21,F04-Palletizer Sync,Case packer / robotic palletizer jam,4510.5,387.5,4898.0,473.5
2026-07-22,Afternoon,Line 3,NZ Gold 500g Canister,12000,11800,11711,89,0.76,45,3,435,432,99.31,99.02,99.25,97.6,NONE-Clean Run,No significant fault events,872.2,9.0,881.2,398.7
2026-07-22,Night,Line 1,WMP 1kg Pouch,18000,17767,17501,266,1.5,45,1,435,434,99.77,98.93,98.5,97.22,NONE-Clean Run,No significant fault events,851.2,2.0,853.2,396.4
2026-07-22,Night,Line 2,SMP 25kg Bulk Bag,2400,1910,1836,74,3.91,45,54,435,381,87.59,90.86,96.13,76.5,F03-Auger Hopper Clog,Powder bridging in dosing funnel,3589.0,225.0,3814.0,517.7
2026-07-22,Night,Line 3,NZ Gold 500g Canister,12000,11575,11439,136,1.18,30,15,450,435,96.67,99.78,98.83,95.33,F04-Palletizer Sync,Case packer / robotic palletizer jam,1332.8,45.0,1377.8,398.1
2026-07-23,Morning,Line 1,WMP 1kg Pouch,18000,16973,16721,252,1.49,45,2,435,433,99.54,94.73,98.52,92.9,NONE-Clean Run,No significant fault events,806.4,4.0,810.4,396.0
2026-07-23,Morning,Line 2,SMP 25kg Bulk Bag,2400,2256,2235,21,0.94,30,10,450,440,97.78,96.14,99.07,93.13,F01-Sealer Jam,Sealing jaw film jamming / temp drop,1018.5,41.67,1060.17,586.5
2026-07-23,Morning,Line 3,NZ Gold 500g Canister,12000,12084,11873,211,1.75,45,0,435,435,100.0,100.7,98.25,98.94,NONE-Clean Run,No significant fault events,2067.8,0.0,2067.8,396.5
2026-07-23,Afternoon,Line 1,WMP 1kg Pouch,18000,16617,16357,260,1.57,60,21,420,399,95.0,97.18,98.44,90.88,F05-Carton Erector,Carton feed vacuum cup failure,832.0,42.0,874.0,360.8
2026-07-23,Afternoon,Line 2,SMP 25kg Bulk Bag,2400,2306,2267,39,1.71,60,11,420,409,97.38,98.67,98.31,94.46,F01-Sealer Jam,Sealing jaw film jamming / temp drop,1891.5,45.83,1937.33,541.3
2026-07-23,Afternoon,Line 3,NZ Gold 500g Canister,12000,11837,11638,199,1.68,45,3,435,432,99.31,99.33,98.32,96.99,NONE-Clean Run,No significant fault events,1950.2,9.0,1959.2,394.4
2026-07-23,Night,Line 1,WMP 1kg Pouch,18000,12659,12121,538,4.25,45,81,435,354,81.38,86.42,95.75,67.34,F02-Checkweigher Drift,Dynamic scale calibration offset,1721.6,162.0,1883.6,335.9
2026-07-23,Night,Line 2,SMP 25kg Bulk Bag,2400,2250,2224,26,1.19,30,2,450,448,99.56,94.17,98.84,92.67,NONE-Clean Run,No significant fault events,1261.0,8.33,1269.33,588.5
2026-07-23,Night,Line 3,NZ Gold 500g Canister,12000,12170,12020,150,1.24,30,0,450,450,100.0,101.42,98.77,100.17,NONE-Clean Run,No significant fault events,1470.0,0.0,1470.0,411.3
2026-07-24,Morning,Line 1,WMP 1kg Pouch,18000,17074,16925,149,0.88,30,2,450,448,99.56,95.28,99.13,94.04,NONE-Clean Run,No significant fault events,476.8,4.0,480.8,406.5
2026-07-24,Morning,Line 2,SMP 25kg Bulk Bag,2400,2369,2330,39,1.67,30,8,450,442,98.22,100.49,98.35,97.07,NONE-Clean Run,No significant fault events,1891.5,33.33,1924.83,576.9
2026-07-24,Morning,Line 3,NZ Gold 500g Canister,12000,11741,11593,148,1.27,30,2,450,448,99.56,98.28,98.74,96.61,NONE-Clean Run,No significant fault events,1450.4,6.0,1456.4,410.0
2026-07-24,Afternoon,Line 1,WMP 1kg Pouch,18000,16695,16427,268,1.61,30,14,450,436,96.89,95.73,98.39,91.26,F01-Sealer Jam,Sealing jaw film jamming / temp drop,857.6,28.0,885.6,401.6
2026-07-24,Afternoon,Line 2,SMP 25kg Bulk Bag,2400,2306,2284,22,0.95,45,2,435,433,99.54,96.53,99.05,95.17,NONE-Clean Run,No significant fault events,1067.0,8.33,1075.33,572.6
2026-07-24,Afternoon,Line 3,NZ Gold 500g Canister,12000,9707,9173,534,5.5,60,46,420,374,89.05,90.84,94.5,76.44,F05-Carton Erector,Carton feed vacuum cup failure,5233.2,138.0,5371.2,354.4
2026-07-24,Night,Line 1,WMP 1kg Pouch,18000,17191,17069,122,0.71,30,4,450,446,99.11,96.36,99.29,94.82,NONE-Clean Run,No significant fault events,390.4,8.0,398.4,395.2
2026-07-24,Night,Line 2,SMP 25kg Bulk Bag,2400,2370,2343,27,1.17,45,5,435,430,98.85,99.9,98.86,97.63,NONE-Clean Run,No significant fault events,1309.5,20.83,1330.33,560.7
2026-07-24,Night,Line 3,NZ Gold 500g Canister,12000,11035,10939,96,0.88,60,12,420,408,97.14,94.66,99.13,91.15,F06-Coding Printer Error,Laser / Inkjet date-code illegible,940.8,36.0,976.8,375.0
2026-07-25,Morning,Line 1,WMP 1kg Pouch,18000,13669,13045,624,4.57,30,62,450,388,86.22,88.07,95.43,72.46,F01-Sealer Jam,Sealing jaw film jamming / temp drop,1996.8,124.0,2120.8,353.5
2026-07-25,Morning,Line 2,SMP 25kg Bulk Bag,2400,2299,2269,30,1.31,30,7,450,443,98.44,97.31,98.7,94.55,NONE-Clean Run,No significant fault events,1455.0,29.17,1484.17,578.8
2026-07-25,Morning,Line 3,NZ Gold 500g Canister,12000,11215,11050,165,1.47,30,9,450,441,98.0,95.37,98.53,92.09,NONE-Clean Run,No significant fault events,1617.0,27.0,1644.0,389.6
2026-07-25,Afternoon,Line 1,WMP 1kg Pouch,18000,17537,17392,145,0.83,60,6,420,414,98.57,98.84,99.17,96.62,NONE-Clean Run,No significant fault events,464.0,12.0,476.0,381.2
2026-07-25,Afternoon,Line 2,SMP 25kg Bulk Bag,2400,2290,2257,33,1.46,30,1,450,449,99.78,95.63,98.56,94.05,NONE-Clean Run,No significant fault events,1600.5,4.17,1604.67,593.1
2026-07-25,Afternoon,Line 3,NZ Gold 500g Canister,12000,11934,11849,85,0.72,30,4,450,446,99.11,100.34,99.29,98.74,NONE-Clean Run,No significant fault events,833.0,12.0,845.0,405.6
2026-07-25,Night,Line 1,WMP 1kg Pouch,18000,17672,17427,245,1.39,30,6,450,444,98.67,99.5,98.61,96.81,NONE-Clean Run,No significant fault events,784.0,12.0,796.0,406.6
2026-07-25,Night,Line 2,SMP 25kg Bulk Bag,2400,2233,2215,18,0.84,60,14,420,406,96.67,96.25,99.19,92.29,F03-Auger Hopper Clog,Powder bridging in dosing funnel,873.0,58.33,931.33,546.0
2026-07-25,Night,Line 3,NZ Gold 500g Canister,12000,11377,11187,190,1.67,45,13,435,422,97.01,97.73,98.33,93.22,F01-Sealer Jam,Sealing jaw film jamming / temp drop,1862.0,39.0,1901.0,386.7
2026-07-26,Morning,Line 1,WMP 1kg Pouch,18000,18140,18000,140,0.77,60,1,420,419,99.76,101.02,99.23,100.0,NONE-Clean Run,No significant fault events,448.0,2.0,450.0,381.7
2026-07-26,Morning,Line 2,SMP 25kg Bulk Bag,2400,2308,2278,30,1.3,30,25,450,425,94.44,101.82,98.7,94.91,F04-Palletizer Sync,Case packer / robotic palletizer jam,1455.0,104.17,1559.17,563.9
2026-07-26,Morning,Line 3,NZ Gold 500g Canister,12000,10889,10775,114,1.05,60,22,420,398,94.76,95.76,98.95,89.79,F02-Checkweigher Drift,Dynamic scale calibration offset,1117.2,66.0,1183.2,353.8
2026-07-26,Afternoon,Line 1,WMP 1kg Pouch,18000,17588,17394,194,1.11,30,0,450,450,100.0,97.71,98.9,96.64,NONE-Clean Run,No significant fault events,620.8,0.0,620.8,414.5
2026-07-26,Afternoon,Line 2,SMP 25kg Bulk Bag,2400,1715,1629,86,5.05,45,77,435,358,82.3,86.83,94.99,67.88,F04-Palletizer Sync,Case packer / robotic palletizer jam,4171.0,320.83,4491.83,480.9
2026-07-26,Afternoon,Line 3,NZ Gold 500g Canister,12000,11814,11630,184,1.56,30,7,450,443,98.44,100.01,98.44,96.91,NONE-Clean Run,No significant fault events,1803.2,21.0,1824.2,412.0
2026-07-26,Night,Line 1,WMP 1kg Pouch,18000,17771,17516,255,1.44,60,1,420,419,99.76,98.96,98.57,97.31,NONE-Clean Run,No significant fault events,816.0,2.0,818.0,381.6
2026-07-26,Night,Line 2,SMP 25kg Bulk Bag,2400,2314,2292,22,0.98,30,11,450,439,97.56,98.83,99.05,95.5,F01-Sealer Jam,Sealing jaw film jamming / temp drop,1067.0,45.83,1112.83,579.4
2026-07-26,Night,Line 3,NZ Gold 500g Canister,12000,11049,10895,154,1.4,30,15,450,435,96.67,95.25,98.61,90.8,F05-Carton Erector,Carton feed vacuum cup failure,1509.2,45.0,1554.2,407.0
2026-07-27,Morning,Line 1,WMP 1kg Pouch,18000,13430,12944,486,3.62,30,51,450,399,88.67,84.15,96.38,71.91,F01-Sealer Jam,Sealing jaw film jamming / temp drop,1555.2,102.0,1657.2,373.5
2026-07-27,Morning,Line 2,SMP 25kg Bulk Bag,2400,2329,2295,34,1.47,45,0,435,435,100.0,97.04,98.54,95.62,NONE-Clean Run,No significant fault events,1649.0,0.0,1649.0,571.2
2026-07-27,Morning,Line 3,NZ Gold 500g Canister,12000,11203,11040,163,1.46,60,12,420,408,97.14,96.1,98.55,92.0,F06-Coding Printer Error,Laser / Inkjet date-code illegible,1597.4,36.0,1633.4,377.3
2026-07-27,Afternoon,Line 1,WMP 1kg Pouch,18000,17196,16945,251,1.46,30,1,450,449,99.78,95.75,98.54,94.14,NONE-Clean Run,No significant fault events,803.2,2.0,805.2,412.0
2026-07-27,Afternoon,Line 2,SMP 25kg Bulk Bag,2400,2361,2324,37,1.6,45,8,435,427,98.16,100.22,98.43,96.83,NONE-Clean Run,No significant fault events,1794.5,33.33,1827.83,558.9
2026-07-27,Afternoon,Line 3,NZ Gold 500g Canister,12000,11234,11102,132,1.18,30,3,450,447,99.33,94.24,98.82,92.5,NONE-Clean Run,No significant fault events,1293.6,9.0,1302.6,410.5
2026-07-27,Night,Line 1,WMP 1kg Pouch,18000,14222,13805,417,2.93,30,49,450,401,89.11,88.67,97.07,76.7,F01-Sealer Jam,Sealing jaw film jamming / temp drop,1334.4,98.0,1432.4,373.3
2026-07-27,Night,Line 2,SMP 25kg Bulk Bag,2400,2293,2266,27,1.18,30,17,450,433,96.22,99.29,98.82,94.41,F05-Carton Erector,Carton feed vacuum cup failure,1309.5,70.83,1380.33,570.8
2026-07-27,Night,Line 3,NZ Gold 500g Canister,12000,10903,10707,196,1.8,60,25,420,395,94.05,96.61,98.2,89.23,F03-Auger Hopper Clog,Powder bridging in dosing funnel,1920.8,75.0,1995.8,364.1
2026-07-28,Morning,Line 1,WMP 1kg Pouch,18000,17130,16923,207,1.21,45,15,435,420,96.55,98.57,98.79,94.02,F05-Carton Erector,Carton feed vacuum cup failure,662.4,30.0,692.4,380.6
2026-07-28,Morning,Line 2,SMP 25kg Bulk Bag,2400,2233,2204,29,1.32,60,15,420,405,96.43,96.49,98.7,91.84,F06-Coding Printer Error,Laser / Inkjet date-code illegible,1406.5,62.5,1469.0,530.2
2026-07-28,Morning,Line 3,NZ Gold 500g Canister,12000,11878,11695,183,1.54,45,0,435,435,100.0,98.98,98.46,97.46,NONE-Clean Run,No significant fault events,1793.4,0.0,1793.4,399.9
2026-07-28,Afternoon,Line 1,WMP 1kg Pouch,18000,16432,16247,185,1.13,45,15,435,420,96.55,94.55,98.87,90.26,F02-Checkweigher Drift,Dynamic scale calibration offset,592.0,30.0,622.0,391.5
2026-07-28,Afternoon,Line 2,SMP 25kg Bulk Bag,2400,2318,2299,19,0.85,45,9,435,426,97.93,98.62,99.18,95.79,NONE-Clean Run,No significant fault events,921.5,37.5,959.0,566.5
2026-07-28,Afternoon,Line 3,NZ Gold 500g Canister,12000,11548,11387,161,1.4,30,7,450,443,98.44,97.75,98.61,94.89,NONE-Clean Run,No significant fault events,1577.8,21.0,1598.8,405.4
2026-07-28,Night,Line 1,WMP 1kg Pouch,18000,17181,16926,255,1.49,30,15,450,435,96.67,98.74,98.52,94.04,F02-Checkweigher Drift,Dynamic scale calibration offset,816.0,30.0,846.0,397.7
2026-07-28,Night,Line 2,SMP 25kg Bulk Bag,2400,2272,2233,39,1.74,45,3,435,432,99.31,95.32,98.28,93.03,NONE-Clean Run,No significant fault events,1891.5,12.5,1904.0,565.1
2026-07-28,Night,Line 3,NZ Gold 500g Canister,12000,11305,11146,159,1.41,45,9,435,426,97.93,96.2,98.59,92.88,NONE-Clean Run,No significant fault events,1558.2,27.0,1585.2,392.8
2026-07-29,Morning,Line 1,WMP 1kg Pouch,18000,14640,14004,636,4.35,45,36,435,399,91.72,88.67,95.66,77.8,F02-Checkweigher Drift,Dynamic scale calibration offset,2035.2,72.0,2107.2,367.5
2026-07-29,Morning,Line 2,SMP 25kg Bulk Bag,2400,2379,2345,34,1.47,30,7,450,443,98.44,100.69,98.57,97.7,NONE-Clean Run,No significant fault events,1649.0,29.17,1678.17,583.3
2026-07-29,Morning,Line 3,NZ Gold 500g Canister,12000,11499,11357,142,1.24,60,6,420,414,98.57,97.21,98.77,94.64,NONE-Clean Run,No significant fault events,1391.6,18.0,1409.6,382.4
2026-07-29,Afternoon,Line 1,WMP 1kg Pouch,18000,17159,16927,232,1.35,30,7,450,443,98.44,96.83,98.65,94.03,NONE-Clean Run,No significant fault events,742.4,14.0,756.4,398.6
2026-07-29,Afternoon,Line 2,SMP 25kg Bulk Bag,2400,1986,1871,115,5.8,30,40,450,410,91.11,90.82,94.21,77.96,F03-Auger Hopper Clog,Powder bridging in dosing funnel,5577.5,166.67,5744.17,541.3
2026-07-29,Afternoon,Line 3,NZ Gold 500g Canister,12000,11156,10988,168,1.51,45,15,435,420,96.55,96.29,98.49,91.56,F03-Auger Hopper Clog,Powder bridging in dosing funnel,1646.4,45.0,1691.4,387.4
2026-07-29,Night,Line 1,WMP 1kg Pouch,18000,17016,16835,181,1.07,30,0,450,450,100.0,94.53,98.94,93.53,NONE-Clean Run,No significant fault events,579.2,0.0,579.2,410.4
2026-07-29,Night,Line 2,SMP 25kg Bulk Bag,2400,2277,2254,23,1.04,60,15,420,405,96.43,98.39,98.99,93.92,F06-Coding Printer Error,Laser / Inkjet date-code illegible,1115.5,62.5,1178.0,534.0
2026-07-29,Night,Line 3,NZ Gold 500g Canister,12000,11351,11154,197,1.74,30,0,450,450,100.0,94.59,98.26,92.94,NONE-Clean Run,No significant fault events,1930.6,0.0,1930.6,416.8
2026-07-30,Morning,Line 1,WMP 1kg Pouch,18000,16578,16286,292,1.76,30,25,450,425,94.44,97.52,98.24,90.48,F01-Sealer Jam,Sealing jaw film jamming / temp drop,934.4,50.0,984.4,394.4
2026-07-30,Morning,Line 2,SMP 25kg Bulk Bag,2400,2294,2275,19,0.84,30,2,450,448,99.56,96.01,99.17,94.79,NONE-Clean Run,No significant fault events,921.5,8.33,929.83,584.4
2026-07-30,Morning,Line 3,NZ Gold 500g Canister,12000,12056,11944,112,0.93,30,0,450,450,100.0,100.47,99.07,99.54,NONE-Clean Run,No significant fault events,1097.6,0.0,1097.6,407.9
2026-07-30,Afternoon,Line 1,WMP 1kg Pouch,18000,13919,13300,619,4.45,60,38,420,382,90.95,85.02,95.55,73.88,F01-Sealer Jam,Sealing jaw film jamming / temp drop,1980.8,76.0,2056.8,362.4
2026-07-30,Afternoon,Line 2,SMP 25kg Bulk Bag,2400,2349,2329,20,0.86,30,5,450,445,98.89,98.97,99.15,97.04,NONE-Clean Run,No significant fault events,970.0,20.83,990.83,585.4
2026-07-30,Afternoon,Line 3,NZ Gold 500g Canister,12000,11574,11435,139,1.21,30,0,450,450,100.0,96.45,98.8,95.29,NONE-Clean Run,No significant fault events,1362.2,0.0,1362.2,404.1
2026-07-30,Night,Line 1,WMP 1kg Pouch,18000,17827,17550,277,1.55,45,8,435,427,98.16,100.89,98.45,97.5,NONE-Clean Run,No significant fault events,886.4,16.0,902.4,380.0
2026-07-30,Night,Line 2,SMP 25kg Bulk Bag,2400,2360,2324,36,1.54,30,14,450,436,96.89,101.49,98.47,96.83,F01-Sealer Jam,Sealing jaw film jamming / temp drop,1746.0,58.33,1804.33,573.3
2026-07-30,Night,Line 3,NZ Gold 500g Canister,12000,11752,11581,171,1.46,30,6,450,444,98.67,99.26,98.54,96.51,NONE-Clean Run,No significant fault events,1675.8,18.0,1693.8,403.4
2026-07-31,Morning,Line 1,WMP 1kg Pouch,18000,17480,17224,256,1.47,30,1,450,449,99.78,97.33,98.54,95.7,NONE-Clean Run,No significant fault events,819.2,2.0,821.2,413.8
2026-07-31,Morning,Line 2,SMP 25kg Bulk Bag,2400,2326,2291,35,1.51,60,5,420,415,98.81,98.08,98.5,95.46,NONE-Clean Run,No significant fault events,1697.5,20.83,1718.33,548.2
2026-07-31,Morning,Line 3,NZ Gold 500g Canister,12000,10860,10696,164,1.52,60,25,420,395,94.05,96.23,98.49,89.14,F01-Sealer Jam,Sealing jaw film jamming / temp drop,1607.2,75.0,1682.2,367.2
2026-07-31,Afternoon,Line 1,WMP 1kg Pouch,18000,17015,16788,227,1.33,30,18,450,432,96.0,98.47,98.67,93.27,F05-Carton Erector,Carton feed vacuum cup failure,726.4,36.0,762.4,394.5
2026-07-31,Afternoon,Line 2,SMP 25kg Bulk Bag,2400,2416,2375,41,1.73,30,2,450,448,99.56,101.12,98.3,98.96,NONE-Clean Run,No significant fault events,1988.5,8.33,1996.83,593.8
2026-07-31,Afternoon,Line 3,NZ Gold 500g Canister,12000,11102,10994,108,0.98,45,25,435,410,94.25,98.16,99.03,91.62,F01-Sealer Jam,Sealing jaw film jamming / temp drop,1058.4,75.0,1133.4,373.6
2026-07-31,Night,Line 1,WMP 1kg Pouch,18000,17604,17313,291,1.66,45,11,435,424,97.47,100.34,98.35,96.19,F05-Carton Erector,Carton feed vacuum cup failure,931.2,22.0,953.2,396.0
2026-07-31,Night,Line 2,SMP 25kg Bulk Bag,2400,2333,2315,18,0.8,30,3,450,447,99.33,97.86,99.23,96.46,NONE-Clean Run,No significant fault events,873.0,12.5,885.5,589.8
2026-07-31,Night,Line 3,NZ Gold 500g Canister,12000,9460,8903,557,5.89,60,38,420,382,90.95,86.68,94.11,74.19,F02-Checkweigher Drift,Dynamic scale calibration offset,5458.6,114.0,5572.6,352.3
2026-08-01,Morning,Line 1,WMP 1kg Pouch,18000,17500,17284,216,1.24,30,1,450,449,99.78,97.44,98.77,96.03,NONE-Clean Run,No significant fault events,691.2,2.0,693.2,406.6
2026-08-01,Morning,Line 2,SMP 25kg Bulk Bag,2400,2321,2300,21,0.92,60,0,420,420,100.0,96.71,99.1,95.84,NONE-Clean Run,No significant fault events,1018.5,0.0,1018.5,560.9
2026-08-01,Morning,Line 3,NZ Gold 500g Canister,12000,10900,10731,169,1.55,45,19,435,416,95.63,94.98,98.45,89.42,F02-Checkweigher Drift,Dynamic scale calibration offset,1656.2,57.0,1713.2,375.7
2026-08-01,Afternoon,Line 1,WMP 1kg Pouch,18000,16520,16400,120,0.73,60,25,420,395,94.05,97.59,99.27,91.11,F04-Palletizer Sync,Case packer / robotic palletizer jam,384.0,50.0,434.0,370.1
2026-08-01,Afternoon,Line 2,SMP 25kg Bulk Bag,2400,1813,1745,68,3.76,30,44,450,406,90.22,83.73,96.25,72.71,F03-Auger Hopper Clog,Powder bridging in dosing funnel,3298.0,183.33,3481.33,538.8
2026-08-01,Afternoon,Line 3,NZ Gold 500g Canister,12000,11324,11152,172,1.53,30,3,450,447,99.33,95.0,98.48,92.93,NONE-Clean Run,No significant fault events,1685.6,9.0,1694.6,403.9
2026-08-01,Night,Line 1,WMP 1kg Pouch,18000,16539,16357,182,1.1,45,21,435,414,95.17,96.54,98.9,90.87,F06-Coding Printer Error,Laser / Inkjet date-code illegible,582.4,42.0,624.4,385.0
2026-08-01,Night,Line 2,SMP 25kg Bulk Bag,2400,2336,2313,23,1.01,45,0,435,435,100.0,97.33,99.02,96.38,NONE-Clean Run,No significant fault events,1115.5,0.0,1115.5,567.0
2026-08-01,Night,Line 3,NZ Gold 500g Canister,12000,9868,9392,476,4.83,30,32,450,418,92.89,88.53,95.18,78.27,F05-Carton Erector,Carton feed vacuum cup failure,4664.8,96.0,4760.8,381.4
2026-08-02,Morning,Line 1,WMP 1kg Pouch,18000,18025,17830,195,1.09,45,5,435,430,98.85,101.3,98.92,99.05,NONE-Clean Run,No significant fault events,624.0,10.0,634.0,389.4
2026-08-02,Morning,Line 2,SMP 25kg Bulk Bag,2400,2276,2247,29,1.3,30,9,450,441,98.0,96.77,98.73,93.63,NONE-Clean Run,No significant fault events,1406.5,37.5,1444.0,586.1
2026-08-02,Morning,Line 3,NZ Gold 500g Canister,12000,8863,8359,504,5.69,30,49,450,401,89.11,82.88,94.31,69.65,F02-Checkweigher Drift,Dynamic scale calibration offset,4939.2,147.0,5086.2,370.9
2026-08-02,Afternoon,Line 1,WMP 1kg Pouch,18000,16994,16838,156,0.92,60,4,420,416,99.05,95.32,99.08,93.55,NONE-Clean Run,No significant fault events,499.2,8.0,507.2,383.9
2026-08-02,Afternoon,Line 2,SMP 25kg Bulk Bag,2400,2331,2306,25,1.08,30,2,450,448,99.56,97.56,98.93,96.09,NONE-Clean Run,No significant fault events,1212.5,8.33,1220.83,588.9
2026-08-02,Afternoon,Line 3,NZ Gold 500g Canister,12000,12129,12029,100,0.83,30,2,450,448,99.56,101.53,99.18,100.25,NONE-Clean Run,No significant fault events,980.0,6.0,986.0,412.0
2026-08-02,Night,Line 1,WMP 1kg Pouch,18000,16855,16661,194,1.15,45,16,435,419,96.32,97.21,98.85,92.56,F04-Palletizer Sync,Case packer / robotic palletizer jam,620.8,32.0,652.8,383.8
2026-08-02,Night,Line 2,SMP 25kg Bulk Bag,2400,1743,1684,59,3.43,45,65,435,370,85.06,85.38,96.62,70.17,F04-Palletizer Sync,Case packer / robotic palletizer jam,2861.5,270.83,3132.33,500.1
2026-08-02,Night,Line 3,NZ Gold 500g Canister,12000,11596,11479,117,1.02,30,6,450,444,98.67,97.94,98.99,95.66,NONE-Clean Run,No significant fault events,1146.6,18.0,1164.6,403.9
2026-08-03,Morning,Line 1,WMP 1kg Pouch,18000,16935,16786,149,0.88,30,4,450,446,99.11,94.93,99.12,93.26,NONE-Clean Run,No significant fault events,476.8,8.0,484.8,411.4
2026-08-03,Morning,Line 2,SMP 25kg Bulk Bag,2400,2370,2330,40,1.72,30,8,450,442,98.22,100.54,98.31,97.08,NONE-Clean Run,No significant fault events,1940.0,33.33,1973.33,580.9
2026-08-03,Morning,Line 3,NZ Gold 500g Canister,12000,11680,11527,153,1.32,45,18,435,417,95.86,101.53,98.69,96.05,F02-Checkweigher Drift,Dynamic scale calibration offset,1499.4,54.0,1553.4,382.7
2026-08-03,Afternoon,Line 1,WMP 1kg Pouch,18000,13244,12711,533,4.03,45,49,435,386,88.74,82.92,95.98,70.63,F01-Sealer Jam,Sealing jaw film jamming / temp drop,1705.6,98.0,1803.6,351.7
2026-08-03,Afternoon,Line 2,SMP 25kg Bulk Bag,2400,2369,2337,32,1.38,60,9,420,411,97.86,100.87,98.65,97.38,NONE-Clean Run,No significant fault events,1552.0,37.5,1589.5,545.4
2026-08-03,Afternoon,Line 3,NZ Gold 500g Canister,12000,11374,11264,110,0.97,30,12,450,438,97.33,97.38,99.03,93.86,F05-Carton Erector,Carton feed vacuum cup failure,1078.0,36.0,1114.0,396.9
2026-08-03,Night,Line 1,WMP 1kg Pouch,18000,12863,12274,589,4.58,30,68,450,382,84.89,84.18,95.42,68.19,F01-Sealer Jam,Sealing jaw film jamming / temp drop,1884.8,136.0,2020.8,355.7
2026-08-03,Night,Line 2,SMP 25kg Bulk Bag,2400,2330,2312,18,0.78,30,18,450,432,96.0,101.13,99.23,96.34,F01-Sealer Jam,Sealing jaw film jamming / temp drop,873.0,75.0,948.0,569.4
2026-08-03,Night,Line 3,NZ Gold 500g Canister,12000,8947,8443,504,5.64,45,56,435,379,87.13,85.57,94.37,70.36,F02-Checkweigher Drift,Dynamic scale calibration offset,4939.2,168.0,5107.2,350.0
2026-08-04,Morning,Line 1,WMP 1kg Pouch,18000,17707,17556,151,0.85,60,1,420,419,99.76,98.61,99.15,97.54,NONE-Clean Run,No significant fault events,483.2,2.0,485.2,389.0
2026-08-04,Morning,Line 2,SMP 25kg Bulk Bag,2400,2270,2238,32,1.45,30,0,450,450,100.0,94.58,98.59,93.25,NONE-Clean Run,No significant fault events,1552.0,0.0,1552.0,593.5
2026-08-04,Morning,Line 3,NZ Gold 500g Canister,12000,10875,10751,124,1.15,30,22,450,428,95.11,95.28,98.86,89.59,F02-Checkweigher Drift,Dynamic scale calibration offset,1215.2,66.0,1281.2,393.2
2026-08-04,Afternoon,Line 1,WMP 1kg Pouch,18000,17087,16889,198,1.16,45,0,435,435,100.0,94.93,98.84,93.83,NONE-Clean Run,No significant fault events,633.6,0.0,633.6,398.3
2026-08-04,Afternoon,Line 2,SMP 25kg Bulk Bag,2400,2281,2264,17,0.78,45,8,435,427,98.16,96.82,99.25,94.33,NONE-Clean Run,No significant fault events,824.5,33.33,857.83,551.5
2026-08-04,Afternoon,Line 3,NZ Gold 500g Canister,12000,11333,11208,125,1.11,60,7,420,413,98.33,96.04,98.9,93.4,NONE-Clean Run,No significant fault events,1225.0,21.0,1246.0,386.1
2026-08-04,Night,Line 1,WMP 1kg Pouch,18000,17708,17453,255,1.44,30,4,450,446,99.11,99.26,98.56,96.96,NONE-Clean Run,No significant fault events,816.0,8.0,824.0,406.0
2026-08-04,Night,Line 2,SMP 25kg Bulk Bag,2400,1875,1820,55,2.94,30,42,450,408,90.67,86.17,97.07,75.84,F03-Auger Hopper Clog,Powder bridging in dosing funnel,2667.5,175.0,2842.5,532.0
2026-08-04,Night,Line 3,NZ Gold 500g Canister,12000,10677,10505,172,1.62,45,25,435,410,94.25,94.4,98.39,87.54,F05-Carton Erector,Carton feed vacuum cup failure,1685.6,75.0,1760.6,379.6
2026-08-05,Morning,Line 1,WMP 1kg Pouch,18000,16937,16766,171,1.01,30,3,450,447,99.33,94.73,98.99,93.14,NONE-Clean Run,No significant fault events,547.2,6.0,553.2,406.5
2026-08-05,Morning,Line 2,SMP 25kg Bulk Bag,2400,2360,2321,39,1.68,45,4,435,431,99.08,99.25,98.35,96.71,NONE-Clean Run,No significant fault events,1891.5,16.67,1908.17,566.8
2026-08-05,Morning,Line 3,NZ Gold 500g Canister,12000,11963,11866,97,0.82,30,2,450,448,99.56,100.14,99.19,98.89,NONE-Clean Run,No significant fault events,950.6,6.0,956.6,394.2
2026-08-05,Afternoon,Line 1,WMP 1kg Pouch,18000,17153,16863,290,1.69,30,2,450,448,99.56,95.72,98.31,93.69,NONE-Clean Run,No significant fault events,928.0,4.0,932.0,408.5
2026-08-05,Afternoon,Line 2,SMP 25kg Bulk Bag,2400,2360,2319,41,1.78,60,14,420,406,96.67,101.72,98.26,96.62,F03-Auger Hopper Clog,Powder bridging in dosing funnel,1988.5,58.33,2046.83,544.7
2026-08-05,Afternoon,Line 3,NZ Gold 500g Canister,12000,11310,11215,95,0.85,30,13,450,437,97.11,97.05,99.16,93.45,F06-Coding Printer Error,Laser / Inkjet date-code illegible,931.0,39.0,970.0,396.1
2026-08-05,Night,Line 1,WMP 1kg Pouch,18000,17376,17140,236,1.36,45,12,435,423,97.24,99.27,98.64,95.22,F01-Sealer Jam,Sealing jaw film jamming / temp drop,755.2,24.0,779.2,384.8
2026-08-05,Night,Line 2,SMP 25kg Bulk Bag,2400,1745,1683,62,3.56,60,61,420,359,85.48,85.06,96.45,70.13,F03-Auger Hopper Clog,Powder bridging in dosing funnel,3007.0,254.17,3261.17,469.6
2026-08-05,Night,Line 3,NZ Gold 500g Canister,12000,9049,8563,486,5.37,30,77,450,373,82.89,90.98,94.63,71.36,F02-Checkweigher Drift,Dynamic scale calibration offset,4762.8,231.0,4993.8,347.4
2026-08-06,Morning,Line 1,WMP 1kg Pouch,18000,13681,13018,663,4.85,30,41,450,409,90.89,83.62,95.15,72.32,F02-Checkweigher Drift,Dynamic scale calibration offset,2121.6,82.0,2203.6,375.3
2026-08-06,Morning,Line 2,SMP 25kg Bulk Bag,2400,2242,2226,16,0.76,60,4,420,416,99.05,94.31,99.29,92.75,NONE-Clean Run,No significant fault events,776.0,16.67,792.67,546.7
2026-08-06,Morning,Line 3,NZ Gold 500g Canister,12000,11290,11139,151,1.34,45,0,435,435,100.0,94.08,98.66,92.82,NONE-Clean Run,No significant fault events,1479.8,0.0,1479.8,394.6
2026-08-06,Afternoon,Line 1,WMP 1kg Pouch,18000,17546,17236,310,1.77,30,4,450,446,99.11,98.35,98.23,95.75,NONE-Clean Run,No significant fault events,992.0,8.0,1000.0,411.8
2026-08-06,Afternoon,Line 2,SMP 25kg Bulk Bag,2400,2317,2278,39,1.69,30,2,450,448,99.56,96.97,98.32,94.92,NONE-Clean Run,No significant fault events,1891.5,8.33,1899.83,584.4
2026-08-06,Afternoon,Line 3,NZ Gold 500g Canister,12000,11195,11078,117,1.05,30,13,450,437,97.11,96.07,98.95,92.31,F05-Carton Erector,Carton feed vacuum cup failure,1146.6,39.0,1185.6,399.9
2026-08-06,Night,Line 1,WMP 1kg Pouch,18000,14924,14338,586,3.93,30,29,450,421,93.56,88.62,96.07,79.65,F01-Sealer Jam,Sealing jaw film jamming / temp drop,1875.2,58.0,1933.2,391.1
2026-08-06,Night,Line 2,SMP 25kg Bulk Bag,2400,2305,2272,33,1.46,60,10,420,410,97.62,98.38,98.57,94.67,F04-Palletizer Sync,Case packer / robotic palletizer jam,1600.5,41.67,1642.17,538.7
2026-08-06,Night,Line 3,NZ Gold 500g Canister,12000,11457,11285,172,1.51,30,6,450,444,98.67,96.77,98.5,94.05,NONE-Clean Run,No significant fault events,1685.6,18.0,1703.6,402.0
2026-08-07,Morning,Line 1,WMP 1kg Pouch,18000,14008,13456,552,3.95,30,61,450,389,86.44,90.03,96.06,74.76,F01-Sealer Jam,Sealing jaw film jamming / temp drop,1766.4,122.0,1888.4,359.3
2026-08-07,Morning,Line 2,SMP 25kg Bulk Bag,2400,2300,2276,24,1.07,30,3,450,447,99.33,96.48,98.96,94.84,NONE-Clean Run,No significant fault events,1164.0,12.5,1176.5,590.7
2026-08-07,Morning,Line 3,NZ Gold 500g Canister,12000,8506,8238,268,3.16,45,61,435,374,85.98,82.44,96.85,68.65,F05-Carton Erector,Carton feed vacuum cup failure,2626.4,183.0,2809.4,351.5
2026-08-07,Afternoon,Line 1,WMP 1kg Pouch,18000,12378,12019,359,2.9,30,92,450,358,79.56,86.44,97.1,66.78,F06-Coding Printer Error,Laser / Inkjet date-code illegible,1148.8,184.0,1332.8,331.2
2026-08-07,Afternoon,Line 2,SMP 25kg Bulk Bag,2400,2255,2218,37,1.65,30,11,450,439,97.56,96.31,98.36,92.42,F05-Carton Erector,Carton feed vacuum cup failure,1794.5,45.83,1840.33,576.9
2026-08-07,Afternoon,Line 3,NZ Gold 500g Canister,12000,11493,11359,134,1.17,30,4,450,446,99.11,96.63,98.83,94.65,NONE-Clean Run,No significant fault events,1313.2,12.0,1325.2,412.5
2026-08-07,Night,Line 1,WMP 1kg Pouch,18000,17366,17088,278,1.61,30,9,450,441,98.0,98.45,98.4,94.94,NONE-Clean Run,No significant fault events,889.6,18.0,907.6,403.8
2026-08-07,Night,Line 2,SMP 25kg Bulk Bag,2400,1990,1918,72,3.66,45,37,435,398,91.49,90.62,96.38,79.91,F03-Auger Hopper Clog,Powder bridging in dosing funnel,3492.0,154.17,3646.17,524.2
2026-08-07,Night,Line 3,NZ Gold 500g Canister,12000,9483,9026,457,4.82,30,46,450,404,89.78,88.02,95.18,75.22,F05-Carton Erector,Carton feed vacuum cup failure,4478.6,138.0,4616.6,377.7
2026-08-08,Morning,Line 1,WMP 1kg Pouch,18000,17860,17681,179,1.0,45,4,435,431,99.08,100.14,99.0,98.23,NONE-Clean Run,No significant fault events,572.8,8.0,580.8,398.4
2026-08-08,Morning,Line 2,SMP 25kg Bulk Bag,2400,2327,2305,22,0.98,30,10,450,440,97.78,99.16,99.05,96.04,F02-Checkweigher Drift,Dynamic scale calibration offset,1067.0,41.67,1108.67,572.8
2026-08-08,Morning,Line 3,NZ Gold 500g Canister,12000,9544,9218,326,3.42,30,43,450,407,90.44,87.94,96.58,76.81,F06-Coding Printer Error,Laser / Inkjet date-code illegible,3194.8,129.0,3323.8,377.3
2026-08-08,Afternoon,Line 1,WMP 1kg Pouch,18000,13683,12909,774,5.66,30,56,450,394,87.56,86.82,94.34,71.72,F02-Checkweigher Drift,Dynamic scale calibration offset,2476.8,112.0,2588.8,363.7
2026-08-08,Afternoon,Line 2,SMP 25kg Bulk Bag,2400,2328,2305,23,1.03,45,10,435,425,97.7,99.28,99.01,96.04,F06-Coding Printer Error,Laser / Inkjet date-code illegible,1115.5,41.67,1157.17,560.9
2026-08-08,Afternoon,Line 3,NZ Gold 500g Canister,12000,11856,11762,94,0.8,45,0,435,435,100.0,98.8,99.21,98.02,NONE-Clean Run,No significant fault events,921.2,0.0,921.2,402.7
2026-08-08,Night,Line 1,WMP 1kg Pouch,18000,17789,17637,152,0.86,30,4,450,446,99.11,99.71,99.15,97.98,NONE-Clean Run,No significant fault events,486.4,8.0,494.4,407.9
2026-08-08,Night,Line 2,SMP 25kg Bulk Bag,2400,2308,2271,37,1.62,45,12,435,423,97.24,98.89,98.4,94.62,F01-Sealer Jam,Sealing jaw film jamming / temp drop,1794.5,50.0,1844.5,548.3
2026-08-08,Night,Line 3,NZ Gold 500g Canister,12000,8844,8499,345,3.91,45,50,435,385,88.51,83.27,96.1,70.83,F06-Coding Printer Error,Laser / Inkjet date-code illegible,3381.0,150.0,3531.0,358.7
2026-08-09,Morning,Line 1,WMP 1kg Pouch,18000,12789,12376,413,3.23,30,66,450,384,85.33,83.26,96.77,68.75,F02-Checkweigher Drift,Dynamic scale calibration offset,1321.6,132.0,1453.6,358.6
2026-08-09,Morning,Line 2,SMP 25kg Bulk Bag,2400,2295,2267,28,1.25,60,4,420,416,99.05,96.54,98.78,94.46,NONE-Clean Run,No significant fault events,1358.0,16.67,1374.67,550.6
2026-08-09,Morning,Line 3,NZ Gold 500g Canister,12000,11183,11018,165,1.48,30,17,450,433,96.22,96.85,98.52,91.81,F05-Carton Erector,Carton feed vacuum cup failure,1617.0,51.0,1668.0,400.3
2026-08-09,Afternoon,Line 1,WMP 1kg Pouch,18000,13036,12421,615,4.72,30,76,450,374,83.11,87.14,95.28,69.0,F06-Coding Printer Error,Laser / Inkjet date-code illegible,1968.0,152.0,2120.0,349.9
2026-08-09,Afternoon,Line 2,SMP 25kg Bulk Bag,2400,2315,2284,31,1.37,30,3,450,447,99.33,97.11,98.66,95.17,NONE-Clean Run,No significant fault events,1503.5,12.5,1516.0,584.7
2026-08-09,Afternoon,Line 3,NZ Gold 500g Canister,12000,9197,8631,566,6.16,30,51,450,399,88.67,86.44,93.85,71.93,F02-Checkweigher Drift,Dynamic scale calibration offset,5546.8,153.0,5699.8,374.5
2026-08-09,Night,Line 1,WMP 1kg Pouch,18000,16840,16634,206,1.22,60,13,420,407,96.9,96.54,98.78,92.41,F02-Checkweigher Drift,Dynamic scale calibration offset,659.2,26.0,685.2,376.1
2026-08-09,Night,Line 2,SMP 25kg Bulk Bag,2400,2289,2256,33,1.46,30,7,450,443,98.44,96.88,98.56,94.0,NONE-Clean Run,No significant fault events,1600.5,29.17,1629.67,585.8
2026-08-09,Night,Line 3,NZ Gold 500g Canister,12000,11636,11452,184,1.58,30,2,450,448,99.56,97.4,98.42,95.44,NONE-Clean Run,No significant fault events,1803.2,6.0,1809.2,414.4
2026-08-10,Morning,Line 1,WMP 1kg Pouch,18000,13149,12644,505,3.85,60,67,420,353,84.05,86.92,96.16,70.25,F02-Checkweigher Drift,Dynamic scale calibration offset,1616.0,134.0,1750.0,337.9
2026-08-10,Morning,Line 2,SMP 25kg Bulk Bag,2400,2345,2315,30,1.31,45,2,435,433,99.54,98.16,98.72,96.46,NONE-Clean Run,No significant fault events,1455.0,8.33,1463.33,564.7
2026-08-10,Morning,Line 3,NZ Gold 500g Canister,12000,11999,11806,193,1.62,30,8,450,442,98.22,101.8,98.39,98.38,NONE-Clean Run,No significant fault events,1891.4,24.0,1915.4,398.3
2026-08-10,Afternoon,Line 1,WMP 1kg Pouch,18000,13453,12837,616,4.58,30,53,450,397,88.22,84.72,95.42,71.32,F06-Coding Printer Error,Laser / Inkjet date-code illegible,1971.2,106.0,2077.2,366.8
2026-08-10,Afternoon,Line 2,SMP 25kg Bulk Bag,2400,2400,2380,20,0.87,30,8,450,442,98.22,101.81,99.17,99.17,NONE-Clean Run,No significant fault events,970.0,33.33,1003.33,574.9
2026-08-10,Afternoon,Line 3,NZ Gold 500g Canister,12000,9231,8660,571,6.19,60,57,420,363,86.43,89.0,93.81,72.16,F06-Coding Printer Error,Laser / Inkjet date-code illegible,5595.8,171.0,5766.8,336.9
2026-08-10,Night,Line 1,WMP 1kg Pouch,18000,17688,17375,313,1.77,60,10,420,410,97.62,100.66,98.23,96.53,F01-Sealer Jam,Sealing jaw film jamming / temp drop,1001.6,20.0,1021.6,383.8
2026-08-10,Night,Line 2,SMP 25kg Bulk Bag,2400,2348,2308,40,1.72,30,7,450,443,98.44,99.38,98.3,96.17,NONE-Clean Run,No significant fault events,1940.0,29.17,1969.17,576.7
2026-08-10,Night,Line 3,NZ Gold 500g Canister,12000,11531,11377,154,1.34,45,3,435,432,99.31,96.76,98.66,94.8,NONE-Clean Run,No significant fault events,1509.2,9.0,1518.2,388.3
2026-08-11,Morning,Line 1,WMP 1kg Pouch,18000,17007,16857,150,0.88,60,0,420,420,100.0,94.48,99.12,93.65,NONE-Clean Run,No significant fault events,480.0,0.0,480.0,381.1
2026-08-11,Morning,Line 2,SMP 25kg Bulk Bag,2400,2252,2215,37,1.67,30,16,450,434,96.44,97.29,98.36,92.29,F06-Coding Printer Error,Laser / Inkjet date-code illegible,1794.5,66.67,1861.17,570.8
2026-08-11,Morning,Line 3,NZ Gold 500g Canister,12000,11238,11080,158,1.41,30,4,450,446,99.11,94.49,98.59,92.33,NONE-Clean Run,No significant fault events,1548.4,12.0,1560.4,408.8
2026-08-11,Afternoon,Line 1,WMP 1kg Pouch,18000,17225,16995,230,1.34,30,7,450,443,98.44,97.21,98.66,94.41,NONE-Clean Run,No significant fault events,736.0,14.0,750.0,405.1
2026-08-11,Afternoon,Line 2,SMP 25kg Bulk Bag,2400,1832,1768,64,3.51,30,34,450,416,92.44,82.57,96.51,73.66,F03-Auger Hopper Clog,Powder bridging in dosing funnel,3104.0,141.67,3245.67,547.4
2026-08-11,Afternoon,Line 3,NZ Gold 500g Canister,12000,11100,11009,91,0.83,45,16,435,419,96.32,96.03,99.18,91.74,F03-Auger Hopper Clog,Powder bridging in dosing funnel,891.8,48.0,939.8,386.6
2026-08-11,Night,Line 1,WMP 1kg Pouch,18000,18143,17982,161,0.89,45,1,435,434,99.77,101.03,99.11,99.9,NONE-Clean Run,No significant fault events,515.2,2.0,517.2,387.9
2026-08-11,Night,Line 2,SMP 25kg Bulk Bag,2400,2340,2308,32,1.38,45,3,435,432,99.31,98.18,98.63,96.17,NONE-Clean Run,No significant fault events,1552.0,12.5,1564.5,566.8
2026-08-11,Night,Line 3,NZ Gold 500g Canister,12000,10436,9863,573,5.49,45,20,435,415,95.4,91.16,94.51,82.19,F02-Checkweigher Drift,Dynamic scale calibration offset,5615.4,60.0,5675.4,375.0
2026-08-12,Morning,Line 1,WMP 1kg Pouch,18000,17273,16965,308,1.79,30,3,450,447,99.33,96.61,98.22,94.25,NONE-Clean Run,No significant fault events,985.6,6.0,991.6,402.5
2026-08-12,Morning,Line 2,SMP 25kg Bulk Bag,2400,2304,2275,29,1.27,30,12,450,438,97.33,98.63,98.74,94.79,F03-Auger Hopper Clog,Powder bridging in dosing funnel,1406.5,50.0,1456.5,576.5
2026-08-12,Morning,Line 3,NZ Gold 500g Canister,12000,11472,11349,123,1.08,30,24,450,426,94.67,100.99,98.93,94.58,F03-Auger Hopper Clog,Powder bridging in dosing funnel,1205.4,72.0,1277.4,393.2
2026-08-12,Afternoon,Line 1,WMP 1kg Pouch,18000,17561,17371,190,1.09,30,6,450,444,98.67,98.88,98.92,96.51,NONE-Clean Run,No significant fault events,608.0,12.0,620.0,404.1
2026-08-12,Afternoon,Line 2,SMP 25kg Bulk Bag,2400,2316,2299,17,0.75,30,18,450,432,96.0,100.52,99.27,95.79,F04-Palletizer Sync,Case packer / robotic palletizer jam,824.5,75.0,899.5,567.1
2026-08-12,Afternoon,Line 3,NZ Gold 500g Canister,12000,11728,11543,185,1.58,60,3,420,417,99.29,98.44,98.42,96.2,NONE-Clean Run,No significant fault events,1813.0,9.0,1822.0,385.8
2026-08-12,Night,Line 1,WMP 1kg Pouch,18000,17536,17229,307,1.75,45,4,435,431,99.08,98.33,98.25,95.72,NONE-Clean Run,No significant fault events,982.4,8.0,990.4,400.3
2026-08-12,Night,Line 2,SMP 25kg Bulk Bag,2400,1753,1701,52,3.0,45,74,435,361,82.99,88.01,97.03,70.87,F04-Palletizer Sync,Case packer / robotic palletizer jam,2522.0,308.33,2830.33,492.9
2026-08-12,Night,Line 3,NZ Gold 500g Canister,12000,11304,11142,162,1.43,45,2,435,433,99.54,94.64,98.57,92.86,NONE-Clean Run,No significant fault events,1587.6,6.0,1593.6,390.3
2026-08-13,Morning,Line 1,WMP 1kg Pouch,18000,13722,13314,408,2.97,30,51,450,399,88.67,85.98,97.03,73.97,F01-Sealer Jam,Sealing jaw film jamming / temp drop,1305.6,102.0,1407.6,354.6
2026-08-13,Morning,Line 2,SMP 25kg Bulk Bag,2400,2262,2234,28,1.26,30,1,450,449,99.78,94.46,98.76,93.08,NONE-Clean Run,No significant fault events,1358.0,4.17,1362.17,599.1
2026-08-13,Morning,Line 3,NZ Gold 500g Canister,12000,11658,11464,194,1.67,30,6,450,444,98.67,98.46,98.34,95.54,NONE-Clean Run,No significant fault events,1901.2,18.0,1919.2,406.1
2026-08-13,Afternoon,Line 1,WMP 1kg Pouch,18000,14239,13433,806,5.66,45,30,435,405,93.1,84.97,94.34,74.63,F06-Coding Printer Error,Laser / Inkjet date-code illegible,2579.2,60.0,2639.2,365.8
2026-08-13,Afternoon,Line 2,SMP 25kg Bulk Bag,2400,2237,2198,39,1.74,30,9,450,441,98.0,95.11,98.26,91.59,NONE-Clean Run,No significant fault events,1891.5,37.5,1929.0,579.8
2026-08-13,Afternoon,Line 3,NZ Gold 500g Canister,12000,11923,11839,84,0.7,30,0,450,450,100.0,99.36,99.3,98.66,NONE-Clean Run,No significant fault events,823.2,0.0,823.2,404.4
2026-08-13,Night,Line 1,WMP 1kg Pouch,18000,17174,16991,183,1.07,30,0,450,450,100.0,95.41,98.93,94.39,NONE-Clean Run,No significant fault events,585.6,0.0,585.6,418.9
2026-08-13,Night,Line 2,SMP 25kg Bulk Bag,2400,2280,2246,34,1.5,30,7,450,443,98.44,96.5,98.51,93.58,NONE-Clean Run,No significant fault events,1649.0,29.17,1678.17,574.6
2026-08-13,Night,Line 3,NZ Gold 500g Canister,12000,9470,8987,483,5.1,30,44,450,406,90.22,87.47,94.9,74.89,F05-Carton Erector,Carton feed vacuum cup failure,4733.4,132.0,4865.4,378.9
2026-08-14,Morning,Line 1,WMP 1kg Pouch,18000,18226,17942,284,1.56,30,3,450,447,99.33,101.94,98.44,99.68,NONE-Clean Run,No significant fault events,908.8,6.0,914.8,407.4
2026-08-14,Morning,Line 2,SMP 25kg Bulk Bag,2400,2303,2275,28,1.24,30,14,450,436,96.89,99.04,98.78,94.79,F04-Palletizer Sync,Case packer / robotic palletizer jam,1358.0,58.33,1416.33,576.6
2026-08-14,Morning,Line 3,NZ Gold 500g Canister,12000,11493,11360,133,1.16,30,13,450,437,97.11,98.62,98.84,94.66,F04-Palletizer Sync,Case packer / robotic palletizer jam,1303.4,39.0,1342.4,406.8
2026-08-14,Afternoon,Line 1,WMP 1kg Pouch,18000,17508,17202,306,1.75,60,16,420,404,96.19,101.12,98.25,95.57,F01-Sealer Jam,Sealing jaw film jamming / temp drop,979.2,32.0,1011.2,370.4
2026-08-14,Afternoon,Line 2,SMP 25kg Bulk Bag,2400,2344,2327,17,0.77,45,6,435,429,98.62,99.03,99.27,96.95,NONE-Clean Run,No significant fault events,824.5,25.0,849.5,575.2
2026-08-14,Afternoon,Line 3,NZ Gold 500g Canister,12000,11828,11651,177,1.5,45,0,435,435,100.0,98.57,98.5,97.09,NONE-Clean Run,No significant fault events,1734.6,0.0,1734.6,392.8
2026-08-14,Night,Line 1,WMP 1kg Pouch,18000,17849,17581,268,1.5,30,2,450,448,99.56,99.6,98.5,97.67,NONE-Clean Run,No significant fault events,857.6,4.0,861.6,407.5
2026-08-14,Night,Line 2,SMP 25kg Bulk Bag,2400,2365,2343,22,0.97,45,3,435,432,99.31,99.23,99.07,97.63,NONE-Clean Run,No significant fault events,1067.0,12.5,1079.5,565.3
2026-08-14,Night,Line 3,NZ Gold 500g Canister,12000,9575,9225,350,3.67,30,36,450,414,92.0,86.73,96.34,76.87,F05-Carton Erector,Carton feed vacuum cup failure,3430.0,108.0,3538.0,381.4
2026-08-15,Morning,Line 1,WMP 1kg Pouch,18000,17502,17342,160,0.92,30,4,450,446,99.11,98.11,99.09,96.35,NONE-Clean Run,No significant fault events,512.0,8.0,520.0,406.3
2026-08-15,Morning,Line 2,SMP 25kg Bulk Bag,2400,2252,2214,38,1.7,30,3,450,447,99.33,94.46,98.31,92.24,NONE-Clean Run,No significant fault events,1843.0,12.5,1855.5,581.8
2026-08-15,Morning,Line 3,NZ Gold 500g Canister,12000,10825,10662,163,1.51,30,19,450,431,95.78,94.19,98.49,88.85,F05-Carton Erector,Carton feed vacuum cup failure,1597.4,57.0,1654.4,397.6
2026-08-15,Afternoon,Line 1,WMP 1kg Pouch,18000,17012,16805,207,1.22,45,1,435,434,99.77,94.73,98.78,93.36,NONE-Clean Run,No significant fault events,662.4,2.0,664.4,401.5
2026-08-15,Afternoon,Line 2,SMP 25kg Bulk Bag,2400,2256,2234,22,1.0,30,18,450,432,96.0,97.92,99.02,93.08,F04-Palletizer Sync,Case packer / robotic palletizer jam,1067.0,75.0,1142.0,579.0
2026-08-15,Afternoon,Line 3,NZ Gold 500g Canister,12000,11975,11809,166,1.39,30,3,450,447,99.33,100.46,98.61,98.4,NONE-Clean Run,No significant fault events,1626.8,9.0,1635.8,399.9
2026-08-15,Night,Line 1,WMP 1kg Pouch,18000,18018,17856,162,0.9,30,1,450,449,99.78,100.32,99.1,99.2,NONE-Clean Run,No significant fault events,518.4,2.0,520.4,413.4
2026-08-15,Night,Line 2,SMP 25kg Bulk Bag,2400,2233,2203,30,1.35,30,7,450,443,98.44,94.51,98.66,91.79,NONE-Clean Run,No significant fault events,1455.0,29.17,1484.17,579.7
2026-08-15,Night,Line 3,NZ Gold 500g Canister,12000,11396,11281,115,1.01,45,10,435,425,97.7,97.2,98.99,94.01,F02-Checkweigher Drift,Dynamic scale calibration offset,1127.0,30.0,1157.0,392.0
2026-08-16,Morning,Line 1,WMP 1kg Pouch,18000,12013,11296,717,5.97,60,79,420,341,81.19,82.2,94.03,62.75,F02-Checkweigher Drift,Dynamic scale calibration offset,2294.4,158.0,2452.4,328.7
2026-08-16,Morning,Line 2,SMP 25kg Bulk Bag,2400,2362,2331,31,1.32,30,4,450,446,99.11,99.3,98.69,97.13,NONE-Clean Run,No significant fault events,1503.5,16.67,1520.17,587.6
2026-08-16,Morning,Line 3,NZ Gold 500g Canister,12000,11273,11085,188,1.67,60,2,420,418,99.52,94.39,98.33,92.37,NONE-Clean Run,No significant fault events,1842.4,6.0,1848.4,385.4
2026-08-16,Afternoon,Line 1,WMP 1kg Pouch,18000,17042,16882,160,0.94,30,2,450,448,99.56,95.1,99.06,93.79,NONE-Clean Run,No significant fault events,512.0,4.0,516.0,408.4
2026-08-16,Afternoon,Line 2,SMP 25kg Bulk Bag,2400,2326,2297,29,1.26,45,11,435,424,97.47,99.43,98.75,95.7,F04-Palletizer Sync,Case packer / robotic palletizer jam,1406.5,45.83,1452.33,564.6
2026-08-16,Afternoon,Line 3,NZ Gold 500g Canister,12000,11213,11020,193,1.73,60,13,420,407,96.9,96.43,98.28,91.83,F05-Carton Erector,Carton feed vacuum cup failure,1891.4,39.0,1930.4,379.1
2026-08-16,Night,Line 1,WMP 1kg Pouch,18000,17722,17573,149,0.84,45,4,435,431,99.08,99.37,99.16,97.63,NONE-Clean Run,No significant fault events,476.8,8.0,484.8,398.5
2026-08-16,Night,Line 2,SMP 25kg Bulk Bag,2400,2310,2282,28,1.25,45,1,435,434,99.77,96.47,98.79,95.08,NONE-Clean Run,No significant fault events,1358.0,4.17,1362.17,580.3
2026-08-16,Night,Line 3,NZ Gold 500g Canister,12000,9221,8879,342,3.72,45,37,435,398,91.49,83.99,96.29,73.99,F02-Checkweigher Drift,Dynamic scale calibration offset,3351.6,111.0,3462.6,368.9
2026-08-17,Morning,Line 1,WMP 1kg Pouch,18000,17565,17407,158,0.9,30,18,450,432,96.0,101.65,99.1,96.71,F06-Coding Printer Error,Laser / Inkjet date-code illegible,505.6,36.0,541.6,396.0
2026-08-17,Morning,Line 2,SMP 25kg Bulk Bag,2400,2276,2248,28,1.23,30,0,450,450,100.0,94.83,98.77,93.66,NONE-Clean Run,No significant fault events,1358.0,0.0,1358.0,585.9
2026-08-17,Morning,Line 3,NZ Gold 500g Canister,12000,12045,11847,198,1.64,60,2,420,418,99.52,100.86,98.36,98.73,NONE-Clean Run,No significant fault events,1940.4,6.0,1946.4,378.8
2026-08-17,Afternoon,Line 1,WMP 1kg Pouch,18000,13500,12970,530,3.93,45,60,435,375,86.21,87.0,96.07,72.06,F02-Checkweigher Drift,Dynamic scale calibration offset,1696.0,120.0,1816.0,350.7
2026-08-17,Afternoon,Line 2,SMP 25kg Bulk Bag,2400,2404,2379,25,1.04,45,1,435,434,99.77,100.4,98.96,99.13,NONE-Clean Run,No significant fault events,1212.5,4.17,1216.67,570.2
2026-08-17,Afternoon,Line 3,NZ Gold 500g Canister,12000,11672,11554,118,1.02,45,13,435,422,97.01,100.26,98.99,96.28,F04-Palletizer Sync,Case packer / robotic palletizer jam,1156.4,39.0,1195.4,389.3
2026-08-17,Night,Line 1,WMP 1kg Pouch,18000,17553,17415,138,0.79,60,7,420,413,98.33,99.17,99.21,96.74,NONE-Clean Run,No significant fault events,441.6,14.0,455.6,387.8
2026-08-17,Night,Line 2,SMP 25kg Bulk Bag,2400,2165,2148,17,0.8,30,25,450,425,94.44,95.51,99.21,89.49,F06-Coding Printer Error,Laser / Inkjet date-code illegible,824.5,104.17,928.67,566.7
2026-08-17,Night,Line 3,NZ Gold 500g Canister,12000,11609,11477,132,1.14,60,8,420,412,98.1,98.62,98.86,95.64,NONE-Clean Run,No significant fault events,1293.6,24.0,1317.6,378.5
2026-08-18,Morning,Line 1,WMP 1kg Pouch,18000,16745,16554,191,1.14,45,21,435,414,95.17,97.75,98.86,91.97,F06-Coding Printer Error,Laser / Inkjet date-code illegible,611.2,42.0,653.2,371.5
2026-08-18,Morning,Line 2,SMP 25kg Bulk Bag,2400,2277,2254,23,1.03,45,1,435,434,99.77,95.09,98.99,93.91,NONE-Clean Run,No significant fault events,1115.5,4.17,1119.67,563.0
2026-08-18,Morning,Line 3,NZ Gold 500g Canister,12000,8523,8035,488,5.73,30,71,450,379,84.22,84.33,94.27,66.95,F02-Checkweigher Drift,Dynamic scale calibration offset,4782.4,213.0,4995.4,358.0
2026-08-18,Afternoon,Line 1,WMP 1kg Pouch,18000,13359,12721,638,4.78,60,81,420,339,80.71,91.95,95.22,70.67,F06-Coding Printer Error,Laser / Inkjet date-code illegible,2041.6,162.0,2203.6,320.8
2026-08-18,Afternoon,Line 2,SMP 25kg Bulk Bag,2400,2262,2242,20,0.89,30,5,450,445,98.89,95.31,99.12,93.42,NONE-Clean Run,No significant fault events,970.0,20.83,990.83,584.7
2026-08-18,Afternoon,Line 3,NZ Gold 500g Canister,12000,9229,8847,382,4.15,30,51,450,399,88.67,86.74,95.86,73.73,F02-Checkweigher Drift,Dynamic scale calibration offset,3743.6,153.0,3896.6,364.3
2026-08-18,Night,Line 1,WMP 1kg Pouch,18000,17277,17068,209,1.21,30,6,450,444,98.67,97.28,98.79,94.82,NONE-Clean Run,No significant fault events,668.8,12.0,680.8,407.4
2026-08-18,Night,Line 2,SMP 25kg Bulk Bag,2400,1795,1688,107,5.96,30,70,450,380,84.44,88.57,94.04,70.33,F04-Palletizer Sync,Case packer / robotic palletizer jam,5189.5,291.67,5481.17,501.8
2026-08-18,Night,Line 3,NZ Gold 500g Canister,12000,8670,8317,353,4.08,60,74,420,346,82.38,87.7,95.93,69.31,F02-Checkweigher Drift,Dynamic scale calibration offset,3459.4,222.0,3681.4,332.5
2026-08-19,Morning,Line 1,WMP 1kg Pouch,18000,17902,17722,180,1.01,30,5,450,445,98.89,100.57,98.99,98.45,NONE-Clean Run,No significant fault events,576.0,10.0,586.0,405.7
2026-08-19,Morning,Line 2,SMP 25kg Bulk Bag,2400,2303,2282,21,0.96,45,16,435,419,96.32,99.62,99.09,95.08,F01-Sealer Jam,Sealing jaw film jamming / temp drop,1018.5,66.67,1085.17,547.5
2026-08-19,Morning,Line 3,NZ Gold 500g Canister,12000,11759,11647,112,0.96,30,9,450,441,98.0,99.99,99.05,97.06,NONE-Clean Run,No significant fault events,1097.6,27.0,1124.6,398.8
2026-08-19,Afternoon,Line 1,WMP 1kg Pouch,18000,12492,11877,615,4.92,60,68,420,352,83.81,82.81,95.08,65.99,F01-Sealer Jam,Sealing jaw film jamming / temp drop,1968.0,136.0,2104.0,327.5
2026-08-19,Afternoon,Line 2,SMP 25kg Bulk Bag,2400,2375,2338,37,1.6,30,9,450,441,98.0,100.98,98.44,97.42,NONE-Clean Run,No significant fault events,1794.5,37.5,1832.0,582.7
2026-08-19,Afternoon,Line 3,NZ Gold 500g Canister,12000,11587,11403,184,1.59,30,0,450,450,100.0,96.56,98.41,95.02,NONE-Clean Run,No significant fault events,1803.2,0.0,1803.2,415.6
2026-08-19,Night,Line 1,WMP 1kg Pouch,18000,13103,12352,751,5.73,45,61,435,374,85.98,84.67,94.27,68.63,F01-Sealer Jam,Sealing jaw film jamming / temp drop,2403.2,122.0,2525.2,350.4
2026-08-19,Night,Line 2,SMP 25kg Bulk Bag,2400,2263,2224,39,1.75,45,3,435,432,99.31,94.95,98.28,92.67,NONE-Clean Run,No significant fault events,1891.5,12.5,1904.0,561.7
2026-08-19,Night,Line 3,NZ Gold 500g Canister,12000,9053,8688,365,4.04,30,57,450,393,87.33,86.38,95.97,72.4,F02-Checkweigher Drift,Dynamic scale calibration offset,3577.0,171.0,3748.0,365.7
2026-08-20,Morning,Line 1,WMP 1kg Pouch,18000,17000,16696,304,1.79,60,9,420,411,97.86,96.51,98.21,92.75,NONE-Clean Run,No significant fault events,972.8,18.0,990.8,387.3
2026-08-20,Morning,Line 2,SMP 25kg Bulk Bag,2400,2180,2150,30,1.4,45,19,435,416,95.63,94.98,98.62,89.58,F03-Auger Hopper Clog,Powder bridging in dosing funnel,1455.0,79.17,1534.17,551.6
2026-08-20,Morning,Line 3,NZ Gold 500g Canister,12000,9721,9368,353,3.64,45,46,435,389,89.43,90.59,96.37,78.07,F06-Coding Printer Error,Laser / Inkjet date-code illegible,3459.4,138.0,3597.4,362.5
2026-08-20,Afternoon,Line 1,WMP 1kg Pouch,18000,16526,16319,207,1.25,30,11,450,439,97.56,94.11,98.75,90.67,F02-Checkweigher Drift,Dynamic scale calibration offset,662.4,22.0,684.4,400.0
2026-08-20,Afternoon,Line 2,SMP 25kg Bulk Bag,2400,2384,2355,29,1.25,60,7,420,413,98.33,101.02,98.78,98.12,NONE-Clean Run,No significant fault events,1406.5,29.17,1435.67,556.3
2026-08-20,Afternoon,Line 3,NZ Gold 500g Canister,12000,11799,11609,190,1.61,45,4,435,431,99.08,99.24,98.39,96.74,NONE-Clean Run,No significant fault events,1862.0,12.0,1874.0,388.5
2026-08-20,Night,Line 1,WMP 1kg Pouch,18000,18021,17816,205,1.14,30,1,450,449,99.78,100.34,98.86,98.98,NONE-Clean Run,No significant fault events,656.0,2.0,658.0,406.1
2026-08-20,Night,Line 2,SMP 25kg Bulk Bag,2400,1914,1798,116,6.1,60,45,420,375,89.29,89.32,93.94,74.92,F04-Palletizer Sync,Case packer / robotic palletizer jam,5626.0,187.5,5813.5,504.0
2026-08-20,Night,Line 3,NZ Gold 500g Canister,12000,11637,11450,187,1.61,30,5,450,445,98.89,98.06,98.39,95.41,NONE-Clean Run,No significant fault events,1832.6,15.0,1847.6,408.3
2026-08-21,Morning,Line 1,WMP 1kg Pouch,18000,17620,17348,272,1.54,45,5,435,430,98.85,99.03,98.46,96.38,NONE-Clean Run,No significant fault events,870.4,10.0,880.4,390.1
2026-08-21,Morning,Line 2,SMP 25kg Bulk Bag,2400,2341,2301,40,1.72,45,13,435,422,97.01,100.55,98.29,95.88,F02-Checkweigher Drift,Dynamic scale calibration offset,1940.0,54.17,1994.17,566.9
2026-08-21,Morning,Line 3,NZ Gold 500g Canister,12000,11307,11210,97,0.86,45,20,435,415,95.4,98.77,99.14,93.42,F02-Checkweigher Drift,Dynamic scale calibration offset,950.6,60.0,1010.6,379.8
2026-08-21,Afternoon,Line 1,WMP 1kg Pouch,18000,13228,12723,505,3.82,30,76,450,374,83.11,88.42,96.18,70.68,F01-Sealer Jam,Sealing jaw film jamming / temp drop,1616.0,152.0,1768.0,357.2
2026-08-21,Afternoon,Line 2,SMP 25kg Bulk Bag,2400,2404,2375,29,1.22,30,1,450,449,99.78,100.39,98.79,98.96,NONE-Clean Run,No significant fault events,1406.5,4.17,1410.67,592.9
2026-08-21,Afternoon,Line 3,NZ Gold 500g Canister,12000,9506,9232,274,2.89,30,49,450,401,89.11,88.9,97.12,76.94,F05-Carton Erector,Carton feed vacuum cup failure,2685.2,147.0,2832.2,374.8
2026-08-21,Night,Line 1,WMP 1kg Pouch,18000,14056,13624,432,3.07,30,29,450,421,93.56,83.47,96.93,75.7,F01-Sealer Jam,Sealing jaw film jamming / temp drop,1382.4,58.0,1440.4,389.8
2026-08-21,Night,Line 2,SMP 25kg Bulk Bag,2400,1850,1740,110,5.95,30,35,450,415,92.22,83.58,94.05,72.49,F04-Palletizer Sync,Case packer / robotic palletizer jam,5335.0,145.83,5480.83,547.8
2026-08-21,Night,Line 3,NZ Gold 500g Canister,12000,8984,8564,420,4.68,60,60,420,360,85.71,87.34,95.33,71.36,F06-Coding Printer Error,Laser / Inkjet date-code illegible,4116.0,180.0,4296.0,346.3
2026-08-22,Morning,Line 1,WMP 1kg Pouch,18000,13662,12927,735,5.38,30,50,450,400,88.89,85.39,94.62,71.82,F01-Sealer Jam,Sealing jaw film jamming / temp drop,2352.0,100.0,2452.0,373.0
2026-08-22,Morning,Line 2,SMP 25kg Bulk Bag,2400,2227,2190,37,1.67,60,7,420,413,98.33,94.36,98.34,91.24,NONE-Clean Run,No significant fault events,1794.5,29.17,1823.67,544.4
2026-08-22,Morning,Line 3,NZ Gold 500g Canister,12000,11018,10858,160,1.46,30,20,450,430,95.56,96.09,98.55,90.49,F01-Sealer Jam,Sealing jaw film jamming / temp drop,1568.0,60.0,1628.0,385.7
2026-08-22,Afternoon,Line 1,WMP 1kg Pouch,18000,17676,17374,302,1.71,45,1,435,434,99.77,98.43,98.29,96.52,NONE-Clean Run,No significant fault events,966.4,2.0,968.4,394.2
2026-08-22,Afternoon,Line 2,SMP 25kg Bulk Bag,2400,2344,2319,25,1.1,30,12,450,438,97.33,100.34,98.93,96.62,F02-Checkweigher Drift,Dynamic scale calibration offset,1212.5,50.0,1262.5,566.9
2026-08-22,Afternoon,Line 3,NZ Gold 500g Canister,12000,11429,11256,173,1.52,60,10,420,410,97.62,97.56,98.49,93.8,F05-Carton Erector,Carton feed vacuum cup failure,1695.4,30.0,1725.4,384.7
2026-08-22,Night,Line 1,WMP 1kg Pouch,18000,17044,16801,243,1.43,30,5,450,445,98.89,95.75,98.57,93.33,NONE-Clean Run,No significant fault events,777.6,10.0,787.6,396.9
2026-08-22,Night,Line 2,SMP 25kg Bulk Bag,2400,2303,2287,16,0.73,30,5,450,445,98.89,97.04,99.31,95.3,NONE-Clean Run,No significant fault events,776.0,20.83,796.83,584.4
2026-08-22,Night,Line 3,NZ Gold 500g Canister,12000,11443,11250,193,1.69,30,13,450,437,97.11,98.2,98.31,93.75,F01-Sealer Jam,Sealing jaw film jamming / temp drop,1891.4,39.0,1930.4,394.8
2026-08-23,Morning,Line 1,WMP 1kg Pouch,18000,17058,16916,142,0.84,45,4,435,431,99.08,95.65,99.17,93.98,NONE-Clean Run,No significant fault events,454.4,8.0,462.4,399.6
2026-08-23,Morning,Line 2,SMP 25kg Bulk Bag,2400,2335,2307,28,1.24,45,10,435,425,97.7,99.58,98.8,96.12,F03-Auger Hopper Clog,Powder bridging in dosing funnel,1358.0,41.67,1399.67,562.3
2026-08-23,Morning,Line 3,NZ Gold 500g Canister,12000,11718,11516,202,1.73,60,2,420,418,99.52,98.12,98.28,95.97,NONE-Clean Run,No significant fault events,1979.6,6.0,1985.6,377.8
2026-08-23,Afternoon,Line 1,WMP 1kg Pouch,18000,16928,16749,179,1.06,30,7,450,443,98.44,95.53,98.94,93.04,NONE-Clean Run,No significant fault events,572.8,14.0,586.8,404.3
2026-08-23,Afternoon,Line 2,SMP 25kg Bulk Bag,2400,2266,2229,37,1.64,45,1,435,434,99.77,94.63,98.37,92.87,NONE-Clean Run,No significant fault events,1794.5,4.17,1798.67,577.7
2026-08-23,Afternoon,Line 3,NZ Gold 500g Canister,12000,11625,11476,149,1.29,30,10,450,440,97.78,99.08,98.72,95.64,F05-Carton Erector,Carton feed vacuum cup failure,1460.2,30.0,1490.2,396.5
2026-08-23,Night,Line 1,WMP 1kg Pouch,18000,14080,13276,804,5.72,30,53,450,397,88.22,88.66,94.29,73.75,F01-Sealer Jam,Sealing jaw film jamming / temp drop,2572.8,106.0,2678.8,366.4
2026-08-23,Night,Line 2,SMP 25kg Bulk Bag,2400,2223,2203,20,0.91,30,10,450,440,97.78,94.73,99.1,91.79,F04-Palletizer Sync,Case packer / robotic palletizer jam,970.0,41.67,1011.67,584.6
2026-08-23,Night,Line 3,NZ Gold 500g Canister,12000,11514,11362,152,1.32,30,13,450,437,97.11,98.8,98.68,94.68,F01-Sealer Jam,Sealing jaw film jamming / temp drop,1489.6,39.0,1528.6,400.3
2026-08-24,Morning,Line 1,WMP 1kg Pouch,18000,17688,17376,312,1.77,30,7,450,443,98.44,99.82,98.24,96.53,NONE-Clean Run,No significant fault events,998.4,14.0,1012.4,404.8
2026-08-24,Morning,Line 2,SMP 25kg Bulk Bag,2400,2328,2296,32,1.39,45,8,435,427,98.16,98.82,98.63,95.67,NONE-Clean Run,No significant fault events,1552.0,33.33,1585.33,563.0
2026-08-24,Morning,Line 3,NZ Gold 500g Canister,12000,11393,11249,144,1.27,30,3,450,447,99.33,95.58,98.74,93.74,NONE-Clean Run,No significant fault events,1411.2,9.0,1420.2,405.0
2026-08-24,Afternoon,Line 1,WMP 1kg Pouch,18000,17010,16810,200,1.18,30,8,450,442,98.22,96.21,98.82,93.38,NONE-Clean Run,No significant fault events,640.0,16.0,656.0,406.1
2026-08-24,Afternoon,Line 2,SMP 25kg Bulk Bag,2400,2281,2257,24,1.06,45,21,435,414,95.17,99.86,98.95,94.04,F01-Sealer Jam,Sealing jaw film jamming / temp drop,1164.0,87.5,1251.5,546.7
2026-08-24,Afternoon,Line 3,NZ Gold 500g Canister,12000,11991,11835,156,1.31,30,0,450,450,100.0,99.92,98.7,98.62,NONE-Clean Run,No significant fault events,1528.8,0.0,1528.8,407.3
2026-08-24,Night,Line 1,WMP 1kg Pouch,18000,13719,13225,494,3.6,30,55,450,395,87.78,86.83,96.4,73.48,F02-Checkweigher Drift,Dynamic scale calibration offset,1580.8,110.0,1690.8,368.4
2026-08-24,Night,Line 2,SMP 25kg Bulk Bag,2400,1797,1700,97,5.41,30,42,450,408,90.67,82.58,94.6,70.83,F04-Palletizer Sync,Case packer / robotic palletizer jam,4704.5,175.0,4879.5,536.6
2026-08-24,Night,Line 3,NZ Gold 500g Canister,12000,9085,8750,335,3.69,45,53,435,382,87.82,86.21,96.31,72.92,F05-Carton Erector,Carton feed vacuum cup failure,3283.0,159.0,3442.0,352.7
2026-08-25,Morning,Line 1,WMP 1kg Pouch,18000,17166,16939,227,1.33,30,6,450,444,98.67,96.66,98.68,94.12,NONE-Clean Run,No significant fault events,726.4,12.0,738.4,401.8
2026-08-25,Morning,Line 2,SMP 25kg Bulk Bag,2400,1961,1842,119,6.09,30,49,450,401,89.11,91.69,93.93,76.75,F03-Auger Hopper Clog,Powder bridging in dosing funnel,5771.5,204.17,5975.67,532.6
2026-08-25,Morning,Line 3,NZ Gold 500g Canister,12000,11553,11415,138,1.2,45,7,435,428,98.39,97.85,98.81,95.13,NONE-Clean Run,No significant fault events,1352.4,21.0,1373.4,397.5
2026-08-25,Afternoon,Line 1,WMP 1kg Pouch,18000,16883,16594,289,1.72,45,3,435,432,99.31,94.45,98.29,92.19,NONE-Clean Run,No significant fault events,924.8,6.0,930.8,400.0
2026-08-25,Afternoon,Line 2,SMP 25kg Bulk Bag,2400,2408,2383,25,1.08,45,2,435,433,99.54,100.8,98.96,99.29,NONE-Clean Run,No significant fault events,1212.5,8.33,1220.83,569.4
2026-08-25,Afternoon,Line 3,NZ Gold 500g Canister,12000,12205,12118,87,0.72,45,0,435,435,100.0,101.71,99.29,100.99,NONE-Clean Run,No significant fault events,852.6,0.0,852.6,404.9
2026-08-25,Night,Line 1,WMP 1kg Pouch,18000,16928,16787,141,0.84,30,21,450,429,95.33,98.65,99.17,93.26,F04-Palletizer Sync,Case packer / robotic palletizer jam,451.2,42.0,493.2,385.0
2026-08-25,Night,Line 2,SMP 25kg Bulk Bag,2400,2306,2285,21,0.91,45,16,435,419,96.32,99.75,99.09,95.2,F05-Carton Erector,Carton feed vacuum cup failure,1018.5,66.67,1085.17,548.2
2026-08-25,Night,Line 3,NZ Gold 500g Canister,12000,11345,11216,129,1.14,60,8,420,412,98.1,96.38,98.86,93.47,NONE-Clean Run,No significant fault events,1264.2,24.0,1288.2,373.9
2026-08-26,Morning,Line 1,WMP 1kg Pouch,18000,15334,14413,921,6.01,45,32,435,403,92.64,91.95,93.99,80.06,F02-Checkweigher Drift,Dynamic scale calibration offset,2947.2,64.0,3011.2,369.7
2026-08-26,Morning,Line 2,SMP 25kg Bulk Bag,2400,2275,2238,37,1.63,30,4,450,446,99.11,95.64,98.37,93.24,NONE-Clean Run,No significant fault events,1794.5,16.67,1811.17,584.5
2026-08-26,Morning,Line 3,NZ Gold 500g Canister,12000,11345,11262,83,0.74,60,13,420,407,96.9,97.56,99.27,93.85,F02-Checkweigher Drift,Dynamic scale calibration offset,813.4,39.0,852.4,377.6
2026-08-26,Afternoon,Line 1,WMP 1kg Pouch,18000,18235,18000,235,1.29,60,0,420,420,100.0,101.31,98.71,100.0,NONE-Clean Run,No significant fault events,752.0,0.0,752.0,391.7
2026-08-26,Afternoon,Line 2,SMP 25kg Bulk Bag,2400,2353,2324,29,1.24,30,11,450,439,97.56,100.5,98.77,96.84,F02-Checkweigher Drift,Dynamic scale calibration offset,1406.5,45.83,1452.33,574.9
2026-08-26,Afternoon,Line 3,NZ Gold 500g Canister,12000,11697,11588,109,0.94,30,7,450,443,98.44,99.02,99.07,96.57,NONE-Clean Run,No significant fault events,1068.2,21.0,1089.2,400.1
2026-08-26,Night,Line 1,WMP 1kg Pouch,18000,14019,13189,830,5.92,30,25,450,425,94.44,82.46,94.08,73.27,F06-Coding Printer Error,Laser / Inkjet date-code illegible,2656.0,50.0,2706.0,385.0
2026-08-26,Night,Line 2,SMP 25kg Bulk Bag,2400,2355,2317,38,1.64,30,8,450,442,98.22,99.9,98.39,96.54,NONE-Clean Run,No significant fault events,1843.0,33.33,1876.33,571.9
2026-08-26,Night,Line 3,NZ Gold 500g Canister,12000,11695,11537,158,1.35,45,2,435,433,99.54,97.91,98.65,96.14,NONE-Clean Run,No significant fault events,1548.4,6.0,1554.4,394.5
2026-08-27,Morning,Line 1,WMP 1kg Pouch,18000,17374,17198,176,1.02,30,2,450,448,99.56,96.95,98.99,95.55,NONE-Clean Run,No significant fault events,563.2,4.0,567.2,405.7
2026-08-27,Morning,Line 2,SMP 25kg Bulk Bag,2400,1727,1659,68,3.95,45,87,435,348,80.0,89.95,96.06,69.12,F04-Palletizer Sync,Case packer / robotic palletizer jam,3298.0,362.5,3660.5,471.6
2026-08-27,Morning,Line 3,NZ Gold 500g Canister,12000,11987,11870,117,0.98,30,7,450,443,98.44,101.47,99.02,98.91,NONE-Clean Run,No significant fault events,1146.6,21.0,1167.6,405.9
2026-08-27,Afternoon,Line 1,WMP 1kg Pouch,18000,18070,17842,228,1.27,45,2,435,433,99.54,100.85,98.74,99.12,NONE-Clean Run,No significant fault events,729.6,4.0,733.6,394.6
2026-08-27,Afternoon,Line 2,SMP 25kg Bulk Bag,2400,2309,2275,34,1.49,30,6,450,444,98.67,97.51,98.53,94.8,NONE-Clean Run,No significant fault events,1649.0,25.0,1674.0,582.0
2026-08-27,Afternoon,Line 3,NZ Gold 500g Canister,12000,11992,11795,197,1.65,30,9,450,441,98.0,101.97,98.36,98.29,NONE-Clean Run,No significant fault events,1930.6,27.0,1957.6,404.4
2026-08-27,Night,Line 1,WMP 1kg Pouch,18000,14472,14037,435,3.01,30,49,450,401,89.11,90.22,96.99,77.98,F01-Sealer Jam,Sealing jaw film jamming / temp drop,1392.0,98.0,1490.0,372.9
2026-08-27,Night,Line 2,SMP 25kg Bulk Bag,2400,2354,2316,38,1.62,30,5,450,445,98.89,99.19,98.39,96.51,NONE-Clean Run,No significant fault events,1843.0,20.83,1863.83,578.2
2026-08-27,Night,Line 3,NZ Gold 500g Canister,12000,10782,10680,102,0.95,45,25,435,410,94.25,95.33,99.05,88.99,F04-Palletizer Sync,Case packer / robotic palletizer jam,999.6,75.0,1074.6,380.0
2026-08-28,Morning,Line 1,WMP 1kg Pouch,18000,17501,17189,312,1.79,30,3,450,447,99.33,97.88,98.22,95.49,NONE-Clean Run,No significant fault events,998.4,6.0,1004.4,416.7
2026-08-28,Morning,Line 2,SMP 25kg Bulk Bag,2400,1802,1708,94,5.25,60,48,420,372,88.57,84.77,94.78,71.16,F04-Palletizer Sync,Case packer / robotic palletizer jam,4559.0,200.0,4759.0,495.9
2026-08-28,Morning,Line 3,NZ Gold 500g Canister,12000,11290,11114,176,1.56,45,0,435,435,100.0,94.08,98.44,92.61,NONE-Clean Run,No significant fault events,1724.8,0.0,1724.8,392.5
2026-08-28,Afternoon,Line 1,WMP 1kg Pouch,18000,17444,17220,224,1.29,45,4,435,431,99.08,97.81,98.72,95.67,NONE-Clean Run,No significant fault events,716.8,8.0,724.8,399.3
2026-08-28,Afternoon,Line 2,SMP 25kg Bulk Bag,2400,2400,2359,41,1.72,60,7,420,413,98.33,101.69,98.29,98.28,NONE-Clean Run,No significant fault events,1988.5,29.17,2017.67,544.3
2026-08-28,Afternoon,Line 3,NZ Gold 500g Canister,12000,11364,11165,199,1.75,45,2,435,433,99.54,95.14,98.25,93.05,NONE-Clean Run,No significant fault events,1950.2,6.0,1956.2,388.2
2026-08-28,Night,Line 1,WMP 1kg Pouch,18000,16513,16249,264,1.6,30,25,450,425,94.44,97.14,98.4,90.27,F03-Auger Hopper Clog,Powder bridging in dosing funnel,844.8,50.0,894.8,393.0
2026-08-28,Night,Line 2,SMP 25kg Bulk Bag,2400,2255,2238,17,0.77,30,3,450,447,99.33,94.59,99.25,93.25,NONE-Clean Run,No significant fault events,824.5,12.5,837.0,595.5
2026-08-28,Night,Line 3,NZ Gold 500g Canister,12000,9413,8896,517,5.5,30,50,450,400,88.89,88.25,94.51,74.14,F02-Checkweigher Drift,Dynamic scale calibration offset,5066.6,150.0,5216.6,370.9
2026-08-29,Morning,Line 1,WMP 1kg Pouch,18000,16416,16299,117,0.72,45,22,435,413,94.94,96.06,99.29,90.55,F01-Sealer Jam,Sealing jaw film jamming / temp drop,374.4,44.0,418.4,382.6
2026-08-29,Morning,Line 2,SMP 25kg Bulk Bag,2400,2306,2283,23,1.02,30,10,450,440,97.78,98.27,99.0,95.13,F02-Checkweigher Drift,Dynamic scale calibration offset,1115.5,41.67,1157.17,566.0
2026-08-29,Morning,Line 3,NZ Gold 500g Canister,12000,10958,10780,178,1.63,30,15,450,435,96.67,94.47,98.38,89.84,F04-Palletizer Sync,Case packer / robotic palletizer jam,1744.4,45.0,1789.4,402.2
2026-08-29,Afternoon,Line 1,WMP 1kg Pouch,18000,14663,14186,477,3.25,30,45,450,405,90.0,90.51,96.75,78.81,F02-Checkweigher Drift,Dynamic scale calibration offset,1526.4,90.0,1616.4,372.7
2026-08-29,Afternoon,Line 2,SMP 25kg Bulk Bag,2400,1842,1770,72,3.95,60,58,420,362,86.19,89.05,96.09,73.75,F03-Auger Hopper Clog,Powder bridging in dosing funnel,3492.0,241.67,3733.67,473.9
2026-08-29,Afternoon,Line 3,NZ Gold 500g Canister,12000,11407,11310,97,0.86,30,2,450,448,99.56,95.48,99.15,94.25,NONE-Clean Run,No significant fault events,950.6,6.0,956.6,408.7
2026-08-29,Night,Line 1,WMP 1kg Pouch,18000,15164,14403,761,5.02,60,30,420,390,92.86,90.72,94.98,80.01,F02-Checkweigher Drift,Dynamic scale calibration offset,2435.2,60.0,2495.2,360.5
2026-08-29,Night,Line 2,SMP 25kg Bulk Bag,2400,2289,2270,19,0.84,60,3,420,417,99.29,96.06,99.17,94.59,NONE-Clean Run,No significant fault events,921.5,12.5,934.0,542.5
2026-08-29,Night,Line 3,NZ Gold 500g Canister,12000,11781,11621,160,1.36,45,1,435,434,99.77,98.4,98.64,96.84,NONE-Clean Run,No significant fault events,1568.0,3.0,1571.0,407.0
