Date,Shift,Product / SKU,Container,Pack Size (ml),Planned Start,Planned End,Run Time (min),Planned Downtime (min),Unplanned Downtime (min),Changeover Time (min),CIP Time (min),Target Speed (packs/hr),Actual Speed (packs/hr),Total Packs,Good Packs,Reject Packs,Reject Rate (%),Fill Volume Avg (ml),Fill Volume Std Dev (ml),Availability (%),Performance (%),Quality (%),OEE (%),Main Fault Code,Main Fault Description,Probable Cause,Corrective Action,Operator Note
2025-07-01 00:00:00,A,UHT Milk 1L,Bottle,1000,2025-07-01 06:00:00,2025-07-01 14:00:00,396,35,24,25,0,7200,7093,46813,46003,810,0.017303,999.37,1.823,0.88988764,0.985138889,0.982697,0.861494,F004,Conveyor back pressure,Downstream accumulation,Clear downstream blockage and reset conveyor speed balance.,Line released after QC confirmation.
2025-07-01 00:00:00,B,Flavoured Milk 200ml,Bottle,200,2025-07-01 14:00:00,2025-07-01 22:00:00,452,0,8,20,0,10500,10322,77759,77124,635,0.008166,200.18,0.143,0.941666667,0.983047619,0.991834,0.918144,,,,Routine operation; no major intervention required.,Line released after QC confirmation.
2025-07-01 00:00:00,C,Drinking Yoghurt 180ml,Bottle,180,2025-07-01 22:00:00,2025-07-02 06:00:00,465,15,0,0,0,9800,9466,73361,72898,463,0.006311,179.69,0.104,1,0.965918367,0.993689,0.959822,,,,Routine operation; no major intervention required.,Operator verified recipe before production.
2025-07-02 00:00:00,A,UHT Milk 500ml,Bottle,500,2025-07-02 06:00:00,2025-07-02 14:00:00,435,10,35,0,0,8800,7980,57855,56695,1160,0.02005,499.88,0.471,0.925531915,0.906818182,0.97995,0.822461,F008,Air pressure low,Compressed air fluctuation,Check air header pressure and compressor dryer status.,Mock training record only.
2025-07-02 00:00:00,B,Cream 250ml,Cup,250,2025-07-02 14:00:00,2025-07-02 22:00:00,440,15,0,25,0,7600,7468,54765,54314,451,0.008235,249.9,0.359,0.946236559,0.982631579,0.991765,0.922145,,,,Routine operation; no major intervention required.,Mock training record only.
2025-07-02 00:00:00,C,UHT Milk 1L,Bottle,1000,2025-07-02 22:00:00,2025-07-03 06:00:00,450,15,0,15,0,7200,7042,52815,52620,195,0.003692,999.31,1.714,0.967741935,0.978055556,0.996308,0.943011,,,,Routine operation; no major intervention required.,Minor stoppage reviewed during shift handover.
2025-07-03 00:00:00,A,Flavoured Milk 200ml,Bottle,200,2025-07-03 06:00:00,2025-07-03 14:00:00,460,0,0,20,0,10500,9572,73385,72566,819,0.01116,200.16,0.352,0.958333333,0.911619048,0.98884,0.863885,,,,Routine operation; no major intervention required.,Operator verified recipe before production.
2025-07-03 00:00:00,B,Drinking Yoghurt 180ml,Bottle,180,2025-07-03 14:00:00,2025-07-03 22:00:00,440,5,5,30,0,9800,10106,74110,73244,866,0.011685,179.93,0.312,0.926315789,1.03122449,0.988315,0.944078,,,,Routine operation; no major intervention required.,Mock training record only.
2025-07-03 00:00:00,C,UHT Milk 500ml,Bottle,500,2025-07-03 22:00:00,2025-07-04 06:00:00,442,10,28,0,0,8800,8275,60959,59881,1078,0.017684,501.91,0.666,0.940425532,0.940340909,0.982316,0.868682,F001,Nozzle drip detected,Nozzle seal wear,Inspect and replace nozzle seal; verify drip tray sensor.,Stable run after start-up checks.
2025-07-04 00:00:00,A,Cream 250ml,Cup,250,2025-07-04 06:00:00,2025-07-04 14:00:00,465,5,10,0,0,7600,7213,55900,55451,449,0.008032,250.19,0.316,0.978947368,0.949078947,0.991968,0.921636,,,,Routine operation; no major intervention required.,Minor stoppage reviewed during shift handover.
2025-07-04 00:00:00,B,UHT Milk 1L,Bottle,1000,2025-07-04 14:00:00,2025-07-04 22:00:00,457,0,3,20,0,7200,7492,57064,56392,672,0.011776,998.67,1.611,0.952083333,1.040555556,0.988224,0.979029,F002,Bottle sensor missed count,Photo eye blocked,Clean photo eye and confirm bottle spacing at infeed.,Minor stoppage reviewed during shift handover.
2025-07-04 00:00:00,C,Flavoured Milk 200ml,Bottle,200,2025-07-04 22:00:00,2025-07-05 06:00:00,455,0,5,20,0,10500,10146,76940,76208,732,0.009514,199.63,0.389,0.947916667,0.966285714,0.990486,0.907244,,,,Routine operation; no major intervention required.,Minor stoppage reviewed during shift handover.
2025-07-05 00:00:00,A,Drinking Yoghurt 180ml,Bottle,180,2025-07-05 06:00:00,2025-07-05 14:00:00,414,15,21,30,0,9800,8795,60685,59251,1434,0.02363,180.11,0.357,0.890322581,0.89744898,0.97637,0.780138,F008,Air pressure low,Compressed air fluctuation,Check air header pressure and compressor dryer status.,Stable run after start-up checks.
2025-07-05 00:00:00,B,UHT Milk 500ml,Bottle,500,2025-07-05 14:00:00,2025-07-05 22:00:00,440,15,5,20,0,8800,7943,58248,57753,495,0.008498,499.24,0.497,0.946236559,0.902613636,0.991502,0.846828,,,,Routine operation; no major intervention required.,Line released after QC confirmation.
2025-07-05 00:00:00,C,Cream 250ml,Cup,250,2025-07-05 22:00:00,2025-07-06 06:00:00,350,35,5,15,75,7600,7258,42338,41909,429,0.010133,249.61,0.366,0.786516854,0.955,0.989867,0.743512,,,,Routine operation; no major intervention required.,Operator verified recipe before production.
2025-07-06 00:00:00,A,UHT Milk 1L,Bottle,1000,2025-07-06 06:00:00,2025-07-06 14:00:00,445,15,0,20,0,7200,6483,48082,47519,563,0.011709,999.6,1.051,0.956989247,0.900416667,0.988291,0.8516,,,,Routine operation; no major intervention required.,Mock training record only.
2025-07-06 00:00:00,B,Flavoured Milk 200ml,Bottle,200,2025-07-06 14:00:00,2025-07-06 22:00:00,442,10,8,20,0,10500,10257,75559,75156,403,0.005334,199.68,0.494,0.940425532,0.976857143,0.994666,0.913761,,,,Routine operation; no major intervention required.,Minor stoppage reviewed during shift handover.
2025-07-06 00:00:00,C,Drinking Yoghurt 180ml,Bottle,180,2025-07-06 22:00:00,2025-07-07 06:00:00,450,0,0,30,0,9800,8519,63892,63036,856,0.013398,179.83,0.222,0.9375,0.869285714,0.986602,0.804037,,,,Routine operation; no major intervention required.,Minor stoppage reviewed during shift handover.
2025-07-07 00:00:00,A,UHT Milk 500ml,Bottle,500,2025-07-07 06:00:00,2025-07-07 14:00:00,454,5,21,0,0,8800,9079,68697,68014,683,0.009942,499.41,1.138,0.955789474,1.031704545,0.990058,0.976289,F006,CIP interlock delay,Valve confirmation delay,Verify valve feedback and repeat CIP step confirmation.,Minor stoppage reviewed during shift handover.
2025-07-07 00:00:00,B,Cream 250ml,Cup,250,2025-07-07 14:00:00,2025-07-07 22:00:00,442,10,8,20,0,7600,7703,56745,56088,657,0.011578,250.07,0.383,0.940425532,1.013552632,0.988422,0.942135,F008,Air pressure low,Compressed air fluctuation,Check air header pressure and compressor dryer status.,Minor stoppage reviewed during shift handover.
2025-07-07 00:00:00,C,UHT Milk 1L,Bottle,1000,2025-07-07 22:00:00,2025-07-08 06:00:00,424,15,11,30,0,7200,7242,51176,50710,466,0.009106,1000.53,1.683,0.911827957,1.005833333,0.990894,0.908795,F002,Bottle sensor missed count,Photo eye blocked,Clean photo eye and confirm bottle spacing at infeed.,Mock training record only.
2025-07-08 00:00:00,A,Flavoured Milk 200ml,Bottle,200,2025-07-08 06:00:00,2025-07-08 14:00:00,455,5,0,20,0,10500,10904,82688,82170,518,0.006265,199.91,0.458,0.957894737,1.03847619,0.993735,0.988519,,,,Routine operation; no major intervention required.,Mock training record only.
2025-07-08 00:00:00,B,Drinking Yoghurt 180ml,Bottle,180,2025-07-08 14:00:00,2025-07-08 22:00:00,444,5,6,25,0,9800,9027,66799,65863,936,0.014012,179.11,0.014,0.934736842,0.921122449,0.985988,0.848943,F005,Fill volume out of tolerance,Product temperature variation,Check filler calibration and product temperature set point.,Stable run after start-up checks.
2025-07-08 00:00:00,C,UHT Milk 500ml,Bottle,500,2025-07-08 22:00:00,2025-07-09 06:00:00,450,0,0,30,0,8800,8389,62917,62317,600,0.009536,499.22,0.729,0.9375,0.953295455,0.990464,0.885192,,,,Routine operation; no major intervention required.,Mock training record only.
2025-07-09 00:00:00,A,Cream 250ml,Cup,250,2025-07-09 06:00:00,2025-07-09 14:00:00,419,15,21,25,0,7600,7934,55405,54364,1041,0.018789,249.62,0.364,0.901075269,1.043947368,0.981211,0.923001,F006,CIP interlock delay,Valve confirmation delay,Verify valve feedback and repeat CIP step confirmation.,Mock training record only.
2025-07-09 00:00:00,B,UHT Milk 1L,Bottle,1000,2025-07-09 14:00:00,2025-07-09 22:00:00,445,5,0,30,0,7200,6940,51471,51081,390,0.007577,997.2,1.814,0.936842105,0.963888889,0.992423,0.89617,,,,Routine operation; no major intervention required.,Minor stoppage reviewed during shift handover.
2025-07-09 00:00:00,C,Flavoured Milk 200ml,Bottle,200,2025-07-09 22:00:00,2025-07-10 06:00:00,450,5,5,20,0,10500,10201,76507,76338,169,0.002209,199.86,0.314,0.947368421,0.97152381,0.997791,0.918358,,,,Routine operation; no major intervention required.,Mock training record only.
2025-07-10 00:00:00,A,Drinking Yoghurt 180ml,Bottle,180,2025-07-10 06:00:00,2025-07-10 14:00:00,449,10,6,15,0,9800,10039,75125,74279,846,0.011261,180.4,0.118,0.955319149,1.024387755,0.988739,0.967597,F003,Cap feeder low level,Cap feed starvation,Top up cap hopper and check cap elevator feed rate.,Line released after QC confirmation.
2025-07-10 00:00:00,B,UHT Milk 500ml,Bottle,500,2025-07-10 14:00:00,2025-07-10 22:00:00,437,5,8,30,0,8800,8031,58492,57820,672,0.011489,500.09,0.947,0.92,0.912613636,0.988511,0.829958,,,,Routine operation; no major intervention required.,Operator verified recipe before production.
2025-07-10 00:00:00,C,Cream 250ml,Cup,250,2025-07-10 22:00:00,2025-07-11 06:00:00,447,5,3,25,0,7600,7113,52991,52113,878,0.016569,250.08,0.007,0.941052632,0.935921053,0.983431,0.866158,F002,Bottle sensor missed count,Photo eye blocked,Clean photo eye and confirm bottle spacing at infeed.,Stable run after start-up checks.
2025-07-11 00:00:00,A,UHT Milk 1L,Bottle,1000,2025-07-11 06:00:00,2025-07-11 14:00:00,455,10,0,15,0,7200,6476,49109,48793,316,0.006435,1000.16,1.938,0.968085106,0.899444444,0.993565,0.865136,,,,Routine operation; no major intervention required.,Minor stoppage reviewed during shift handover.
2025-07-11 00:00:00,B,Flavoured Milk 200ml,Bottle,200,2025-07-11 14:00:00,2025-07-11 22:00:00,460,0,0,20,0,10500,10937,83850,83416,434,0.005176,199.12,0.227,0.958333333,1.041619048,0.994824,0.993051,,,,Routine operation; no major intervention required.,Minor stoppage reviewed during shift handover.
2025-07-11 00:00:00,C,Drinking Yoghurt 180ml,Bottle,180,2025-07-11 22:00:00,2025-07-12 06:00:00,440,15,0,25,0,9800,8988,65912,65272,640,0.00971,179.58,0.362,0.946236559,0.917142857,0.99029,0.859407,,,,Routine operation; no major intervention required.,Mock training record only.
2025-07-12 00:00:00,A,UHT Milk 500ml,Bottle,500,2025-07-12 06:00:00,2025-07-12 14:00:00,437,5,8,30,0,8800,8024,58441,57873,568,0.009719,498.83,0.959,0.92,0.911818182,0.990281,0.83072,,,,Routine operation; no major intervention required.,Minor stoppage reviewed during shift handover.
2025-07-12 00:00:00,B,Cream 250ml,Cup,250,2025-07-12 14:00:00,2025-07-12 22:00:00,465,15,0,0,0,7600,7338,56869,56253,616,0.010832,250.05,0.43,1,0.965526316,0.989168,0.955068,,,,Routine operation; no major intervention required.,Operator verified recipe before production.
2025-07-12 00:00:00,C,UHT Milk 1L,Bottle,1000,2025-07-12 22:00:00,2025-07-13 06:00:00,351,35,14,20,60,7200,6515,38112,37496,616,0.016163,994.73,1.297,0.788764045,0.904861111,0.983837,0.702186,F005,Fill volume out of tolerance,Product temperature variation,Check filler calibration and product temperature set point.,Stable run after start-up checks.
2025-07-13 00:00:00,A,Flavoured Milk 200ml,Bottle,200,2025-07-13 06:00:00,2025-07-13 14:00:00,455,5,0,20,0,10500,10256,77774,77167,607,0.007805,200.57,0.41,0.957894737,0.976761905,0.992195,0.928332,,,,Routine operation; no major intervention required.,Line released after QC confirmation.
2025-07-13 00:00:00,B,Drinking Yoghurt 180ml,Bottle,180,2025-07-13 14:00:00,2025-07-13 22:00:00,460,5,0,15,0,9800,8721,66861,65891,970,0.014508,179.95,0.274,0.968421053,0.889897959,0.985492,0.849293,,,,Routine operation; no major intervention required.,Line released after QC confirmation.
2025-07-13 00:00:00,C,UHT Milk 500ml,Bottle,500,2025-07-13 22:00:00,2025-07-14 06:00:00,465,0,0,15,0,8800,7731,59915,59317,598,0.009981,500.46,0.667,0.96875,0.878522727,0.990019,0.842574,,,,Routine operation; no major intervention required.,Stable run after start-up checks.
2025-07-14 00:00:00,A,Cream 250ml,Cup,250,2025-07-14 06:00:00,2025-07-14 14:00:00,440,15,0,25,0,7600,7975,58483,58016,467,0.007985,249.75,0.254,0.946236559,1.049342105,0.992015,0.984997,,,,Routine operation; no major intervention required.,Line released after QC confirmation.
2025-07-14 00:00:00,B,UHT Milk 1L,Bottle,1000,2025-07-14 14:00:00,2025-07-14 22:00:00,467,10,3,0,0,7200,7014,54592,54017,575,0.010533,999.85,1.544,0.993617021,0.974166667,0.989467,0.957753,F007,Label mismatch stop,Incorrect label roll loaded,"Confirm label roll, line clearance, and barcode recipe match.",Operator verified recipe before production.
2025-07-14 00:00:00,C,Flavoured Milk 200ml,Bottle,200,2025-07-14 22:00:00,2025-07-15 06:00:00,451,5,9,15,0,10500,10501,78932,77910,1022,0.012948,200.27,0.245,0.949473684,1.000095238,0.987052,0.937269,F007,Label mismatch stop,Incorrect label roll loaded,"Confirm label roll, line clearance, and barcode recipe match.",Operator verified recipe before production.
2025-07-15 00:00:00,A,Drinking Yoghurt 180ml,Bottle,180,2025-07-15 06:00:00,2025-07-15 14:00:00,445,15,0,20,0,9800,9862,73143,72798,345,0.004717,180.03,0.42,0.956989247,1.006326531,0.995283,0.958501,,,,Routine operation; no major intervention required.,Operator verified recipe before production.
2025-07-15 00:00:00,B,UHT Milk 500ml,Bottle,500,2025-07-15 14:00:00,2025-07-15 22:00:00,440,15,0,25,0,8800,8059,59099,58488,611,0.010339,500.2,0.488,0.946236559,0.915795455,0.989661,0.8576,,,,Routine operation; no major intervention required.,Operator verified recipe before production.
2025-07-15 00:00:00,C,Cream 250ml,Cup,250,2025-07-15 22:00:00,2025-07-16 06:00:00,480,0,0,0,0,7600,6998,55984,55243,741,0.013236,249.77,0.129,1,0.920789474,0.986764,0.908602,,,,Routine operation; no major intervention required.,Stable run after start-up checks.
2025-07-16 00:00:00,A,UHT Milk 1L,Bottle,1000,2025-07-16 06:00:00,2025-07-16 14:00:00,442,0,8,30,0,7200,7388,54424,54274,150,0.002756,1000.93,1.268,0.920833333,1.026111111,0.997244,0.942273,,,,Routine operation; no major intervention required.,Mock training record only.
2025-07-16 00:00:00,B,Flavoured Milk 200ml,Bottle,200,2025-07-16 14:00:00,2025-07-16 22:00:00,450,0,0,30,0,10500,10198,76485,75636,849,0.0111,199.79,0.449,0.9375,0.971238095,0.9889,0.900429,,,,Routine operation; no major intervention required.,Mock training record only.
2025-07-16 00:00:00,C,Drinking Yoghurt 180ml,Bottle,180,2025-07-16 22:00:00,2025-07-17 06:00:00,407,15,28,30,0,9800,9301,63091,61645,1446,0.022919,179.95,0.361,0.875268817,0.949081633,0.977081,0.811663,F004,Conveyor back pressure,Downstream accumulation,Clear downstream blockage and reset conveyor speed balance.,Operator verified recipe before production.
2025-07-17 00:00:00,A,UHT Milk 500ml,Bottle,500,2025-07-17 06:00:00,2025-07-17 14:00:00,450,5,5,20,0,8800,9185,68887,68570,317,0.004602,499.05,0.813,0.947368421,1.04375,0.995398,0.984265,,,,Routine operation; no major intervention required.,Mock training record only.
2025-07-17 00:00:00,B,Cream 250ml,Cup,250,2025-07-17 14:00:00,2025-07-17 22:00:00,437,0,43,0,0,7600,7196,52410,50860,1550,0.029575,250.47,0.362,0.910416667,0.946842105,0.970425,0.836527,F008,Air pressure low,Compressed air fluctuation,Check air header pressure and compressor dryer status.,Operator verified recipe before production.
2025-07-17 00:00:00,C,UHT Milk 1L,Bottle,1000,2025-07-17 22:00:00,2025-07-18 06:00:00,450,10,0,20,0,7200,6851,51382,50875,507,0.009867,999.57,2.278,0.957446809,0.951527778,0.990133,0.902048,,,,Routine operation; no major intervention required.,Mock training record only.
2025-07-18 00:00:00,A,Flavoured Milk 200ml,Bottle,200,2025-07-18 06:00:00,2025-07-18 14:00:00,472,0,8,0,0,10500,10848,85337,84603,734,0.008601,200.57,0.309,0.983333333,1.033142857,0.991399,1.007186,F008,Air pressure low,Compressed air fluctuation,Check air header pressure and compressor dryer status.,Operator verified recipe before production.
2025-07-18 00:00:00,B,Drinking Yoghurt 180ml,Bottle,180,2025-07-18 14:00:00,2025-07-18 22:00:00,432,10,8,30,0,9800,10081,72583,71941,642,0.008845,180.28,0.314,0.919148936,1.028673469,0.991155,0.937141,,,,Routine operation; no major intervention required.,Mock training record only.
2025-07-18 00:00:00,C,UHT Milk 500ml,Bottle,500,2025-07-18 22:00:00,2025-07-19 06:00:00,440,5,5,30,0,8800,8343,61182,60160,1022,0.016704,500.61,1.147,0.926315789,0.948068182,0.983296,0.863541,F006,CIP interlock delay,Valve confirmation delay,Verify valve feedback and repeat CIP step confirmation.,Mock training record only.
2025-07-19 00:00:00,A,Cream 250ml,Cup,250,2025-07-19 06:00:00,2025-07-19 14:00:00,451,15,14,0,0,7600,7447,55976,55164,812,0.014506,250.84,0.004,0.969892473,0.979868421,0.985494,0.936581,F007,Label mismatch stop,Incorrect label roll loaded,"Confirm label roll, line clearance, and barcode recipe match.",Mock training record only.
2025-07-19 00:00:00,B,UHT Milk 1L,Bottle,1000,2025-07-19 14:00:00,2025-07-19 22:00:00,455,0,0,25,0,7200,7007,53136,52677,459,0.008638,1004.23,1.482,0.947916667,0.973194444,0.991362,0.914539,,,,Routine operation; no major intervention required.,Mock training record only.
2025-07-19 00:00:00,C,Flavoured Milk 200ml,Bottle,200,2025-07-19 22:00:00,2025-07-20 06:00:00,347,35,3,20,75,10500,9069,52449,51489,960,0.018303,200.04,0.256,0.779775281,0.863714286,0.981697,0.661176,F006,CIP interlock delay,Valve confirmation delay,Verify valve feedback and repeat CIP step confirmation.,Minor stoppage reviewed during shift handover.
2025-07-20 00:00:00,A,Drinking Yoghurt 180ml,Bottle,180,2025-07-20 06:00:00,2025-07-20 14:00:00,432,10,8,30,0,9800,8543,61509,60507,1002,0.01629,179.99,0.158,0.919148936,0.871734694,0.98371,0.788202,,,,Routine operation; no major intervention required.,Mock training record only.
2025-07-20 00:00:00,B,UHT Milk 500ml,Bottle,500,2025-07-20 14:00:00,2025-07-20 22:00:00,440,10,0,30,0,8800,8548,62685,61962,723,0.011534,500.61,0.848,0.936170213,0.971363636,0.988466,0.898873,,,,Routine operation; no major intervention required.,Line released after QC confirmation.
2025-07-20 00:00:00,C,Cream 250ml,Cup,250,2025-07-20 22:00:00,2025-07-21 06:00:00,422,15,23,20,0,7600,7511,52827,51897,930,0.017605,249.95,0.417,0.907526882,0.988289474,0.982395,0.881109,F001,Nozzle drip detected,Nozzle seal wear,Inspect and replace nozzle seal; verify drip tray sensor.,Minor stoppage reviewed during shift handover.
2025-07-21 00:00:00,A,UHT Milk 1L,Bottle,1000,2025-07-21 06:00:00,2025-07-21 14:00:00,455,10,0,15,0,7200,7297,55335,55015,320,0.005783,1000.12,2.456,0.968085106,1.013472222,0.994217,0.975454,,,,Routine operation; no major intervention required.,Minor stoppage reviewed during shift handover.
2025-07-21 00:00:00,B,Flavoured Milk 200ml,Bottle,200,2025-07-21 14:00:00,2025-07-21 22:00:00,430,0,20,30,0,10500,10446,74863,73670,1193,0.015936,199.65,0.218,0.895833333,0.994857143,0.984064,0.877024,F008,Air pressure low,Compressed air fluctuation,Check air header pressure and compressor dryer status.,Minor stoppage reviewed during shift handover.
2025-07-21 00:00:00,C,Drinking Yoghurt 180ml,Bottle,180,2025-07-21 22:00:00,2025-07-22 06:00:00,480,0,0,0,0,9800,10163,81304,80804,500,0.00615,180.29,0.34,1,1.037040816,0.99385,1.030663,,,,Routine operation; no major intervention required.,Stable run after start-up checks.
2025-07-22 00:00:00,A,UHT Milk 500ml,Bottle,500,2025-07-22 06:00:00,2025-07-22 14:00:00,430,10,10,30,0,8800,8005,57369,56863,506,0.00882,498.98,0.705,0.914893617,0.909659091,0.99118,0.824901,,,,Routine operation; no major intervention required.,Line released after QC confirmation.
2025-07-22 00:00:00,B,Cream 250ml,Cup,250,2025-07-22 14:00:00,2025-07-22 22:00:00,440,15,0,25,0,7600,7804,57229,56824,405,0.007077,250.02,0.371,0.946236559,1.026842105,0.992923,0.964759,,,,Routine operation; no major intervention required.,Minor stoppage reviewed during shift handover.
2025-07-22 00:00:00,C,UHT Milk 1L,Bottle,1000,2025-07-22 22:00:00,2025-07-23 06:00:00,445,5,0,30,0,7200,7419,55024,54716,308,0.005598,997.01,1.472,0.936842105,1.030416667,0.994402,0.959934,,,,Routine operation; no major intervention required.,Operator verified recipe before production.
2025-07-23 00:00:00,A,Flavoured Milk 200ml,Bottle,200,2025-07-23 06:00:00,2025-07-23 14:00:00,437,10,8,25,0,10500,11066,80597,79822,775,0.009616,199.35,0.351,0.929787234,1.053904762,0.990384,0.970484,,,,Routine operation; no major intervention required.,Stable run after start-up checks.
2025-07-23 00:00:00,B,Drinking Yoghurt 180ml,Bottle,180,2025-07-23 14:00:00,2025-07-23 22:00:00,446,15,19,0,0,9800,10212,75909,74541,1368,0.018022,179.9,0.339,0.959139785,1.042040816,0.981978,0.98145,F003,Cap feeder low level,Cap feed starvation,Top up cap hopper and check cap elevator feed rate.,Minor stoppage reviewed during shift handover.
2025-07-23 00:00:00,C,UHT Milk 500ml,Bottle,500,2025-07-23 22:00:00,2025-07-24 06:00:00,421,10,29,20,0,8800,9244,64862,63903,959,0.014785,501.25,0.907,0.895744681,1.050454545,0.985215,0.927027,F008,Air pressure low,Compressed air fluctuation,Check air header pressure and compressor dryer status.,Stable run after start-up checks.
2025-07-24 00:00:00,A,Cream 250ml,Cup,250,2025-07-24 06:00:00,2025-07-24 14:00:00,435,0,30,15,0,7600,7191,52134,51052,1082,0.020754,249.86,0.365,0.90625,0.946184211,0.979246,0.839683,F007,Label mismatch stop,Incorrect label roll loaded,"Confirm label roll, line clearance, and barcode recipe match.",Line released after QC confirmation.
2025-07-24 00:00:00,B,UHT Milk 1L,Bottle,1000,2025-07-24 14:00:00,2025-07-24 22:00:00,465,15,0,0,0,7200,7017,54381,54027,354,0.00651,999.65,1.552,1,0.974583333,0.99349,0.968239,,,,Routine operation; no major intervention required.,Mock training record only.
2025-07-24 00:00:00,C,Flavoured Milk 200ml,Bottle,200,2025-07-24 22:00:00,2025-07-25 06:00:00,475,5,0,0,0,10500,9732,77045,76750,295,0.003829,200.29,0.327,1,0.926857143,0.996171,0.923308,,,,Routine operation; no major intervention required.,Stable run after start-up checks.
2025-07-25 00:00:00,A,Drinking Yoghurt 180ml,Bottle,180,2025-07-25 06:00:00,2025-07-25 14:00:00,426,15,14,25,0,9800,10345,73449,72342,1107,0.015072,180.07,0.415,0.916129032,1.055612245,0.984928,0.952501,F007,Label mismatch stop,Incorrect label roll loaded,"Confirm label roll, line clearance, and barcode recipe match.",Line released after QC confirmation.
2025-07-25 00:00:00,B,UHT Milk 500ml,Bottle,500,2025-07-25 14:00:00,2025-07-25 22:00:00,440,10,0,30,0,8800,8915,65376,64929,447,0.006837,499.72,1.306,0.936170213,1.013068182,0.993163,0.94192,,,,Routine operation; no major intervention required.,Line released after QC confirmation.
2025-07-25 00:00:00,C,Cream 250ml,Cup,250,2025-07-25 22:00:00,2025-07-26 06:00:00,455,10,0,15,0,7600,7838,59438,58794,644,0.010835,249.91,0.462,0.968085106,1.031315789,0.989165,0.987584,,,,Routine operation; no major intervention required.,Line released after QC confirmation.
2025-07-26 00:00:00,A,UHT Milk 1L,Bottle,1000,2025-07-26 06:00:00,2025-07-26 14:00:00,416,10,24,30,0,7200,6880,47701,46721,980,0.020545,992.65,1.174,0.885106383,0.955555556,0.979455,0.828392,F005,Fill volume out of tolerance,Product temperature variation,Check filler calibration and product temperature set point.,Line released after QC confirmation.
2025-07-26 00:00:00,B,Flavoured Milk 200ml,Bottle,200,2025-07-26 14:00:00,2025-07-26 22:00:00,455,0,10,15,0,10500,10515,79738,79273,465,0.005832,199.74,0.273,0.947916667,1.001428571,0.994168,0.943735,,,,Routine operation; no major intervention required.,Mock training record only.
2025-07-26 00:00:00,C,Drinking Yoghurt 180ml,Bottle,180,2025-07-26 22:00:00,2025-07-27 06:00:00,372,25,8,15,60,9800,8942,55440,54836,604,0.010895,180.44,0.286,0.817582418,0.91244898,0.989105,0.737875,,,,Routine operation; no major intervention required.,Stable run after start-up checks.
2025-07-27 00:00:00,A,UHT Milk 500ml,Bottle,500,2025-07-27 06:00:00,2025-07-27 14:00:00,450,10,5,15,0,8800,8161,61207,60679,528,0.008626,499.84,0.655,0.957446809,0.927386364,0.991374,0.880264,,,,Routine operation; no major intervention required.,Mock training record only.
2025-07-27 00:00:00,B,Cream 250ml,Cup,250,2025-07-27 14:00:00,2025-07-27 22:00:00,465,5,10,0,0,7600,7151,55420,54667,753,0.013587,249.11,0.33,0.978947368,0.940921053,0.986413,0.908597,,,,Routine operation; no major intervention required.,Line released after QC confirmation.
2025-07-27 00:00:00,C,UHT Milk 1L,Bottle,1000,2025-07-27 22:00:00,2025-07-28 06:00:00,475,0,5,0,0,7200,6233,49344,48857,487,0.009869,996.61,1.956,0.989583333,0.865694444,0.990131,0.848222,,,,Routine operation; no major intervention required.,Stable run after start-up checks.
2025-07-28 00:00:00,A,Flavoured Milk 200ml,Bottle,200,2025-07-28 06:00:00,2025-07-28 14:00:00,457,15,8,0,0,10500,10408,79274,78871,403,0.005084,200.09,0.31,0.982795699,0.991238095,0.994916,0.969232,,,,Routine operation; no major intervention required.,Minor stoppage reviewed during shift handover.
2025-07-28 00:00:00,B,Drinking Yoghurt 180ml,Bottle,180,2025-07-28 14:00:00,2025-07-28 22:00:00,445,10,10,15,0,9800,10130,75130,74496,634,0.008439,179.7,0.318,0.946808511,1.033673469,0.991561,0.970432,,,,Routine operation; no major intervention required.,Stable run after start-up checks.
2025-07-28 00:00:00,C,UHT Milk 500ml,Bottle,500,2025-07-28 22:00:00,2025-07-29 06:00:00,437,10,8,25,0,8800,9074,66088,65658,430,0.006506,498.82,0.903,0.929787234,1.031136364,0.993494,0.9525,,,,Routine operation; no major intervention required.,Minor stoppage reviewed during shift handover.
2025-07-29 00:00:00,A,Cream 250ml,Cup,250,2025-07-29 06:00:00,2025-07-29 14:00:00,414,10,31,25,0,7600,7382,50935,49816,1119,0.021969,250.04,0.357,0.880851064,0.971315789,0.978031,0.836788,F006,CIP interlock delay,Valve confirmation delay,Verify valve feedback and repeat CIP step confirmation.,Mock training record only.
2025-07-29 00:00:00,B,UHT Milk 1L,Bottle,1000,2025-07-29 14:00:00,2025-07-29 22:00:00,447,0,8,25,0,7200,7164,53371,53162,209,0.003916,1002.02,1.9,0.93125,0.995,0.996084,0.922965,,,,Routine operation; no major intervention required.,Mock training record only.
2025-07-29 00:00:00,C,Flavoured Milk 200ml,Bottle,200,2025-07-29 22:00:00,2025-07-30 06:00:00,442,5,3,30,0,10500,10221,75294,74269,1025,0.013613,200.54,0.192,0.930526316,0.973428571,0.986387,0.89347,F002,Bottle sensor missed count,Photo eye blocked,Clean photo eye and confirm bottle spacing at infeed.,Stable run after start-up checks.
2025-07-30 00:00:00,A,Drinking Yoghurt 180ml,Bottle,180,2025-07-30 06:00:00,2025-07-30 14:00:00,460,10,10,0,0,9800,9012,69092,68446,646,0.00935,180.16,0.315,0.978723404,0.919591837,0.99065,0.891611,,,,Routine operation; no major intervention required.,Line released after QC confirmation.
2025-07-30 00:00:00,B,UHT Milk 500ml,Bottle,500,2025-07-30 14:00:00,2025-07-30 22:00:00,427,15,8,30,0,8800,8919,63473,62873,600,0.009453,500.59,0.316,0.91827957,1.013522727,0.990547,0.921899,,,,Routine operation; no major intervention required.,Stable run after start-up checks.
2025-07-30 00:00:00,C,Cream 250ml,Cup,250,2025-07-30 22:00:00,2025-07-31 06:00:00,460,5,0,15,0,7600,7314,56074,55432,642,0.011449,249.66,0.56,0.968421053,0.962368421,0.988551,0.921308,,,,Routine operation; no major intervention required.,Stable run after start-up checks.
2025-07-31 00:00:00,A,UHT Milk 1L,Bottle,1000,2025-07-31 06:00:00,2025-07-31 14:00:00,450,15,0,15,0,7200,7676,57570,57280,290,0.005037,1002.67,2.007,0.967741935,1.066111111,0.994963,1.026524,,,,Routine operation; no major intervention required.,Operator verified recipe before production.
2025-07-31 00:00:00,B,Flavoured Milk 200ml,Bottle,200,2025-07-31 14:00:00,2025-07-31 22:00:00,467,5,8,0,0,10500,9967,77576,76812,764,0.009848,199.84,0.456,0.983157895,0.949238095,0.990152,0.92406,,,,Routine operation; no major intervention required.,Stable run after start-up checks.
2025-07-31 00:00:00,C,Drinking Yoghurt 180ml,Bottle,180,2025-07-31 22:00:00,2025-08-01 06:00:00,472,0,8,0,0,9800,9556,75173,74672,501,0.006665,179.52,0.3,0.983333333,0.975102041,0.993335,0.95246,,,,Routine operation; no major intervention required.,Mock training record only.
2025-08-01 00:00:00,A,UHT Milk 500ml,Bottle,500,2025-08-01 06:00:00,2025-08-01 14:00:00,440,40,0,0,0,8800,8429,61812,61269,543,0.008785,500.7,0.727,1,0.957840909,0.991215,0.949426,,,,Routine operation; no major intervention required.,Operator verified recipe before production.
2025-08-01 00:00:00,B,Cream 250ml,Cup,250,2025-08-01 14:00:00,2025-08-01 22:00:00,455,15,10,0,0,7600,7801,59157,58749,408,0.006897,250.81,0.284,0.978494624,1.026447368,0.993103,0.997446,,,,Routine operation; no major intervention required.,Minor stoppage reviewed during shift handover.
2025-08-01 00:00:00,C,UHT Milk 1L,Bottle,1000,2025-08-01 22:00:00,2025-08-02 06:00:00,450,10,20,0,0,7200,7660,57450,56595,855,0.014883,998.97,1.753,0.957446809,1.063888889,0.985117,1.003457,F002,Bottle sensor missed count,Photo eye blocked,Clean photo eye and confirm bottle spacing at infeed.,Operator verified recipe before production.
2025-08-02 00:00:00,A,Flavoured Milk 200ml,Bottle,200,2025-08-02 06:00:00,2025-08-02 14:00:00,450,10,0,20,0,10500,10193,76447,76065,382,0.004997,200.28,0.367,0.957446809,0.970761905,0.995003,0.924808,,,,Routine operation; no major intervention required.,Operator verified recipe before production.
2025-08-02 00:00:00,B,Drinking Yoghurt 180ml,Bottle,180,2025-08-02 14:00:00,2025-08-02 22:00:00,426,15,24,15,0,9800,9730,69083,67789,1294,0.018731,181.48,0.242,0.916129032,0.992857143,0.981269,0.892548,F005,Fill volume out of tolerance,Product temperature variation,Check filler calibration and product temperature set point.,Line released after QC confirmation.
2025-08-02 00:00:00,C,UHT Milk 500ml,Bottle,500,2025-08-02 22:00:00,2025-08-03 06:00:00,360,25,5,30,60,8800,8482,50892,50656,236,0.004637,499.93,0.731,0.791208791,0.963863636,0.995363,0.759081,,,,Routine operation; no major intervention required.,Mock training record only.
2025-08-03 00:00:00,A,Cream 250ml,Cup,250,2025-08-03 06:00:00,2025-08-03 14:00:00,439,0,41,0,0,7600,6917,50609,49554,1055,0.020846,249.79,0.141,0.914583333,0.910131579,0.979154,0.815039,F004,Conveyor back pressure,Downstream accumulation,Clear downstream blockage and reset conveyor speed balance.,Mock training record only.
2025-08-03 00:00:00,B,UHT Milk 1L,Bottle,1000,2025-08-03 14:00:00,2025-08-03 22:00:00,470,10,0,0,0,7200,6964,54551,54289,262,0.004803,1002.65,1.98,1,0.967222222,0.995197,0.962577,,,,Routine operation; no major intervention required.,Stable run after start-up checks.
2025-08-03 00:00:00,C,Flavoured Milk 200ml,Bottle,200,2025-08-03 22:00:00,2025-08-04 06:00:00,457,0,8,15,0,10500,9753,74285,73695,590,0.007942,200.26,0.294,0.952083333,0.928857143,0.992058,0.877326,,,,Routine operation; no major intervention required.,Mock training record only.
2025-08-04 00:00:00,A,Drinking Yoghurt 180ml,Bottle,180,2025-08-04 06:00:00,2025-08-04 14:00:00,411,10,34,25,0,9800,10401,71246,69722,1524,0.021391,180.3,0.265,0.874468085,1.061326531,0.978609,0.908243,F004,Conveyor back pressure,Downstream accumulation,Clear downstream blockage and reset conveyor speed balance.,Minor stoppage reviewed during shift handover.
2025-08-04 00:00:00,B,UHT Milk 500ml,Bottle,500,2025-08-04 14:00:00,2025-08-04 22:00:00,467,5,8,0,0,8800,8834,68757,68058,699,0.010166,499.17,0.914,0.983157895,1.003863636,0.989834,0.976923,,,,Routine operation; no major intervention required.,Line released after QC confirmation.
2025-08-04 00:00:00,C,Cream 250ml,Cup,250,2025-08-04 22:00:00,2025-08-05 06:00:00,408,15,32,25,0,7600,7296,49612,48554,1058,0.021325,249.29,0.388,0.877419355,0.96,0.978675,0.82436,F008,Air pressure low,Compressed air fluctuation,Check air header pressure and compressor dryer status.,Minor stoppage reviewed during shift handover.
2025-08-05 00:00:00,A,UHT Milk 1L,Bottle,1000,2025-08-05 06:00:00,2025-08-05 14:00:00,456,5,19,0,0,7200,7593,57706,57056,650,0.011264,1000.49,0.707,0.96,1.054583333,0.988736,1.000996,F003,Cap feeder low level,Cap feed starvation,Top up cap hopper and check cap elevator feed rate.,Minor stoppage reviewed during shift handover.
2025-08-05 00:00:00,B,Flavoured Milk 200ml,Bottle,200,2025-08-05 14:00:00,2025-08-05 22:00:00,453,5,7,15,0,10500,10397,78497,77425,1072,0.013657,200,0.425,0.953684211,0.990190476,0.986343,0.931432,F001,Nozzle drip detected,Nozzle seal wear,Inspect and replace nozzle seal; verify drip tray sensor.,Line released after QC confirmation.
2025-08-05 00:00:00,C,Drinking Yoghurt 180ml,Bottle,180,2025-08-05 22:00:00,2025-08-06 06:00:00,440,15,25,0,0,9800,10471,76787,75433,1354,0.017633,180.19,0.183,0.946236559,1.068469388,0.982367,0.993197,F002,Bottle sensor missed count,Photo eye blocked,Clean photo eye and confirm bottle spacing at infeed.,Mock training record only.
2025-08-06 00:00:00,A,UHT Milk 500ml,Bottle,500,2025-08-06 06:00:00,2025-08-06 14:00:00,397,5,48,30,0,8800,8546,56546,55150,1396,0.024688,498.39,0.869,0.835789474,0.971136364,0.975312,0.791627,F004,Conveyor back pressure,Downstream accumulation,Clear downstream blockage and reset conveyor speed balance.,Stable run after start-up checks.
2025-08-06 00:00:00,B,Cream 250ml,Cup,250,2025-08-06 14:00:00,2025-08-06 22:00:00,450,0,30,0,0,7600,7782,58365,57315,1050,0.01799,249.64,0.211,0.9375,1.023947368,0.98201,0.942681,F003,Cap feeder low level,Cap feed starvation,Top up cap hopper and check cap elevator feed rate.,Operator verified recipe before production.
2025-08-06 00:00:00,C,UHT Milk 1L,Bottle,1000,2025-08-06 22:00:00,2025-08-07 06:00:00,404,10,36,30,0,7200,7309,49213,48148,1065,0.021641,1002.25,1.55,0.859574468,1.015138889,0.978359,0.853704,F004,Conveyor back pressure,Downstream accumulation,Clear downstream blockage and reset conveyor speed balance.,Line released after QC confirmation.
2025-08-07 00:00:00,A,Flavoured Milk 200ml,Bottle,200,2025-08-07 06:00:00,2025-08-07 14:00:00,435,10,10,25,0,10500,11016,79866,79171,695,0.008702,199.56,0.292,0.925531915,1.049142857,0.991298,0.962565,,,,Routine operation; no major intervention required.,Minor stoppage reviewed during shift handover.
2025-08-07 00:00:00,B,Drinking Yoghurt 180ml,Bottle,180,2025-08-07 14:00:00,2025-08-07 22:00:00,437,10,8,25,0,9800,9053,65936,65329,607,0.009206,180.39,0.153,0.929787234,0.92377551,0.990794,0.851008,,,,Routine operation; no major intervention required.,Stable run after start-up checks.
2025-08-07 00:00:00,C,UHT Milk 500ml,Bottle,500,2025-08-07 22:00:00,2025-08-08 06:00:00,435,15,0,30,0,8800,8386,60798,60258,540,0.008882,500.1,0.917,0.935483871,0.952954545,0.991118,0.883556,,,,Routine operation; no major intervention required.,Line released after QC confirmation.
2025-08-08 00:00:00,A,Cream 250ml,Cup,250,2025-08-08 06:00:00,2025-08-08 14:00:00,435,10,10,25,0,7600,7856,56956,56445,511,0.008972,250.32,0.272,0.925531915,1.033684211,0.991028,0.948124,,,,Routine operation; no major intervention required.,Stable run after start-up checks.
2025-08-08 00:00:00,B,UHT Milk 1L,Bottle,1000,2025-08-08 14:00:00,2025-08-08 22:00:00,430,10,10,30,0,7200,7620,54610,54389,221,0.004047,998.03,1.272,0.914893617,1.058333333,0.995953,0.964344,,,,Routine operation; no major intervention required.,Operator verified recipe before production.
2025-08-08 00:00:00,C,Flavoured Milk 200ml,Bottle,200,2025-08-08 22:00:00,2025-08-09 06:00:00,455,0,5,20,0,10500,10274,77911,77245,666,0.008548,200.37,0.334,0.947916667,0.97847619,0.991452,0.919586,,,,Routine operation; no major intervention required.,Operator verified recipe before production.
2025-08-09 00:00:00,A,Drinking Yoghurt 180ml,Bottle,180,2025-08-09 06:00:00,2025-08-09 14:00:00,470,10,0,0,0,9800,9055,70930,70379,551,0.007768,179.73,0.409,1,0.923979592,0.992232,0.916802,,,,Routine operation; no major intervention required.,Line released after QC confirmation.
2025-08-09 00:00:00,B,UHT Milk 500ml,Bottle,500,2025-08-09 14:00:00,2025-08-09 22:00:00,450,5,0,25,0,8800,8835,66262,65720,542,0.00818,499.9,0.39,0.947368421,1.003977273,0.99182,0.943356,,,,Routine operation; no major intervention required.,Operator verified recipe before production.
2025-08-09 00:00:00,C,Cream 250ml,Cup,250,2025-08-09 22:00:00,2025-08-10 06:00:00,375,25,5,15,60,7600,7291,45568,45087,481,0.010556,249.63,0.423,0.824175824,0.959342105,0.989444,0.78232,,,,Routine operation; no major intervention required.,Mock training record only.
2025-08-10 00:00:00,A,UHT Milk 1L,Bottle,1000,2025-08-10 06:00:00,2025-08-10 14:00:00,422,10,23,25,0,7200,6323,44471,43471,1000,0.022487,993.65,1.556,0.89787234,0.878194444,0.977513,0.770775,F005,Fill volume out of tolerance,Product temperature variation,Check filler calibration and product temperature set point.,Mock training record only.
2025-08-10 00:00:00,B,Flavoured Milk 200ml,Bottle,200,2025-08-10 14:00:00,2025-08-10 22:00:00,445,5,0,30,0,10500,10175,75464,74924,540,0.007156,200.3,0.185,0.936842105,0.969047619,0.992844,0.901348,,,,Routine operation; no major intervention required.,Line released after QC confirmation.
2025-08-10 00:00:00,C,Drinking Yoghurt 180ml,Bottle,180,2025-08-10 22:00:00,2025-08-11 06:00:00,470,10,0,0,0,9800,9636,75482,75043,439,0.005816,180.1,0.107,1,0.983265306,0.994184,0.977547,,,,Routine operation; no major intervention required.,Stable run after start-up checks.
2025-08-11 00:00:00,A,UHT Milk 500ml,Bottle,500,2025-08-11 06:00:00,2025-08-11 14:00:00,442,0,8,30,0,8800,8241,60708,60375,333,0.005485,501.04,0.794,0.920833333,0.936477273,0.994515,0.85761,,,,Routine operation; no major intervention required.,Stable run after start-up checks.
2025-08-11 00:00:00,B,Cream 250ml,Cup,250,2025-08-11 14:00:00,2025-08-11 22:00:00,455,15,10,0,0,7600,8075,61235,60965,270,0.004409,249.78,0.401,0.978494624,1.0625,0.995591,1.035067,,,,Routine operation; no major intervention required.,Mock training record only.
2025-08-11 00:00:00,C,UHT Milk 1L,Bottle,1000,2025-08-11 22:00:00,2025-08-12 06:00:00,435,15,0,30,0,7200,7259,52627,52247,380,0.007221,999.88,2.12,0.935483871,1.008194444,0.992779,0.936339,,,,Routine operation; no major intervention required.,Operator verified recipe before production.
2025-08-12 00:00:00,A,Flavoured Milk 200ml,Bottle,200,2025-08-12 06:00:00,2025-08-12 14:00:00,450,15,0,15,0,10500,11007,82552,82469,83,0.001005,200.06,0.193,0.967741935,1.048285714,0.998995,1.013451,,,,Routine operation; no major intervention required.,Minor stoppage reviewed during shift handover.
2025-08-12 00:00:00,B,Drinking Yoghurt 180ml,Bottle,180,2025-08-12 14:00:00,2025-08-12 22:00:00,460,5,0,15,0,9800,9460,72526,71764,762,0.010507,180.05,0.218,0.968421053,0.965306122,0.989493,0.925001,,,,Routine operation; no major intervention required.,Stable run after start-up checks.
2025-08-12 00:00:00,C,UHT Milk 500ml,Bottle,500,2025-08-12 22:00:00,2025-08-13 06:00:00,422,5,33,20,0,8800,8399,59072,58075,997,0.016878,499.26,0.652,0.888421053,0.954431818,0.983122,0.833626,F008,Air pressure low,Compressed air fluctuation,Check air header pressure and compressor dryer status.,Mock training record only.
2025-08-13 00:00:00,A,Cream 250ml,Cup,250,2025-08-13 06:00:00,2025-08-13 14:00:00,436,5,24,15,0,7600,8158,59281,58062,1219,0.020563,250.08,0.559,0.917894737,1.073421053,0.979437,0.965027,F002,Bottle sensor missed count,Photo eye blocked,Clean photo eye and confirm bottle spacing at infeed.,Line released after QC confirmation.
2025-08-13 00:00:00,B,UHT Milk 1L,Bottle,1000,2025-08-13 14:00:00,2025-08-13 22:00:00,423,0,32,25,0,7200,6977,49187,48300,887,0.018033,1000.25,1.505,0.88125,0.969027778,0.981967,0.838556,F008,Air pressure low,Compressed air fluctuation,Check air header pressure and compressor dryer status.,Operator verified recipe before production.
2025-08-13 00:00:00,C,Flavoured Milk 200ml,Bottle,200,2025-08-13 22:00:00,2025-08-14 06:00:00,454,5,21,0,0,10500,10084,76302,74838,1464,0.019187,199.7,0.526,0.955789474,0.960380952,0.980813,0.90031,F002,Bottle sensor missed count,Photo eye blocked,Clean photo eye and confirm bottle spacing at infeed.,Operator verified recipe before production.
2025-08-14 00:00:00,A,Drinking Yoghurt 180ml,Bottle,180,2025-08-14 06:00:00,2025-08-14 14:00:00,423,10,32,15,0,9800,10226,72093,70618,1475,0.02046,180.17,0.453,0.9,1.043469388,0.97954,0.919908,F008,Air pressure low,Compressed air fluctuation,Check air header pressure and compressor dryer status.,Stable run after start-up checks.
2025-08-14 00:00:00,B,UHT Milk 500ml,Bottle,500,2025-08-14 14:00:00,2025-08-14 22:00:00,418,10,32,20,0,8800,9431,65702,64714,988,0.015038,500.11,0.883,0.889361702,1.071704545,0.984962,0.9388,F006,CIP interlock delay,Valve confirmation delay,Verify valve feedback and repeat CIP step confirmation.,Stable run after start-up checks.
2025-08-14 00:00:00,C,Cream 250ml,Cup,250,2025-08-14 22:00:00,2025-08-15 06:00:00,451,0,29,0,0,7600,7604,57156,55908,1248,0.021835,249.8,0.56,0.939583333,1.000526316,0.978165,0.919551,F006,CIP interlock delay,Valve confirmation delay,Verify valve feedback and repeat CIP step confirmation.,Stable run after start-up checks.
2025-08-15 00:00:00,A,UHT Milk 1L,Bottle,1000,2025-08-15 06:00:00,2025-08-15 14:00:00,435,5,25,15,0,7200,6758,48995,47885,1110,0.022655,998.6,2.075,0.915789474,0.938611111,0.977345,0.840097,F008,Air pressure low,Compressed air fluctuation,Check air header pressure and compressor dryer status.,Mock training record only.
2025-08-15 00:00:00,B,Flavoured Milk 200ml,Bottle,200,2025-08-15 14:00:00,2025-08-15 22:00:00,435,15,10,20,0,10500,10998,79735,79177,558,0.006998,200.35,0.338,0.935483871,1.047428571,0.993002,0.972996,,,,Routine operation; no major intervention required.,Operator verified recipe before production.
2025-08-15 00:00:00,C,Drinking Yoghurt 180ml,Bottle,180,2025-08-15 22:00:00,2025-08-16 06:00:00,480,0,0,0,0,9800,10564,84512,84100,412,0.004875,179.71,0.214,1,1.077959184,0.995125,1.072704,,,,Routine operation; no major intervention required.,Line released after QC confirmation.
2025-08-16 00:00:00,A,UHT Milk 500ml,Bottle,500,2025-08-16 06:00:00,2025-08-16 14:00:00,480,0,0,0,0,8800,7776,62208,61617,591,0.0095,499.8,0.625,1,0.883636364,0.9905,0.875242,,,,Routine operation; no major intervention required.,Mock training record only.
2025-08-16 00:00:00,B,Cream 250ml,Cup,250,2025-08-16 14:00:00,2025-08-16 22:00:00,450,5,0,25,0,7600,7500,56250,55878,372,0.006613,250.06,0.275,0.947368421,0.986842105,0.993387,0.928721,,,,Routine operation; no major intervention required.,Minor stoppage reviewed during shift handover.
2025-08-16 00:00:00,C,UHT Milk 1L,Bottle,1000,2025-08-16 22:00:00,2025-08-17 06:00:00,375,25,0,20,60,7200,6375,39843,39301,542,0.013603,1000.7,1.445,0.824175824,0.885416667,0.986397,0.719812,,,,Routine operation; no major intervention required.,Minor stoppage reviewed during shift handover.
2025-08-17 00:00:00,A,Flavoured Milk 200ml,Bottle,200,2025-08-17 06:00:00,2025-08-17 14:00:00,442,15,8,15,0,10500,10683,78698,78295,403,0.005121,200.3,0.239,0.950537634,1.017428571,0.994879,0.962152,,,,Routine operation; no major intervention required.,Mock training record only.
2025-08-17 00:00:00,B,Drinking Yoghurt 180ml,Bottle,180,2025-08-17 14:00:00,2025-08-17 22:00:00,470,0,10,0,0,9800,9388,73539,72928,611,0.008309,179.91,0.29,0.979166667,0.957959184,0.991691,0.930208,,,,Routine operation; no major intervention required.,Minor stoppage reviewed during shift handover.
2025-08-17 00:00:00,C,UHT Milk 500ml,Bottle,500,2025-08-17 22:00:00,2025-08-18 06:00:00,448,5,27,0,0,8800,7996,59703,58579,1124,0.018827,499.55,1.255,0.943157895,0.908636364,0.981173,0.840853,F007,Label mismatch stop,Incorrect label roll loaded,"Confirm label roll, line clearance, and barcode recipe match.",Operator verified recipe before production.
2025-08-18 00:00:00,A,Cream 250ml,Cup,250,2025-08-18 06:00:00,2025-08-18 14:00:00,450,0,0,30,0,7600,7619,57142,56717,425,0.007438,249.27,0.406,0.9375,1.0025,0.992562,0.932853,,,,Routine operation; no major intervention required.,Operator verified recipe before production.
2025-08-18 00:00:00,B,UHT Milk 1L,Bottle,1000,2025-08-18 14:00:00,2025-08-18 22:00:00,465,15,0,0,0,7200,7716,59799,59739,60,0.001003,999.75,1.585,1,1.071666667,0.998997,1.070592,,,,Routine operation; no major intervention required.,Mock training record only.
2025-08-18 00:00:00,C,Flavoured Milk 200ml,Bottle,200,2025-08-18 22:00:00,2025-08-19 06:00:00,435,5,10,30,0,10500,9899,71767,70787,980,0.013655,200.07,0.264,0.915789474,0.942761905,0.986345,0.851582,,,,Routine operation; no major intervention required.,Mock training record only.
2025-08-19 00:00:00,A,Drinking Yoghurt 180ml,Bottle,180,2025-08-19 06:00:00,2025-08-19 14:00:00,443,10,7,20,0,9800,10592,78204,77165,1039,0.013286,180.34,0.296,0.942553191,1.08,0.986714,1.004433,F001,Nozzle drip detected,Nozzle seal wear,Inspect and replace nozzle seal; verify drip tray sensor.,Operator verified recipe before production.
2025-08-19 00:00:00,B,UHT Milk 500ml,Bottle,500,2025-08-19 14:00:00,2025-08-19 22:00:00,450,10,0,20,0,8800,9351,70132,69552,580,0.00827,501.81,0.966,0.957446809,1.062613636,0.99173,1.008982,,,,Routine operation; no major intervention required.,Minor stoppage reviewed during shift handover.
2025-08-19 00:00:00,C,Cream 250ml,Cup,250,2025-08-19 22:00:00,2025-08-20 06:00:00,437,10,8,25,0,7600,8037,58536,58025,511,0.00873,249.75,0.228,0.929787234,1.0575,0.99127,0.974666,,,,Routine operation; no major intervention required.,Stable run after start-up checks.
2025-08-20 00:00:00,A,UHT Milk 1L,Bottle,1000,2025-08-20 06:00:00,2025-08-20 14:00:00,440,5,10,25,0,7200,7387,54171,53924,247,0.00456,997.72,1.358,0.926315789,1.025972222,0.99544,0.946041,,,,Routine operation; no major intervention required.,Minor stoppage reviewed during shift handover.
2025-08-20 00:00:00,B,Flavoured Milk 200ml,Bottle,200,2025-08-20 14:00:00,2025-08-20 22:00:00,452,5,3,20,0,10500,10645,80192,79334,858,0.010699,199.24,0.18,0.951578947,1.013809524,0.989301,0.954398,F007,Label mismatch stop,Incorrect label roll loaded,"Confirm label roll, line clearance, and barcode recipe match.",Minor stoppage reviewed during shift handover.
2025-08-20 00:00:00,C,Drinking Yoghurt 180ml,Bottle,180,2025-08-20 22:00:00,2025-08-21 06:00:00,450,10,0,20,0,9800,10331,77482,77029,453,0.005847,179.96,0.232,0.957446809,1.054183673,0.994153,1.003423,,,,Routine operation; no major intervention required.,Minor stoppage reviewed during shift handover.
2025-08-21 00:00:00,A,UHT Milk 500ml,Bottle,500,2025-08-21 06:00:00,2025-08-21 14:00:00,440,15,10,15,0,8800,9380,68786,68376,410,0.005961,500.34,0.716,0.946236559,1.065909091,0.994039,1.00259,,,,Routine operation; no major intervention required.,Line released after QC confirmation.
2025-08-21 00:00:00,B,Cream 250ml,Cup,250,2025-08-21 14:00:00,2025-08-21 22:00:00,472,0,8,0,0,7600,7879,61981,61594,387,0.006244,249.7,0.474,0.983333333,1.036710526,0.993756,1.013067,,,,Routine operation; no major intervention required.,Operator verified recipe before production.
2025-08-21 00:00:00,C,UHT Milk 1L,Bottle,1000,2025-08-21 22:00:00,2025-08-22 06:00:00,457,15,8,0,0,7200,6709,51100,50752,348,0.00681,998.17,1.427,0.982795699,0.931805556,0.99319,0.909538,,,,Routine operation; no major intervention required.,Minor stoppage reviewed during shift handover.
2025-08-22 00:00:00,A,Flavoured Milk 200ml,Bottle,200,2025-08-22 06:00:00,2025-08-22 14:00:00,423,15,12,30,0,10500,10415,73425,72508,917,0.012489,200.07,0.518,0.909677419,0.991904762,0.987511,0.891044,F007,Label mismatch stop,Incorrect label roll loaded,"Confirm label roll, line clearance, and barcode recipe match.",Stable run after start-up checks.
2025-08-22 00:00:00,B,Drinking Yoghurt 180ml,Bottle,180,2025-08-22 14:00:00,2025-08-22 22:00:00,443,10,12,15,0,9800,9843,72674,71752,922,0.012687,179.61,0.319,0.942553191,1.004387755,0.987313,0.934678,F004,Conveyor back pressure,Downstream accumulation,Clear downstream blockage and reset conveyor speed balance.,Operator verified recipe before production.
2025-08-22 00:00:00,C,UHT Milk 500ml,Bottle,500,2025-08-22 22:00:00,2025-08-23 06:00:00,462,10,8,0,0,8800,9202,70855,70250,605,0.008539,501.3,0.674,0.982978723,1.045681818,0.991461,1.019106,,,,Routine operation; no major intervention required.,Operator verified recipe before production.
2025-08-23 00:00:00,A,Cream 250ml,Cup,250,2025-08-23 06:00:00,2025-08-23 14:00:00,412,15,38,15,0,7600,7176,49275,48133,1142,0.023176,250.16,0.339,0.886021505,0.944210526,0.976824,0.817202,F002,Bottle sensor missed count,Photo eye blocked,Clean photo eye and confirm bottle spacing at infeed.,Line released after QC confirmation.
2025-08-23 00:00:00,B,UHT Milk 1L,Bottle,1000,2025-08-23 14:00:00,2025-08-23 22:00:00,455,0,0,25,0,7200,6333,48025,47581,444,0.009245,1003.46,1.671,0.947916667,0.879583333,0.990755,0.826063,,,,Routine operation; no major intervention required.,Stable run after start-up checks.
2025-08-23 00:00:00,C,Flavoured Milk 200ml,Bottle,200,2025-08-23 22:00:00,2025-08-24 06:00:00,330,35,15,25,75,10500,10717,58943,57990,953,0.016168,198.89,0.335,0.741573034,1.020666667,0.983832,0.744661,F005,Fill volume out of tolerance,Product temperature variation,Check filler calibration and product temperature set point.,Operator verified recipe before production.
2025-08-24 00:00:00,A,Drinking Yoghurt 180ml,Bottle,180,2025-08-24 06:00:00,2025-08-24 14:00:00,470,0,10,0,0,9800,9740,76296,75530,766,0.01004,180.12,0.307,0.979166667,0.993877551,0.98996,0.963401,,,,Routine operation; no major intervention required.,Minor stoppage reviewed during shift handover.
2025-08-24 00:00:00,B,UHT Milk 500ml,Bottle,500,2025-08-24 14:00:00,2025-08-24 22:00:00,411,15,34,20,0,8800,8166,55937,54850,1087,0.019433,500.46,0.969,0.883870968,0.927954545,0.980567,0.804253,F007,Label mismatch stop,Incorrect label roll loaded,"Confirm label roll, line clearance, and barcode recipe match.",Line released after QC confirmation.
2025-08-24 00:00:00,C,Cream 250ml,Cup,250,2025-08-24 22:00:00,2025-08-25 06:00:00,440,10,10,20,0,7600,7431,54494,53997,497,0.00912,249.96,0.282,0.936170213,0.977763158,0.99088,0.907005,,,,Routine operation; no major intervention required.,Operator verified recipe before production.
2025-08-25 00:00:00,A,UHT Milk 1L,Bottle,1000,2025-08-25 06:00:00,2025-08-25 14:00:00,465,0,0,15,0,7200,6726,52126,51773,353,0.006772,999.68,1.78,0.96875,0.934166667,0.993228,0.898845,,,,Routine operation; no major intervention required.,Operator verified recipe before production.
2025-08-25 00:00:00,B,Flavoured Milk 200ml,Bottle,200,2025-08-25 14:00:00,2025-08-25 22:00:00,460,5,0,15,0,10500,10310,79043,78859,184,0.002328,200.15,0.102,0.968421053,0.981904762,0.997672,0.948684,,,,Routine operation; no major intervention required.,Mock training record only.
2025-08-25 00:00:00,C,Drinking Yoghurt 180ml,Bottle,180,2025-08-25 22:00:00,2025-08-26 06:00:00,415,5,30,30,0,9800,10515,72728,71131,1597,0.021959,179.58,0.201,0.873684211,1.072959184,0.978041,0.916843,F007,Label mismatch stop,Incorrect label roll loaded,"Confirm label roll, line clearance, and barcode recipe match.",Operator verified recipe before production.
2025-08-26 00:00:00,A,UHT Milk 500ml,Bottle,500,2025-08-26 06:00:00,2025-08-26 14:00:00,429,10,21,20,0,8800,8998,64335,63313,1022,0.015886,498.94,0.982,0.912765957,1.0225,0.984114,0.918477,F002,Bottle sensor missed count,Photo eye blocked,Clean photo eye and confirm bottle spacing at infeed.,Operator verified recipe before production.
2025-08-26 00:00:00,B,Cream 250ml,Cup,250,2025-08-26 14:00:00,2025-08-26 22:00:00,460,10,10,0,0,7600,8059,61785,61327,458,0.007413,249.96,0.466,0.978723404,1.060394737,0.992587,1.03014,,,,Routine operation; no major intervention required.,Minor stoppage reviewed during shift handover.
2025-08-26 00:00:00,C,UHT Milk 1L,Bottle,1000,2025-08-26 22:00:00,2025-08-27 06:00:00,450,15,0,15,0,7200,7446,55845,55670,175,0.003134,1000.28,1.635,0.967741935,1.034166667,0.996866,0.99767,,,,Routine operation; no major intervention required.,Stable run after start-up checks.
2025-08-27 00:00:00,A,Flavoured Milk 200ml,Bottle,200,2025-08-27 06:00:00,2025-08-27 14:00:00,443,15,22,0,0,10500,10589,78182,76913,1269,0.016231,199.75,0.32,0.952688172,1.00847619,0.983769,0.945169,F008,Air pressure low,Compressed air fluctuation,Check air header pressure and compressor dryer status.,Stable run after start-up checks.
2025-08-27 00:00:00,B,Drinking Yoghurt 180ml,Bottle,180,2025-08-27 14:00:00,2025-08-27 22:00:00,456,5,4,15,0,9800,9368,71196,70249,947,0.013301,179.85,0.256,0.96,0.955918367,0.986699,0.905476,F007,Label mismatch stop,Incorrect label roll loaded,"Confirm label roll, line clearance, and barcode recipe match.",Stable run after start-up checks.
2025-08-27 00:00:00,C,UHT Milk 500ml,Bottle,500,2025-08-27 22:00:00,2025-08-28 06:00:00,444,0,16,20,0,8800,8377,61989,60964,1025,0.016535,501.2,0.789,0.925,0.951931818,0.983465,0.865977,F004,Conveyor back pressure,Downstream accumulation,Clear downstream blockage and reset conveyor speed balance.,Mock training record only.
2025-08-28 00:00:00,A,Cream 250ml,Cup,250,2025-08-28 06:00:00,2025-08-28 14:00:00,443,15,22,0,0,7600,7931,58557,57735,822,0.014038,250.79,0.37,0.952688172,1.043552632,0.985962,0.980224,F008,Air pressure low,Compressed air fluctuation,Check air header pressure and compressor dryer status.,Operator verified recipe before production.
2025-08-28 00:00:00,B,UHT Milk 1L,Bottle,1000,2025-08-28 14:00:00,2025-08-28 22:00:00,445,10,0,25,0,7200,7640,56663,56509,154,0.002718,1001.17,1.379,0.946808511,1.061111111,0.997282,1.001938,,,,Routine operation; no major intervention required.,Operator verified recipe before production.
2025-08-28 00:00:00,C,Flavoured Milk 200ml,Bottle,200,2025-08-28 22:00:00,2025-08-29 06:00:00,445,5,5,25,0,10500,10532,78112,76878,1234,0.015798,199,0.265,0.936842105,1.003047619,0.984202,0.924852,F008,Air pressure low,Compressed air fluctuation,Check air header pressure and compressor dryer status.,Mock training record only.
2025-08-29 00:00:00,A,Drinking Yoghurt 180ml,Bottle,180,2025-08-29 06:00:00,2025-08-29 14:00:00,462,0,18,0,0,9800,9915,76345,75331,1014,0.013282,179.69,0.126,0.9625,1.011734694,0.986718,0.960861,F007,Label mismatch stop,Incorrect label roll loaded,"Confirm label roll, line clearance, and barcode recipe match.",Stable run after start-up checks.
2025-08-29 00:00:00,B,UHT Milk 500ml,Bottle,500,2025-08-29 14:00:00,2025-08-29 22:00:00,415,15,30,20,0,8800,9102,62955,61776,1179,0.018728,500.68,0.703,0.892473118,1.034318182,0.981272,0.905813,F002,Bottle sensor missed count,Photo eye blocked,Clean photo eye and confirm bottle spacing at infeed.,Mock training record only.
2025-08-29 00:00:00,C,Cream 250ml,Cup,250,2025-08-29 22:00:00,2025-08-30 06:00:00,465,5,10,0,0,7600,8132,63023,62599,424,0.006728,249.83,0.231,0.978947368,1.07,0.993272,1.040426,,,,Routine operation; no major intervention required.,Line released after QC confirmation.
2025-08-30 00:00:00,A,UHT Milk 1L,Bottle,1000,2025-08-30 06:00:00,2025-08-30 14:00:00,427,0,53,0,0,7200,7330,52165,51069,1096,0.02101,1001.42,1.747,0.889583333,1.018055556,0.97899,0.886618,F001,Nozzle drip detected,Nozzle seal wear,Inspect and replace nozzle seal; verify drip tray sensor.,Mock training record only.
2025-08-30 00:00:00,B,Flavoured Milk 200ml,Bottle,200,2025-08-30 14:00:00,2025-08-30 22:00:00,442,10,8,20,0,10500,10348,76230,75725,505,0.006625,199.99,0.369,0.940425532,0.98552381,0.993375,0.920672,,,,Routine operation; no major intervention required.,Stable run after start-up checks.
2025-08-30 00:00:00,C,Drinking Yoghurt 180ml,Bottle,180,2025-08-30 22:00:00,2025-08-31 06:00:00,365,35,5,15,60,9800,9387,57104,56475,629,0.011015,180.43,0.358,0.820224719,0.957857143,0.988985,0.777004,,,,Routine operation; no major intervention required.,Minor stoppage reviewed during shift handover.
2025-08-31 00:00:00,A,UHT Milk 500ml,Bottle,500,2025-08-31 06:00:00,2025-08-31 14:00:00,428,15,22,15,0,8800,8477,60469,59456,1013,0.016752,499.74,0.807,0.920430108,0.963295455,0.983248,0.871793,F002,Bottle sensor missed count,Photo eye blocked,Clean photo eye and confirm bottle spacing at infeed.,Mock training record only.
2025-08-31 00:00:00,B,Cream 250ml,Cup,250,2025-08-31 14:00:00,2025-08-31 22:00:00,470,10,0,0,0,7600,7159,56078,55573,505,0.009005,249.56,0.371,1,0.941973684,0.990995,0.933491,,,,Routine operation; no major intervention required.,Line released after QC confirmation.
2025-08-31 00:00:00,C,UHT Milk 1L,Bottle,1000,2025-08-31 22:00:00,2025-09-01 06:00:00,455,10,0,15,0,7200,6885,52211,51826,385,0.007374,1001.47,2.098,0.968085106,0.95625,0.992626,0.918905,,,,Routine operation; no major intervention required.,Line released after QC confirmation.
2025-09-01 00:00:00,A,Flavoured Milk 200ml,Bottle,200,2025-09-01 06:00:00,2025-09-01 14:00:00,440,40,0,0,0,10500,9919,72739,71989,750,0.010311,199.74,0.238,1,0.944666667,0.989689,0.934926,,,,Routine operation; no major intervention required.,Operator verified recipe before production.
2025-09-01 00:00:00,B,Drinking Yoghurt 180ml,Bottle,180,2025-09-01 14:00:00,2025-09-01 22:00:00,451,10,19,0,0,9800,9804,73693,72473,1220,0.016555,179.62,0.193,0.959574468,1.000408163,0.983445,0.944074,F008,Air pressure low,Compressed air fluctuation,Check air header pressure and compressor dryer status.,Stable run after start-up checks.
2025-09-01 00:00:00,C,UHT Milk 500ml,Bottle,500,2025-09-01 22:00:00,2025-09-02 06:00:00,443,0,7,30,0,8800,8789,64892,63975,917,0.014131,500.52,1.032,0.922916667,0.99875,0.985869,0.908738,F006,CIP interlock delay,Valve confirmation delay,Verify valve feedback and repeat CIP step confirmation.,Minor stoppage reviewed during shift handover.
2025-09-02 00:00:00,A,Cream 250ml,Cup,250,2025-09-02 06:00:00,2025-09-02 14:00:00,450,5,0,25,0,7600,7649,57367,56948,419,0.007304,250.12,0.477,0.947368421,1.006447368,0.992696,0.946512,,,,Routine operation; no major intervention required.,Line released after QC confirmation.
2025-09-02 00:00:00,B,UHT Milk 1L,Bottle,1000,2025-09-02 14:00:00,2025-09-02 22:00:00,438,0,12,30,0,7200,6795,49603,48953,650,0.013104,999.98,1.276,0.9125,0.94375,0.986896,0.849887,F006,CIP interlock delay,Valve confirmation delay,Verify valve feedback and repeat CIP step confirmation.,Minor stoppage reviewed during shift handover.
2025-09-02 00:00:00,C,Flavoured Milk 200ml,Bottle,200,2025-09-02 22:00:00,2025-09-03 06:00:00,421,15,14,30,0,10500,10938,76748,75414,1334,0.017382,199.28,0.164,0.905376344,1.041714286,0.982618,0.92675,F008,Air pressure low,Compressed air fluctuation,Check air header pressure and compressor dryer status.,Mock training record only.
2025-09-03 00:00:00,A,Drinking Yoghurt 180ml,Bottle,180,2025-09-03 06:00:00,2025-09-03 14:00:00,460,0,5,15,0,9800,10732,82278,81037,1241,0.015083,179.8,0.31,0.958333333,1.08,0.984917,1.019389,F001,Nozzle drip detected,Nozzle seal wear,Inspect and replace nozzle seal; verify drip tray sensor.,Line released after QC confirmation.
2025-09-03 00:00:00,B,UHT Milk 500ml,Bottle,500,2025-09-03 14:00:00,2025-09-03 22:00:00,435,0,30,15,0,8800,8374,60711,59512,1199,0.019749,500.47,0.739,0.90625,0.951590909,0.980251,0.845348,F007,Label mismatch stop,Incorrect label roll loaded,"Confirm label roll, line clearance, and barcode recipe match.",Stable run after start-up checks.
2025-09-03 00:00:00,C,Cream 250ml,Cup,250,2025-09-03 22:00:00,2025-09-04 06:00:00,440,10,0,30,0,7600,8301,60874,60258,616,0.010119,249.86,0.345,0.936170213,1.08,0.989881,1.000833,,,,Routine operation; no major intervention required.,Mock training record only.
2025-09-04 00:00:00,A,UHT Milk 1L,Bottle,1000,2025-09-04 06:00:00,2025-09-04 14:00:00,470,10,0,0,0,7200,6874,53846,53434,412,0.007651,1000.06,1.169,1,0.954722222,0.992349,0.947418,,,,Routine operation; no major intervention required.,Operator verified recipe before production.
2025-09-04 00:00:00,B,Flavoured Milk 200ml,Bottle,200,2025-09-04 14:00:00,2025-09-04 22:00:00,421,15,19,25,0,10500,11429,80193,78746,1447,0.018044,199.83,0.185,0.905376344,1.08,0.981956,0.960163,F004,Conveyor back pressure,Downstream accumulation,Clear downstream blockage and reset conveyor speed balance.,Stable run after start-up checks.
2025-09-04 00:00:00,C,Drinking Yoghurt 180ml,Bottle,180,2025-09-04 22:00:00,2025-09-05 06:00:00,412,5,33,30,0,9800,10109,69415,67795,1620,0.023338,180.09,0.263,0.867368421,1.031530612,0.976662,0.873836,F006,CIP interlock delay,Valve confirmation delay,Verify valve feedback and repeat CIP step confirmation.,Minor stoppage reviewed during shift handover.
2025-09-05 00:00:00,A,UHT Milk 500ml,Bottle,500,2025-09-05 06:00:00,2025-09-05 14:00:00,470,0,10,0,0,8800,9067,71024,70757,267,0.003759,500.77,0.839,0.979166667,1.030340909,0.996241,1.005083,,,,Routine operation; no major intervention required.,Stable run after start-up checks.
2025-09-05 00:00:00,B,Cream 250ml,Cup,250,2025-09-05 14:00:00,2025-09-05 22:00:00,450,0,10,20,0,7600,8115,60862,60128,734,0.01206,249.74,0.241,0.9375,1.067763158,0.98794,0.988956,,,,Routine operation; no major intervention required.,Stable run after start-up checks.
2025-09-05 00:00:00,C,UHT Milk 1L,Bottle,1000,2025-09-05 22:00:00,2025-09-06 06:00:00,427,15,8,30,0,7200,7540,53659,53473,186,0.003466,1001.53,1.273,0.91827957,1.047222222,0.996534,0.95831,,,,Routine operation; no major intervention required.,Minor stoppage reviewed during shift handover.
2025-09-06 00:00:00,A,Flavoured Milk 200ml,Bottle,200,2025-09-06 06:00:00,2025-09-06 14:00:00,448,5,27,0,0,10500,10074,75219,73709,1510,0.020075,200.23,0.117,0.943157895,0.959428571,0.979925,0.886727,F003,Cap feeder low level,Cap feed starvation,Top up cap hopper and check cap elevator feed rate.,Minor stoppage reviewed during shift handover.
2025-09-06 00:00:00,B,Drinking Yoghurt 180ml,Bottle,180,2025-09-06 14:00:00,2025-09-06 22:00:00,435,15,10,20,0,9800,10078,73065,72403,662,0.00906,179.88,0.272,0.935483871,1.028367347,0.99094,0.953305,,,,Routine operation; no major intervention required.,Line released after QC confirmation.
2025-09-06 00:00:00,C,UHT Milk 500ml,Bottle,500,2025-09-06 22:00:00,2025-09-07 06:00:00,330,30,10,20,90,8800,8122,44671,44105,566,0.01267,500.7,1.135,0.733333333,0.922954545,0.98733,0.668258,,,,Routine operation; no major intervention required.,Stable run after start-up checks.
2025-09-07 00:00:00,A,Cream 250ml,Cup,250,2025-09-07 06:00:00,2025-09-07 14:00:00,450,15,0,15,0,7600,6910,51825,50965,860,0.016594,249.96,0.311,0.967741935,0.909210526,0.983406,0.86528,,,,Routine operation; no major intervention required.,Stable run after start-up checks.
2025-09-07 00:00:00,B,UHT Milk 1L,Bottle,1000,2025-09-07 14:00:00,2025-09-07 22:00:00,465,15,0,0,0,7200,6751,52320,51776,544,0.010398,1000.16,1.616,1,0.937638889,0.989602,0.927889,,,,Routine operation; no major intervention required.,Line released after QC confirmation.
2025-09-07 00:00:00,C,Flavoured Milk 200ml,Bottle,200,2025-09-07 22:00:00,2025-09-08 06:00:00,435,15,30,0,0,10500,9436,68411,67081,1330,0.019441,200.08,0.274,0.935483871,0.898666667,0.980559,0.824344,F006,CIP interlock delay,Valve confirmation delay,Verify valve feedback and repeat CIP step confirmation.,Minor stoppage reviewed during shift handover.
2025-09-08 00:00:00,A,Drinking Yoghurt 180ml,Bottle,180,2025-09-08 06:00:00,2025-09-08 14:00:00,467,5,8,0,0,9800,10392,80884,80713,171,0.002114,180.08,0.271,0.983157895,1.060408163,0.997886,1.040345,,,,Routine operation; no major intervention required.,Minor stoppage reviewed during shift handover.
2025-09-08 00:00:00,B,UHT Milk 500ml,Bottle,500,2025-09-08 14:00:00,2025-09-08 22:00:00,455,10,0,15,0,8800,8625,65406,64867,539,0.008241,499.51,0.663,0.968085106,0.980113636,0.991759,0.941014,,,,Routine operation; no major intervention required.,Stable run after start-up checks.
2025-09-08 00:00:00,C,Cream 250ml,Cup,250,2025-09-08 22:00:00,2025-09-09 06:00:00,437,15,8,20,0,7600,8046,58601,58214,387,0.006604,250.32,0.64,0.939784946,1.058684211,0.993396,0.988365,,,,Routine operation; no major intervention required.,Stable run after start-up checks.
2025-09-09 00:00:00,A,UHT Milk 1L,Bottle,1000,2025-09-09 06:00:00,2025-09-09 14:00:00,445,15,0,20,0,7200,7653,56759,56450,309,0.005444,1002.29,1.963,0.956989247,1.062916667,0.994556,1.011662,,,,Routine operation; no major intervention required.,Minor stoppage reviewed during shift handover.
2025-09-09 00:00:00,B,Flavoured Milk 200ml,Bottle,200,2025-09-09 14:00:00,2025-09-09 22:00:00,443,10,27,0,0,10500,10859,80175,78708,1467,0.018297,200.71,0.253,0.942553191,1.034190476,0.981703,0.956944,F007,Label mismatch stop,Incorrect label roll loaded,"Confirm label roll, line clearance, and barcode recipe match.",Minor stoppage reviewed during shift handover.
2025-09-09 00:00:00,C,Drinking Yoghurt 180ml,Bottle,180,2025-09-09 22:00:00,2025-09-10 06:00:00,454,0,26,0,0,9800,9741,73706,72744,962,0.013052,180.23,0.167,0.945833333,0.993979592,0.986948,0.927868,F002,Bottle sensor missed count,Photo eye blocked,Clean photo eye and confirm bottle spacing at infeed.,Minor stoppage reviewed during shift handover.
2025-09-10 00:00:00,A,UHT Milk 500ml,Bottle,500,2025-09-10 06:00:00,2025-09-10 14:00:00,470,10,0,0,0,8800,9662,75685,75609,76,0.001004,500.75,0.626,1,1.08,0.998996,1.078916,,,,Routine operation; no major intervention required.,Operator verified recipe before production.
2025-09-10 00:00:00,B,Cream 250ml,Cup,250,2025-09-10 14:00:00,2025-09-10 22:00:00,430,10,10,30,0,7600,7220,51743,51094,649,0.012543,250.33,0.351,0.914893617,0.95,0.987457,0.858247,,,,Routine operation; no major intervention required.,Stable run after start-up checks.
2025-09-10 00:00:00,C,UHT Milk 1L,Bottle,1000,2025-09-10 22:00:00,2025-09-11 06:00:00,450,15,0,15,0,7200,7796,58470,58172,298,0.005097,1001.8,1.756,0.967741935,1.08,0.994903,1.039834,,,,Routine operation; no major intervention required.,Minor stoppage reviewed during shift handover.
2025-09-11 00:00:00,A,Flavoured Milk 200ml,Bottle,200,2025-09-11 06:00:00,2025-09-11 14:00:00,445,5,0,30,0,10500,11078,82161,81591,570,0.006938,199.91,0.41,0.936842105,1.055047619,0.993062,0.981555,,,,Routine operation; no major intervention required.,Minor stoppage reviewed during shift handover.
2025-09-11 00:00:00,B,Drinking Yoghurt 180ml,Bottle,180,2025-09-11 14:00:00,2025-09-11 22:00:00,445,10,0,25,0,9800,10528,78082,77463,619,0.007928,179.89,0.334,0.946808511,1.074285714,0.992072,1.009079,,,,Routine operation; no major intervention required.,Minor stoppage reviewed during shift handover.
2025-09-11 00:00:00,C,UHT Milk 500ml,Bottle,500,2025-09-11 22:00:00,2025-09-12 06:00:00,435,5,10,30,0,8800,8842,64104,63778,326,0.005085,499.1,0.707,0.915789474,1.004772727,0.994915,0.915481,,,,Routine operation; no major intervention required.,Stable run after start-up checks.
2025-09-12 00:00:00,A,Cream 250ml,Cup,250,2025-09-12 06:00:00,2025-09-12 14:00:00,467,0,13,0,0,7600,8056,62702,62024,678,0.010813,250.22,0.419,0.972916667,1.06,0.989187,1.02014,F004,Conveyor back pressure,Downstream accumulation,Clear downstream blockage and reset conveyor speed balance.,Mock training record only.
2025-09-12 00:00:00,B,UHT Milk 1L,Bottle,1000,2025-09-12 14:00:00,2025-09-12 22:00:00,470,10,0,0,0,7200,7735,60590,60415,175,0.002888,999.11,0.648,1,1.074305556,0.997112,1.071203,,,,Routine operation; no major intervention required.,Minor stoppage reviewed during shift handover.
2025-09-12 00:00:00,C,Flavoured Milk 200ml,Bottle,200,2025-09-12 22:00:00,2025-09-13 06:00:00,465,0,0,15,0,10500,11025,85443,85115,328,0.003839,200.21,0.339,0.96875,1.05,0.996161,1.013283,,,,Routine operation; no major intervention required.,Stable run after start-up checks.
2025-09-13 00:00:00,A,Drinking Yoghurt 180ml,Bottle,180,2025-09-13 06:00:00,2025-09-13 14:00:00,455,0,0,25,0,9800,9414,71389,70986,403,0.005645,179.79,0.244,0.947916667,0.960612245,0.994355,0.90544,,,,Routine operation; no major intervention required.,Minor stoppage reviewed during shift handover.
2025-09-13 00:00:00,B,UHT Milk 500ml,Bottle,500,2025-09-13 14:00:00,2025-09-13 22:00:00,425,15,10,30,0,8800,7969,56447,55721,726,0.012862,500,0.469,0.913978495,0.905568182,0.987138,0.817024,,,,Routine operation; no major intervention required.,Stable run after start-up checks.
2025-09-13 00:00:00,C,Cream 250ml,Cup,250,2025-09-13 22:00:00,2025-09-14 06:00:00,395,25,0,0,60,7600,6933,45642,45146,496,0.010867,249.62,0.46,0.868131868,0.912236842,0.989133,0.783336,,,,Routine operation; no major intervention required.,Minor stoppage reviewed during shift handover.
2025-09-14 00:00:00,A,UHT Milk 1L,Bottle,1000,2025-09-14 06:00:00,2025-09-14 14:00:00,450,0,5,25,0,7200,6496,48720,48140,580,0.011905,1002.47,1.645,0.9375,0.902222222,0.988095,0.835764,,,,Routine operation; no major intervention required.,Mock training record only.
2025-09-14 00:00:00,B,Flavoured Milk 200ml,Bottle,200,2025-09-14 14:00:00,2025-09-14 22:00:00,455,10,0,15,0,10500,10119,76735,76317,418,0.005447,200.04,0.267,0.968085106,0.963714286,0.994553,0.927876,,,,Routine operation; no major intervention required.,Mock training record only.
2025-09-14 00:00:00,C,Drinking Yoghurt 180ml,Bottle,180,2025-09-14 22:00:00,2025-09-15 06:00:00,465,15,0,0,0,9800,9834,76213,75894,319,0.004186,179.21,0.304,1,1.003469388,0.995814,0.999269,,,,Routine operation; no major intervention required.,Minor stoppage reviewed during shift handover.
2025-09-15 00:00:00,A,UHT Milk 500ml,Bottle,500,2025-09-15 06:00:00,2025-09-15 14:00:00,410,5,35,30,0,8800,9675,66112,64939,1173,0.017743,500.82,0.707,0.863157895,1.08,0.982257,0.91567,F002,Bottle sensor missed count,Photo eye blocked,Clean photo eye and confirm bottle spacing at infeed.,Stable run after start-up checks.
2025-09-15 00:00:00,B,Cream 250ml,Cup,250,2025-09-15 14:00:00,2025-09-15 22:00:00,431,15,9,25,0,7600,7732,55541,54802,739,0.013305,249.61,0.437,0.92688172,1.017368421,0.986695,0.930434,F001,Nozzle drip detected,Nozzle seal wear,Inspect and replace nozzle seal; verify drip tray sensor.,Minor stoppage reviewed during shift handover.
2025-09-15 00:00:00,C,UHT Milk 1L,Bottle,1000,2025-09-15 22:00:00,2025-09-16 06:00:00,439,10,11,20,0,7200,7557,55292,54580,712,0.012877,1000.26,1.009,0.934042553,1.049583333,0.987123,0.967731,F008,Air pressure low,Compressed air fluctuation,Check air header pressure and compressor dryer status.,Stable run after start-up checks.
2025-09-16 00:00:00,A,Flavoured Milk 200ml,Bottle,200,2025-09-16 06:00:00,2025-09-16 14:00:00,409,15,26,30,0,10500,10585,72154,70918,1236,0.01713,200.4,0.506,0.879569892,1.008095238,0.98287,0.871501,F008,Air pressure low,Compressed air fluctuation,Check air header pressure and compressor dryer status.,Line released after QC confirmation.
2025-09-16 00:00:00,B,Drinking Yoghurt 180ml,Bottle,180,2025-09-16 14:00:00,2025-09-16 22:00:00,480,0,0,0,0,9800,10577,84616,84034,582,0.006878,180.03,0.409,1,1.079285714,0.993122,1.071862,,,,Routine operation; no major intervention required.,Minor stoppage reviewed during shift handover.
2025-09-16 00:00:00,C,UHT Milk 500ml,Bottle,500,2025-09-16 22:00:00,2025-09-17 06:00:00,440,15,5,20,0,8800,8352,61248,60654,594,0.009698,501.76,1.045,0.946236559,0.949090909,0.990302,0.889355,,,,Routine operation; no major intervention required.,Line released after QC confirmation.
2025-09-17 00:00:00,A,Cream 250ml,Cup,250,2025-09-17 06:00:00,2025-09-17 14:00:00,445,15,5,15,0,7600,7232,53637,52812,825,0.015381,248.86,0.45,0.956989247,0.951578947,0.984619,0.896644,,,,Routine operation; no major intervention required.,Mock training record only.
2025-09-17 00:00:00,B,UHT Milk 1L,Bottle,1000,2025-09-17 14:00:00,2025-09-17 22:00:00,480,0,0,0,0,7200,6918,55344,55229,115,0.002078,1000.78,1.012,1,0.960833333,0.997922,0.958837,,,,Routine operation; no major intervention required.,Mock training record only.
2025-09-17 00:00:00,C,Flavoured Milk 200ml,Bottle,200,2025-09-17 22:00:00,2025-09-18 06:00:00,430,15,10,25,0,10500,10645,76289,75573,716,0.009385,200.07,0.207,0.924731183,1.013809524,0.990615,0.928703,,,,Routine operation; no major intervention required.,Minor stoppage reviewed during shift handover.
2025-09-18 00:00:00,A,Drinking Yoghurt 180ml,Bottle,180,2025-09-18 06:00:00,2025-09-18 14:00:00,409,10,31,30,0,9800,10476,71411,69963,1448,0.020277,179.01,0.213,0.870212766,1.068979592,0.979723,0.911377,F005,Fill volume out of tolerance,Product temperature variation,Check filler calibration and product temperature set point.,Mock training record only.
2025-09-18 00:00:00,B,UHT Milk 500ml,Bottle,500,2025-09-18 14:00:00,2025-09-18 22:00:00,440,15,10,15,0,8800,9153,67122,66733,389,0.005795,500.25,0.594,0.946236559,1.040113636,0.994205,0.97849,,,,Routine operation; no major intervention required.,Mock training record only.
2025-09-18 00:00:00,C,Cream 250ml,Cup,250,2025-09-18 22:00:00,2025-09-19 06:00:00,418,15,27,20,0,7600,8102,56443,55538,905,0.016034,249.58,0.318,0.898924731,1.066052632,0.983966,0.942936,F002,Bottle sensor missed count,Photo eye blocked,Clean photo eye and confirm bottle spacing at infeed.,Line released after QC confirmation.
2025-09-19 00:00:00,A,UHT Milk 1L,Bottle,1000,2025-09-19 06:00:00,2025-09-19 14:00:00,450,5,0,25,0,7200,7186,53895,53650,245,0.004546,1001.14,1.214,0.947368421,0.998055556,0.995454,0.941228,,,,Routine operation; no major intervention required.,Operator verified recipe before production.
2025-09-19 00:00:00,B,Flavoured Milk 200ml,Bottle,200,2025-09-19 14:00:00,2025-09-19 22:00:00,460,5,0,15,0,10500,10479,80339,79711,628,0.007817,200.41,0.24,0.968421053,0.998,0.992183,0.958929,,,,Routine operation; no major intervention required.,Minor stoppage reviewed during shift handover.
2025-09-19 00:00:00,C,Drinking Yoghurt 180ml,Bottle,180,2025-09-19 22:00:00,2025-09-20 06:00:00,460,0,0,20,0,9800,10052,77065,76517,548,0.007111,180.66,0.285,0.958333333,1.025714286,0.992889,0.975986,,,,Routine operation; no major intervention required.,Operator verified recipe before production.
2025-09-20 00:00:00,A,UHT Milk 500ml,Bottle,500,2025-09-20 06:00:00,2025-09-20 14:00:00,422,15,43,0,0,8800,8745,61506,60259,1247,0.020274,499.6,0.649,0.907526882,0.99375,0.979726,0.883571,F006,CIP interlock delay,Valve confirmation delay,Verify valve feedback and repeat CIP step confirmation.,Line released after QC confirmation.
2025-09-20 00:00:00,B,Cream 250ml,Cup,250,2025-09-20 14:00:00,2025-09-20 22:00:00,420,5,35,20,0,7600,7741,54187,53029,1158,0.02137,249.45,0.595,0.884210526,1.018552632,0.97863,0.881369,F001,Nozzle drip detected,Nozzle seal wear,Inspect and replace nozzle seal; verify drip tray sensor.,Line released after QC confirmation.
2025-09-20 00:00:00,C,UHT Milk 1L,Bottle,1000,2025-09-20 22:00:00,2025-09-21 06:00:00,337,30,8,15,90,7200,6782,38092,37678,414,0.010868,997.66,1.17,0.748888889,0.941944444,0.989132,0.697745,,,,Routine operation; no major intervention required.,Stable run after start-up checks.
2025-09-21 00:00:00,A,Flavoured Milk 200ml,Bottle,200,2025-09-21 06:00:00,2025-09-21 14:00:00,465,15,0,0,0,10500,9797,75926,75285,641,0.008442,199.44,0.418,1,0.933047619,0.991558,0.925171,,,,Routine operation; no major intervention required.,Minor stoppage reviewed during shift handover.
2025-09-21 00:00:00,B,Drinking Yoghurt 180ml,Bottle,180,2025-09-21 14:00:00,2025-09-21 22:00:00,422,10,33,15,0,9800,10034,70572,69540,1032,0.014623,179.87,0.244,0.89787234,1.023877551,0.985377,0.905868,F007,Label mismatch stop,Incorrect label roll loaded,"Confirm label roll, line clearance, and barcode recipe match.",Stable run after start-up checks.
2025-09-21 00:00:00,C,UHT Milk 500ml,Bottle,500,2025-09-21 22:00:00,2025-09-22 06:00:00,450,0,10,20,0,8800,8721,65407,65052,355,0.005428,501.24,1.038,0.9375,0.991022727,0.994572,0.924041,,,,Routine operation; no major intervention required.,Mock training record only.
2025-09-22 00:00:00,A,Cream 250ml,Cup,250,2025-09-22 06:00:00,2025-09-22 14:00:00,465,5,10,0,0,7600,7750,60062,59930,132,0.002198,250.03,0.278,0.978947368,1.019736842,0.997802,0.996075,,,,Routine operation; no major intervention required.,Minor stoppage reviewed during shift handover.
2025-09-22 00:00:00,B,UHT Milk 1L,Bottle,1000,2025-09-22 14:00:00,2025-09-22 22:00:00,440,10,10,20,0,7200,6847,50211,50161,50,0.000996,997.58,0.851,0.936170213,0.950972222,0.999004,0.889385,,,,Routine operation; no major intervention required.,Mock training record only.
2025-09-22 00:00:00,C,Flavoured Milk 200ml,Bottle,200,2025-09-22 22:00:00,2025-09-23 06:00:00,425,5,25,25,0,10500,11025,78093,76814,1279,0.016378,199.92,0.198,0.894736842,1.05,0.983622,0.924087,F004,Conveyor back pressure,Downstream accumulation,Clear downstream blockage and reset conveyor speed balance.,Stable run after start-up checks.
2025-09-23 00:00:00,A,Drinking Yoghurt 180ml,Bottle,180,2025-09-23 06:00:00,2025-09-23 14:00:00,430,15,5,30,0,9800,10352,74189,73340,849,0.011444,180.76,0.224,0.924731183,1.056326531,0.988556,0.965639,,,,Routine operation; no major intervention required.,Mock training record only.
2025-09-23 00:00:00,B,UHT Milk 500ml,Bottle,500,2025-09-23 14:00:00,2025-09-23 22:00:00,442,5,8,25,0,8800,9256,68185,67706,479,0.007025,500.38,1.033,0.930526316,1.051818182,0.992975,0.971869,,,,Routine operation; no major intervention required.,Stable run after start-up checks.
2025-09-23 00:00:00,C,Cream 250ml,Cup,250,2025-09-23 22:00:00,2025-09-24 06:00:00,412,10,28,30,0,7600,7290,50058,49051,1007,0.020117,250.22,0.498,0.876595745,0.959210526,0.979883,0.823925,F003,Cap feeder low level,Cap feed starvation,Top up cap hopper and check cap elevator feed rate.,Minor stoppage reviewed during shift handover.
2025-09-24 00:00:00,A,UHT Milk 1L,Bottle,1000,2025-09-24 06:00:00,2025-09-24 14:00:00,415,15,30,20,0,7200,6841,47316,46475,841,0.017774,997.72,1.409,0.892473118,0.950138889,0.982226,0.832902,F007,Label mismatch stop,Incorrect label roll loaded,"Confirm label roll, line clearance, and barcode recipe match.",Minor stoppage reviewed during shift handover.
2025-09-24 00:00:00,B,Flavoured Milk 200ml,Bottle,200,2025-09-24 14:00:00,2025-09-24 22:00:00,440,15,0,25,0,10500,11550,84700,83911,789,0.009315,199.83,0.184,0.946236559,1.08,0.990685,1.012416,,,,Routine operation; no major intervention required.,Line released after QC confirmation.
2025-09-24 00:00:00,C,Drinking Yoghurt 180ml,Bottle,180,2025-09-24 22:00:00,2025-09-25 06:00:00,460,0,0,20,0,9800,10716,82156,81538,618,0.007522,179.89,0.218,0.958333333,1.08,0.992478,1.027215,,,,Routine operation; no major intervention required.,Line released after QC confirmation.
2025-09-25 00:00:00,A,UHT Milk 500ml,Bottle,500,2025-09-25 06:00:00,2025-09-25 14:00:00,465,10,5,0,0,8800,8370,64867,64386,481,0.007415,501.97,1.183,0.989361702,0.951136364,0.992585,0.93404,,,,Routine operation; no major intervention required.,Line released after QC confirmation.
2025-09-25 00:00:00,B,Cream 250ml,Cup,250,2025-09-25 14:00:00,2025-09-25 22:00:00,441,5,34,0,0,7600,8327,61203,59995,1208,0.019738,248.97,0.401,0.928421053,1.08,0.980262,0.982904,F006,CIP interlock delay,Valve confirmation delay,Verify valve feedback and repeat CIP step confirmation.,Minor stoppage reviewed during shift handover.
2025-09-25 00:00:00,C,UHT Milk 1L,Bottle,1000,2025-09-25 22:00:00,2025-09-26 06:00:00,416,15,29,20,0,7200,7417,51424,50531,893,0.017365,997.14,1.421,0.894623656,1.030138889,0.982635,0.905583,F006,CIP interlock delay,Valve confirmation delay,Verify valve feedback and repeat CIP step confirmation.,Stable run after start-up checks.
2025-09-26 00:00:00,A,Flavoured Milk 200ml,Bottle,200,2025-09-26 06:00:00,2025-09-26 14:00:00,460,10,10,0,0,10500,10380,79580,78960,620,0.007791,199.77,0.217,0.978723404,0.988571429,0.992209,0.96,,,,Routine operation; no major intervention required.,Line released after QC confirmation.
2025-09-26 00:00:00,B,Drinking Yoghurt 180ml,Bottle,180,2025-09-26 14:00:00,2025-09-26 22:00:00,440,15,0,25,0,9800,10320,75680,75005,675,0.008919,180.01,0.238,0.946236559,1.053061224,0.991081,0.987558,,,,Routine operation; no major intervention required.,Mock training record only.
2025-09-26 00:00:00,C,UHT Milk 500ml,Bottle,500,2025-09-26 22:00:00,2025-09-27 06:00:00,475,5,0,0,0,8800,9163,72540,72196,344,0.004742,499.08,0.811,1,1.04125,0.995258,1.036312,,,,Routine operation; no major intervention required.,Minor stoppage reviewed during shift handover.
2025-09-27 00:00:00,A,Cream 250ml,Cup,250,2025-09-27 06:00:00,2025-09-27 14:00:00,457,15,8,0,0,7600,7120,54230,53816,414,0.007634,250.24,0.383,0.982795699,0.936842105,0.992366,0.913696,,,,Routine operation; no major intervention required.,Mock training record only.
2025-09-27 00:00:00,B,UHT Milk 1L,Bottle,1000,2025-09-27 14:00:00,2025-09-27 22:00:00,470,10,0,0,0,7200,6502,50932,50423,509,0.009994,1000.88,2.064,1,0.903055556,0.990006,0.89403,,,,Routine operation; no major intervention required.,Operator verified recipe before production.
2025-09-27 00:00:00,C,Flavoured Milk 200ml,Bottle,200,2025-09-27 22:00:00,2025-09-28 06:00:00,355,25,10,30,60,10500,9894,58539,58002,537,0.009173,200.37,0.321,0.78021978,0.942285714,0.990827,0.728446,,,,Routine operation; no major intervention required.,Minor stoppage reviewed during shift handover.
2025-09-28 00:00:00,A,Drinking Yoghurt 180ml,Bottle,180,2025-09-28 06:00:00,2025-09-28 14:00:00,410,0,40,30,0,9800,9343,63843,62068,1775,0.027803,180.28,0.225,0.854166667,0.953367347,0.972197,0.791694,F007,Label mismatch stop,Incorrect label roll loaded,"Confirm label roll, line clearance, and barcode recipe match.",Line released after QC confirmation.
2025-09-28 00:00:00,B,UHT Milk 500ml,Bottle,500,2025-09-28 14:00:00,2025-09-28 22:00:00,465,15,0,0,0,8800,9072,70308,70232,76,0.001081,501.14,0.685,1,1.030909091,0.998919,1.029795,,,,Routine operation; no major intervention required.,Operator verified recipe before production.
2025-09-28 00:00:00,C,Cream 250ml,Cup,250,2025-09-28 22:00:00,2025-09-29 06:00:00,450,5,5,20,0,7600,6798,50985,50308,677,0.013278,249.81,0.355,0.947368421,0.894473684,0.986722,0.836144,,,,Routine operation; no major intervention required.,Minor stoppage reviewed during shift handover.
2025-09-29 00:00:00,A,UHT Milk 1L,Bottle,1000,2025-09-29 06:00:00,2025-09-29 14:00:00,415,0,35,30,0,7200,7422,51335,50322,1013,0.019733,998.39,1.652,0.864583333,1.030833333,0.980267,0.873654,F003,Cap feeder low level,Cap feed starvation,Top up cap hopper and check cap elevator feed rate.,Mock training record only.
2025-09-29 00:00:00,B,Flavoured Milk 200ml,Bottle,200,2025-09-29 14:00:00,2025-09-29 22:00:00,455,15,10,0,0,10500,10693,81088,80892,196,0.002417,200.58,0.348,0.978494624,1.018380952,0.997583,0.994072,,,,Routine operation; no major intervention required.,Operator verified recipe before production.
2025-09-29 00:00:00,C,Drinking Yoghurt 180ml,Bottle,180,2025-09-29 22:00:00,2025-09-30 06:00:00,442,15,8,15,0,9800,10227,75338,74458,880,0.011681,179.71,0.351,0.950537634,1.043571429,0.988319,0.980367,,,,Routine operation; no major intervention required.,Minor stoppage reviewed during shift handover.
2025-09-30 00:00:00,A,UHT Milk 500ml,Bottle,500,2025-09-30 06:00:00,2025-09-30 14:00:00,428,0,37,15,0,8800,9213,65719,64169,1550,0.023585,497.72,1.403,0.891666667,1.046931818,0.976415,0.911497,F005,Fill volume out of tolerance,Product temperature variation,Check filler calibration and product temperature set point.,Stable run after start-up checks.
2025-09-30 00:00:00,B,Cream 250ml,Cup,250,2025-09-30 14:00:00,2025-09-30 22:00:00,450,0,10,20,0,7600,7246,54345,53818,527,0.009697,249.76,0.261,0.9375,0.953421053,0.990303,0.885165,,,,Routine operation; no major intervention required.,Stable run after start-up checks.
2025-09-30 00:00:00,C,UHT Milk 1L,Bottle,1000,2025-09-30 22:00:00,2025-10-01 06:00:00,460,0,0,20,0,7200,7584,58144,57704,440,0.007567,998.59,2.472,0.958333333,1.053333333,0.992433,1.001806,,,,Routine operation; no major intervention required.,Stable run after start-up checks.
2025-10-01 00:00:00,A,Flavoured Milk 200ml,Bottle,200,2025-10-01 06:00:00,2025-10-01 14:00:00,415,45,0,20,0,10500,10488,72542,72010,532,0.007334,200.32,0.255,0.954022989,0.998857143,0.992666,0.945944,,,,Routine operation; no major intervention required.,Operator verified recipe before production.
2025-10-01 00:00:00,B,Drinking Yoghurt 180ml,Bottle,180,2025-10-01 14:00:00,2025-10-01 22:00:00,440,10,5,25,0,9800,10458,76692,76590,102,0.00133,179.93,0.11,0.936170213,1.067142857,0.99867,0.997699,,,,Routine operation; no major intervention required.,Mock training record only.
2025-10-01 00:00:00,C,UHT Milk 500ml,Bottle,500,2025-10-01 22:00:00,2025-10-02 06:00:00,437,10,8,25,0,8800,9207,67057,66584,473,0.007054,500.53,0.533,0.929787234,1.04625,0.992946,0.965928,,,,Routine operation; no major intervention required.,Stable run after start-up checks.
2025-10-02 00:00:00,A,Cream 250ml,Cup,250,2025-10-02 06:00:00,2025-10-02 14:00:00,455,0,0,25,0,7600,8143,61751,61229,522,0.008453,249.74,0.44,0.947916667,1.071447368,0.991547,1.007058,,,,Routine operation; no major intervention required.,Mock training record only.
2025-10-02 00:00:00,B,UHT Milk 1L,Bottle,1000,2025-10-02 14:00:00,2025-10-02 22:00:00,465,0,15,0,0,7200,7425,57543,56828,715,0.012425,998.5,1.822,0.96875,1.03125,0.987575,0.986611,F006,CIP interlock delay,Valve confirmation delay,Verify valve feedback and repeat CIP step confirmation.,Stable run after start-up checks.
2025-10-02 00:00:00,C,Flavoured Milk 200ml,Bottle,200,2025-10-02 22:00:00,2025-10-03 06:00:00,440,15,0,25,0,10500,11300,82866,82525,341,0.004115,199.54,0.216,0.946236559,1.076190476,0.995885,1.01414,,,,Routine operation; no major intervention required.,Minor stoppage reviewed during shift handover.
2025-10-03 00:00:00,A,Drinking Yoghurt 180ml,Bottle,180,2025-10-03 06:00:00,2025-10-03 14:00:00,440,10,0,30,0,9800,10080,73920,73365,555,0.007508,180.09,0.302,0.936170213,1.028571429,0.992492,0.955688,,,,Routine operation; no major intervention required.,Line released after QC confirmation.
2025-10-03 00:00:00,B,UHT Milk 500ml,Bottle,500,2025-10-03 14:00:00,2025-10-03 22:00:00,475,5,0,0,0,8800,9428,74638,74379,259,0.00347,501.73,0.441,1,1.071363636,0.99653,1.067646,,,,Routine operation; no major intervention required.,Line released after QC confirmation.
2025-10-03 00:00:00,C,Cream 250ml,Cup,250,2025-10-03 22:00:00,2025-10-04 06:00:00,465,5,10,0,0,7600,7667,59419,58840,579,0.009744,250.22,0.278,0.978947368,1.008815789,0.990256,0.977955,,,,Routine operation; no major intervention required.,Stable run after start-up checks.
2025-10-04 00:00:00,A,UHT Milk 1L,Bottle,1000,2025-10-04 06:00:00,2025-10-04 14:00:00,425,15,10,30,0,7200,7367,52182,51772,410,0.007857,999.45,2.334,0.913978495,1.023194444,0.992143,0.92783,,,,Routine operation; no major intervention required.,Minor stoppage reviewed during shift handover.
2025-10-04 00:00:00,B,Flavoured Milk 200ml,Bottle,200,2025-10-04 14:00:00,2025-10-04 22:00:00,440,5,5,30,0,10500,10450,76633,76066,567,0.007399,199.05,0.122,0.926315789,0.995238095,0.992601,0.915084,,,,Routine operation; no major intervention required.,Mock training record only.
2025-10-04 00:00:00,C,Drinking Yoghurt 180ml,Bottle,180,2025-10-04 22:00:00,2025-10-05 06:00:00,370,35,0,15,60,9800,9392,57917,57158,759,0.013105,179.62,0.463,0.831460674,0.958367347,0.986895,0.786402,,,,Routine operation; no major intervention required.,Mock training record only.
2025-10-05 00:00:00,A,UHT Milk 500ml,Bottle,500,2025-10-05 06:00:00,2025-10-05 14:00:00,450,10,0,20,0,8800,8245,61837,61366,471,0.007617,498.82,0.759,0.957446809,0.936931818,0.992383,0.890229,,,,Routine operation; no major intervention required.,Line released after QC confirmation.
2025-10-05 00:00:00,B,Cream 250ml,Cup,250,2025-10-05 14:00:00,2025-10-05 22:00:00,445,5,0,30,0,7600,6805,50470,49809,661,0.013097,249.49,0.335,0.936842105,0.895394737,0.986903,0.827857,,,,Routine operation; no major intervention required.,Mock training record only.
2025-10-05 00:00:00,C,UHT Milk 1L,Bottle,1000,2025-10-05 22:00:00,2025-10-06 06:00:00,475,5,0,0,0,7200,6720,53200,53063,137,0.002575,1000.52,1.311,1,0.933333333,0.997425,0.93093,,,,Routine operation; no major intervention required.,Line released after QC confirmation.
2025-10-06 00:00:00,A,Flavoured Milk 200ml,Bottle,200,2025-10-06 06:00:00,2025-10-06 14:00:00,439,10,31,0,0,10500,10936,80015,78288,1727,0.021583,199.57,0.474,0.934042553,1.04152381,0.978417,0.951831,F003,Cap feeder low level,Cap feed starvation,Top up cap hopper and check cap elevator feed rate.,Minor stoppage reviewed during shift handover.
2025-10-06 00:00:00,B,Drinking Yoghurt 180ml,Bottle,180,2025-10-06 14:00:00,2025-10-06 22:00:00,460,0,0,20,0,9800,10030,76896,76172,724,0.009415,179.82,0.203,0.958333333,1.023469388,0.990585,0.97159,,,,Routine operation; no major intervention required.,Mock training record only.
2025-10-06 00:00:00,C,UHT Milk 500ml,Bottle,500,2025-10-06 22:00:00,2025-10-07 06:00:00,450,10,5,15,0,8800,8697,65227,64686,541,0.008294,500.72,0.569,0.957446809,0.988295455,0.991706,0.938392,,,,Routine operation; no major intervention required.,Line released after QC confirmation.
2025-10-07 00:00:00,A,Cream 250ml,Cup,250,2025-10-07 06:00:00,2025-10-07 14:00:00,456,5,19,0,0,7600,8019,60944,59873,1071,0.017574,250.11,0.405,0.96,1.055131579,0.982426,0.995125,F002,Bottle sensor missed count,Photo eye blocked,Clean photo eye and confirm bottle spacing at infeed.,Stable run after start-up checks.
2025-10-07 00:00:00,B,UHT Milk 1L,Bottle,1000,2025-10-07 14:00:00,2025-10-07 22:00:00,445,5,10,20,0,7200,7455,55291,54955,336,0.006077,997.82,1.353,0.936842105,1.035416667,0.993923,0.964127,,,,Routine operation; no major intervention required.,Operator verified recipe before production.
2025-10-07 00:00:00,C,Flavoured Milk 200ml,Bottle,200,2025-10-07 22:00:00,2025-10-08 06:00:00,469,0,11,0,0,10500,10496,82043,81008,1035,0.012615,200.05,0.233,0.977083333,0.999619048,0.987385,0.96439,F008,Air pressure low,Compressed air fluctuation,Check air header pressure and compressor dryer status.,Mock training record only.
2025-10-08 00:00:00,A,Drinking Yoghurt 180ml,Bottle,180,2025-10-08 06:00:00,2025-10-08 14:00:00,469,0,11,0,0,9800,9963,77877,76920,957,0.012289,179.35,0.212,0.977083333,1.016632653,0.987711,0.981128,F003,Cap feeder low level,Cap feed starvation,Top up cap hopper and check cap elevator feed rate.,Minor stoppage reviewed during shift handover.
2025-10-08 00:00:00,B,UHT Milk 500ml,Bottle,500,2025-10-08 14:00:00,2025-10-08 22:00:00,440,10,0,30,0,8800,9387,68838,68394,444,0.00645,499.98,1.154,0.936170213,1.066704545,0.99355,0.992176,,,,Routine operation; no major intervention required.,Line released after QC confirmation.
2025-10-08 00:00:00,C,Cream 250ml,Cup,250,2025-10-08 22:00:00,2025-10-09 06:00:00,445,15,0,20,0,7600,7844,58176,57715,461,0.007924,250.43,0.224,0.956989247,1.032105263,0.992076,0.979887,,,,Routine operation; no major intervention required.,Operator verified recipe before production.
2025-10-09 00:00:00,A,UHT Milk 1L,Bottle,1000,2025-10-09 06:00:00,2025-10-09 14:00:00,453,0,12,15,0,7200,7203,54382,53498,884,0.016255,1000.41,1.825,0.94375,1.000416667,0.983745,0.928796,F004,Conveyor back pressure,Downstream accumulation,Clear downstream blockage and reset conveyor speed balance.,Minor stoppage reviewed during shift handover.
2025-10-09 00:00:00,B,Flavoured Milk 200ml,Bottle,200,2025-10-09 14:00:00,2025-10-09 22:00:00,422,5,33,20,0,10500,10351,72802,71245,1557,0.021387,200.3,0.21,0.888421053,0.985809524,0.978613,0.857083,F001,Nozzle drip detected,Nozzle seal wear,Inspect and replace nozzle seal; verify drip tray sensor.,Stable run after start-up checks.
2025-10-09 00:00:00,C,Drinking Yoghurt 180ml,Bottle,180,2025-10-09 22:00:00,2025-10-10 06:00:00,430,15,5,30,0,9800,10446,74863,74241,622,0.008309,180.34,0.298,0.924731183,1.065918367,0.991691,0.977498,,,,Routine operation; no major intervention required.,Operator verified recipe before production.
2025-10-10 00:00:00,A,UHT Milk 500ml,Bottle,500,2025-10-10 06:00:00,2025-10-10 14:00:00,440,5,5,30,0,8800,8371,61387,60892,495,0.008064,499.97,0.897,0.926315789,0.95125,0.991936,0.874052,,,,Routine operation; no major intervention required.,Line released after QC confirmation.
2025-10-10 00:00:00,B,Cream 250ml,Cup,250,2025-10-10 14:00:00,2025-10-10 22:00:00,415,10,30,25,0,7600,7418,51307,50270,1037,0.020212,249.05,0.241,0.882978723,0.976052632,0.979788,0.844414,F002,Bottle sensor missed count,Photo eye blocked,Clean photo eye and confirm bottle spacing at infeed.,Minor stoppage reviewed during shift handover.
2025-10-10 00:00:00,C,UHT Milk 1L,Bottle,1000,2025-10-10 22:00:00,2025-10-11 06:00:00,460,0,0,20,0,7200,6792,52072,51450,622,0.011945,1001.58,1.53,0.958333333,0.943333333,0.988055,0.893229,,,,Routine operation; no major intervention required.,Line released after QC confirmation.
2025-10-11 00:00:00,A,Flavoured Milk 200ml,Bottle,200,2025-10-11 06:00:00,2025-10-11 14:00:00,442,5,8,25,0,10500,10181,75000,74217,783,0.01044,200.36,0.456,0.930526316,0.969619048,0.98956,0.892836,,,,Routine operation; no major intervention required.,Operator verified recipe before production.
2025-10-11 00:00:00,B,Drinking Yoghurt 180ml,Bottle,180,2025-10-11 14:00:00,2025-10-11 22:00:00,470,5,5,0,0,9800,8706,68197,67401,796,0.011672,180.42,0.255,0.989473684,0.888367347,0.988328,0.868756,,,,Routine operation; no major intervention required.,Operator verified recipe before production.
2025-10-11 00:00:00,C,UHT Milk 500ml,Bottle,500,2025-10-11 22:00:00,2025-10-12 06:00:00,335,35,10,25,75,8800,8304,46364,45951,413,0.008908,501.7,0.913,0.752808989,0.943636364,0.991092,0.70405,,,,Routine operation; no major intervention required.,Stable run after start-up checks.
2025-10-12 00:00:00,A,Cream 250ml,Cup,250,2025-10-12 06:00:00,2025-10-12 14:00:00,465,10,5,0,0,7600,7766,60186,59941,245,0.004071,249.49,0.347,0.989361702,1.021842105,0.995929,1.006856,,,,Routine operation; no major intervention required.,Minor stoppage reviewed during shift handover.
2025-10-12 00:00:00,B,UHT Milk 1L,Bottle,1000,2025-10-12 14:00:00,2025-10-12 22:00:00,450,15,0,15,0,7200,6475,48562,48105,457,0.009411,998.88,0.73,0.967741935,0.899305556,0.990589,0.862105,,,,Routine operation; no major intervention required.,Line released after QC confirmation.
2025-10-12 00:00:00,C,Flavoured Milk 200ml,Bottle,200,2025-10-12 22:00:00,2025-10-13 06:00:00,445,10,10,15,0,10500,10193,75598,74834,764,0.010106,199.71,0.247,0.946808511,0.970761905,0.989894,0.909837,,,,Routine operation; no major intervention required.,Line released after QC confirmation.
2025-10-13 00:00:00,A,Drinking Yoghurt 180ml,Bottle,180,2025-10-13 06:00:00,2025-10-13 14:00:00,414,10,31,25,0,9800,9353,64535,63145,1390,0.021539,179.67,0.252,0.880851064,0.954387755,0.978461,0.822566,F006,CIP interlock delay,Valve confirmation delay,Verify valve feedback and repeat CIP step confirmation.,Operator verified recipe before production.
2025-10-13 00:00:00,B,UHT Milk 500ml,Bottle,500,2025-10-13 14:00:00,2025-10-13 22:00:00,427,15,18,20,0,8800,8815,62733,61813,920,0.014665,499.7,1.034,0.91827957,1.001704545,0.985335,0.906355,F001,Nozzle drip detected,Nozzle seal wear,Inspect and replace nozzle seal; verify drip tray sensor.,Operator verified recipe before production.
2025-10-13 00:00:00,C,Cream 250ml,Cup,250,2025-10-13 22:00:00,2025-10-14 06:00:00,445,0,10,25,0,7600,8315,61669,61151,518,0.0084,249.38,0.289,0.927083333,1.08,0.9916,0.99284,,,,Routine operation; no major intervention required.,Operator verified recipe before production.
2025-10-14 00:00:00,A,UHT Milk 1L,Bottle,1000,2025-10-14 06:00:00,2025-10-14 14:00:00,457,15,8,0,0,7200,6908,52615,52257,358,0.006804,997.05,2.291,0.982795699,0.959444444,0.993196,0.936522,,,,Routine operation; no major intervention required.,Minor stoppage reviewed during shift handover.
2025-10-14 00:00:00,B,Flavoured Milk 200ml,Bottle,200,2025-10-14 14:00:00,2025-10-14 22:00:00,480,0,0,0,0,10500,10122,80976,80764,212,0.002618,199.48,0.192,1,0.964,0.997382,0.961476,,,,Routine operation; no major intervention required.,Stable run after start-up checks.
2025-10-14 00:00:00,C,Drinking Yoghurt 180ml,Bottle,180,2025-10-14 22:00:00,2025-10-15 06:00:00,445,5,5,25,0,9800,9513,70554,69941,613,0.008688,179.84,0.196,0.936842105,0.970714286,0.991312,0.901505,,,,Routine operation; no major intervention required.,Minor stoppage reviewed during shift handover.
2025-10-15 00:00:00,A,UHT Milk 500ml,Bottle,500,2025-10-15 06:00:00,2025-10-15 14:00:00,454,10,16,0,0,8800,9596,72609,71823,786,0.010825,498.79,0.787,0.965957447,1.08,0.989175,1.031941,F003,Cap feeder low level,Cap feed starvation,Top up cap hopper and check cap elevator feed rate.,Stable run after start-up checks.
2025-10-15 00:00:00,B,Cream 250ml,Cup,250,2025-10-15 14:00:00,2025-10-15 22:00:00,423,15,17,25,0,7600,7878,55539,54469,1070,0.019266,250.4,0.242,0.909677419,1.036578947,0.980734,0.924786,F004,Conveyor back pressure,Downstream accumulation,Clear downstream blockage and reset conveyor speed balance.,Stable run after start-up checks.
2025-10-15 00:00:00,C,UHT Milk 1L,Bottle,1000,2025-10-15 22:00:00,2025-10-16 06:00:00,449,5,26,0,0,7200,6971,52166,51416,750,0.014377,1001.13,0.829,0.945263158,0.968194444,0.985623,0.902041,F002,Bottle sensor missed count,Photo eye blocked,Clean photo eye and confirm bottle spacing at infeed.,Stable run after start-up checks.
2025-10-16 00:00:00,A,Flavoured Milk 200ml,Bottle,200,2025-10-16 06:00:00,2025-10-16 14:00:00,457,5,18,0,0,10500,10144,77263,75940,1323,0.017123,199.83,0.296,0.962105263,0.966095238,0.982877,0.91357,F004,Conveyor back pressure,Downstream accumulation,Clear downstream blockage and reset conveyor speed balance.,Stable run after start-up checks.
2025-10-16 00:00:00,B,Drinking Yoghurt 180ml,Bottle,180,2025-10-16 14:00:00,2025-10-16 22:00:00,440,10,0,30,0,9800,9877,72431,71595,836,0.011542,179.56,0.197,0.936170213,1.007857143,0.988458,0.932636,,,,Routine operation; no major intervention required.,Mock training record only.
2025-10-16 00:00:00,C,UHT Milk 500ml,Bottle,500,2025-10-16 22:00:00,2025-10-17 06:00:00,440,5,5,30,0,8800,8778,64372,63960,412,0.0064,501.45,0.924,0.926315789,0.9975,0.9936,0.918086,,,,Routine operation; no major intervention required.,Operator verified recipe before production.
2025-10-17 00:00:00,A,Cream 250ml,Cup,250,2025-10-17 06:00:00,2025-10-17 14:00:00,453,0,27,0,0,7600,7744,58467,57489,978,0.016727,249.82,0.467,0.94375,1.018947368,0.983273,0.945546,F003,Cap feeder low level,Cap feed starvation,Top up cap hopper and check cap elevator feed rate.,Minor stoppage reviewed during shift handover.
2025-10-17 00:00:00,B,UHT Milk 1L,Bottle,1000,2025-10-17 14:00:00,2025-10-17 22:00:00,457,0,8,15,0,7200,7407,56416,56089,327,0.005796,998.35,1.47,0.952083333,1.02875,0.994204,0.973779,,,,Routine operation; no major intervention required.,Minor stoppage reviewed during shift handover.
2025-10-17 00:00:00,C,Flavoured Milk 200ml,Bottle,200,2025-10-17 22:00:00,2025-10-18 06:00:00,470,10,0,0,0,10500,10603,83056,82662,394,0.004744,199.82,0.243,1,1.009809524,0.995256,1.005019,,,,Routine operation; no major intervention required.,Line released after QC confirmation.
2025-10-18 00:00:00,A,Drinking Yoghurt 180ml,Bottle,180,2025-10-18 06:00:00,2025-10-18 14:00:00,452,10,18,0,0,9800,9073,68349,67239,1110,0.01624,179.99,0.29,0.961702128,0.925816327,0.98376,0.8759,F002,Bottle sensor missed count,Photo eye blocked,Clean photo eye and confirm bottle spacing at infeed.,Mock training record only.
2025-10-18 00:00:00,B,UHT Milk 500ml,Bottle,500,2025-10-18 14:00:00,2025-10-18 22:00:00,467,5,8,0,0,8800,8762,68197,67790,407,0.005968,499.07,0.749,0.983157895,0.995681818,0.994032,0.97307,,,,Routine operation; no major intervention required.,Minor stoppage reviewed during shift handover.
2025-10-18 00:00:00,C,Cream 250ml,Cup,250,2025-10-18 22:00:00,2025-10-19 06:00:00,337,35,8,25,75,7600,7493,42085,41469,616,0.014637,249.83,0.465,0.757303371,0.985921053,0.985363,0.735713,,,,Routine operation; no major intervention required.,Line released after QC confirmation.
2025-10-19 00:00:00,A,UHT Milk 1L,Bottle,1000,2025-10-19 06:00:00,2025-10-19 14:00:00,470,10,0,0,0,7200,6493,50861,50453,408,0.008022,998.88,1.613,1,0.901805556,0.991978,0.894571,,,,Routine operation; no major intervention required.,Operator verified recipe before production.
2025-10-19 00:00:00,B,Flavoured Milk 200ml,Bottle,200,2025-10-19 14:00:00,2025-10-19 22:00:00,429,0,26,25,0,10500,9807,70120,68634,1486,0.021192,200.18,0.406,0.89375,0.934,0.978808,0.817072,F007,Label mismatch stop,Incorrect label roll loaded,"Confirm label roll, line clearance, and barcode recipe match.",Stable run after start-up checks.
2025-10-19 00:00:00,C,Drinking Yoghurt 180ml,Bottle,180,2025-10-19 22:00:00,2025-10-20 06:00:00,467,5,8,0,0,9800,8717,67847,67228,619,0.009123,180.54,0.246,0.983157895,0.889489796,0.990877,0.866531,,,,Routine operation; no major intervention required.,Line released after QC confirmation.
2025-10-20 00:00:00,A,UHT Milk 500ml,Bottle,500,2025-10-20 06:00:00,2025-10-20 14:00:00,454,10,16,0,0,8800,9217,69741,68787,954,0.013679,499.84,0.841,0.965957447,1.047386364,0.986321,0.997891,F007,Label mismatch stop,Incorrect label roll loaded,"Confirm label roll, line clearance, and barcode recipe match.",Line released after QC confirmation.
2025-10-20 00:00:00,B,Cream 250ml,Cup,250,2025-10-20 14:00:00,2025-10-20 22:00:00,450,10,5,15,0,7600,7800,58500,58230,270,0.004615,249.85,0.167,0.957446809,1.026315789,0.995385,0.978108,,,,Routine operation; no major intervention required.,Minor stoppage reviewed during shift handover.
2025-10-20 00:00:00,C,UHT Milk 1L,Bottle,1000,2025-10-20 22:00:00,2025-10-21 06:00:00,471,0,9,0,0,7200,6771,53152,52599,553,0.010404,1000.22,0.518,0.98125,0.940416667,0.989596,0.913183,F001,Nozzle drip detected,Nozzle seal wear,Inspect and replace nozzle seal; verify drip tray sensor.,Stable run after start-up checks.
2025-10-21 00:00:00,A,Flavoured Milk 200ml,Bottle,200,2025-10-21 06:00:00,2025-10-21 14:00:00,455,5,0,20,0,10500,10269,77873,77049,824,0.010581,200.47,0.278,0.957894737,0.978,0.989419,0.926909,,,,Routine operation; no major intervention required.,Line released after QC confirmation.
2025-10-21 00:00:00,B,Drinking Yoghurt 180ml,Bottle,180,2025-10-21 14:00:00,2025-10-21 22:00:00,465,15,0,0,0,9800,10190,78972,78666,306,0.003875,180.22,0.419,1,1.039795918,0.996125,1.035767,,,,Routine operation; no major intervention required.,Stable run after start-up checks.
2025-10-21 00:00:00,C,UHT Milk 500ml,Bottle,500,2025-10-21 22:00:00,2025-10-22 06:00:00,475,5,0,0,0,8800,9560,75683,75166,517,0.006831,500.24,0.834,1,1.08,0.993169,1.072623,,,,Routine operation; no major intervention required.,Stable run after start-up checks.
2025-10-22 00:00:00,A,Cream 250ml,Cup,250,2025-10-22 06:00:00,2025-10-22 14:00:00,430,15,10,25,0,7600,7469,53527,52796,731,0.013657,249.94,0.418,0.924731183,0.982763158,0.986343,0.89638,,,,Routine operation; no major intervention required.,Operator verified recipe before production.
2025-10-22 00:00:00,B,UHT Milk 1L,Bottle,1000,2025-10-22 14:00:00,2025-10-22 22:00:00,460,15,5,0,0,7200,6787,52033,51640,393,0.007553,999.47,1.684,0.989247312,0.942638889,0.992447,0.92546,,,,Routine operation; no major intervention required.,Line released after QC confirmation.
2025-10-22 00:00:00,C,Flavoured Milk 200ml,Bottle,200,2025-10-22 22:00:00,2025-10-23 06:00:00,475,5,0,0,0,10500,10473,82911,82380,531,0.006404,200.29,0.333,1,0.997428571,0.993596,0.991041,,,,Routine operation; no major intervention required.,Stable run after start-up checks.
2025-10-23 00:00:00,A,Drinking Yoghurt 180ml,Bottle,180,2025-10-23 06:00:00,2025-10-23 14:00:00,445,15,0,20,0,9800,9369,69486,68518,968,0.013931,180.24,0.187,0.956989247,0.956020408,0.986069,0.902156,,,,Routine operation; no major intervention required.,Operator verified recipe before production.
2025-10-23 00:00:00,B,UHT Milk 500ml,Bottle,500,2025-10-23 14:00:00,2025-10-23 22:00:00,420,5,40,15,0,8800,9054,63378,62116,1262,0.019912,501.19,0.873,0.884210526,1.028863636,0.980088,0.891617,F006,CIP interlock delay,Valve confirmation delay,Verify valve feedback and repeat CIP step confirmation.,Mock training record only.
2025-10-23 00:00:00,C,Cream 250ml,Cup,250,2025-10-23 22:00:00,2025-10-24 06:00:00,464,10,6,0,0,7600,7967,61611,60922,689,0.011183,249.83,0.413,0.987234043,1.048289474,0.988817,1.023334,F003,Cap feeder low level,Cap feed starvation,Top up cap hopper and check cap elevator feed rate.,Stable run after start-up checks.
2025-10-24 00:00:00,A,UHT Milk 1L,Bottle,1000,2025-10-24 06:00:00,2025-10-24 14:00:00,460,15,5,0,0,7200,7355,56388,56332,56,0.000993,1000.75,1.766,0.989247312,1.021527778,0.999007,1.00954,,,,Routine operation; no major intervention required.,Mock training record only.
2025-10-24 00:00:00,B,Flavoured Milk 200ml,Bottle,200,2025-10-24 14:00:00,2025-10-24 22:00:00,470,10,0,0,0,10500,11117,87083,86651,432,0.004961,199.83,0.293,1,1.058761905,0.995039,1.053509,,,,Routine operation; no major intervention required.,Stable run after start-up checks.
2025-10-24 00:00:00,C,Drinking Yoghurt 180ml,Bottle,180,2025-10-24 22:00:00,2025-10-25 06:00:00,392,15,43,30,0,9800,10091,65927,64118,1809,0.027439,179.78,0.327,0.843010753,1.029693878,0.972561,0.844225,F007,Label mismatch stop,Incorrect label roll loaded,"Confirm label roll, line clearance, and barcode recipe match.",Mock training record only.
2025-10-25 00:00:00,A,UHT Milk 500ml,Bottle,500,2025-10-25 06:00:00,2025-10-25 14:00:00,440,10,0,30,0,8800,7975,58483,57676,807,0.013799,498.54,1.023,0.936170213,0.90625,0.986201,0.836697,,,,Routine operation; no major intervention required.,Minor stoppage reviewed during shift handover.
2025-10-25 00:00:00,B,Cream 250ml,Cup,250,2025-10-25 14:00:00,2025-10-25 22:00:00,442,5,8,25,0,7600,7797,57437,57071,366,0.006372,249.79,0.189,0.930526316,1.025921053,0.993628,0.948564,,,,Routine operation; no major intervention required.,Operator verified recipe before production.
2025-10-25 00:00:00,C,UHT Milk 1L,Bottle,1000,2025-10-25 22:00:00,2025-10-26 06:00:00,332,30,23,20,75,7200,6837,37831,37218,613,0.016204,1001.68,1.434,0.737777778,0.949583333,0.983796,0.689229,F002,Bottle sensor missed count,Photo eye blocked,Clean photo eye and confirm bottle spacing at infeed.,Mock training record only.
2025-10-26 00:00:00,A,Flavoured Milk 200ml,Bottle,200,2025-10-26 06:00:00,2025-10-26 14:00:00,441,10,29,0,0,10500,10215,75080,73800,1280,0.017048,200.9,0.291,0.938297872,0.972857143,0.982952,0.897268,F005,Fill volume out of tolerance,Product temperature variation,Check filler calibration and product temperature set point.,Minor stoppage reviewed during shift handover.
2025-10-26 00:00:00,B,Drinking Yoghurt 180ml,Bottle,180,2025-10-26 14:00:00,2025-10-26 22:00:00,450,10,0,20,0,9800,8776,65820,64960,860,0.013066,179.92,0.214,0.957446809,0.895510204,0.986934,0.846201,,,,Routine operation; no major intervention required.,Line released after QC confirmation.
2025-10-26 00:00:00,C,UHT Milk 500ml,Bottle,500,2025-10-26 22:00:00,2025-10-27 06:00:00,433,15,32,0,0,8800,8544,61659,60550,1109,0.017986,499.99,0.774,0.931182796,0.970909091,0.982014,0.887833,F003,Cap feeder low level,Cap feed starvation,Top up cap hopper and check cap elevator feed rate.,Mock training record only.
2025-10-27 00:00:00,A,Cream 250ml,Cup,250,2025-10-27 06:00:00,2025-10-27 14:00:00,445,15,0,20,0,7600,7751,57486,56987,499,0.00868,250.09,0.422,0.956989247,1.019868421,0.99132,0.967531,,,,Routine operation; no major intervention required.,Minor stoppage reviewed during shift handover.
2025-10-27 00:00:00,B,UHT Milk 1L,Bottle,1000,2025-10-27 14:00:00,2025-10-27 22:00:00,480,0,0,0,0,7200,7583,60664,60397,267,0.004401,1001.31,1.526,1,1.053194444,0.995599,1.048559,,,,Routine operation; no major intervention required.,Operator verified recipe before production.
2025-10-27 00:00:00,C,Flavoured Milk 200ml,Bottle,200,2025-10-27 22:00:00,2025-10-28 06:00:00,440,10,10,20,0,10500,10280,75386,74798,588,0.0078,199.64,0.476,0.936170213,0.979047619,0.9922,0.909406,,,,Routine operation; no major intervention required.,Minor stoppage reviewed during shift handover.
2025-10-28 00:00:00,A,Drinking Yoghurt 180ml,Bottle,180,2025-10-28 06:00:00,2025-10-28 14:00:00,459,5,16,0,0,9800,9451,72300,71137,1163,0.016086,178.57,0.296,0.966315789,0.964387755,0.983914,0.916913,F005,Fill volume out of tolerance,Product temperature variation,Check filler calibration and product temperature set point.,Minor stoppage reviewed during shift handover.
2025-10-28 00:00:00,B,UHT Milk 500ml,Bottle,500,2025-10-28 14:00:00,2025-10-28 22:00:00,467,5,8,0,0,8800,9602,74735,74378,357,0.004777,499.79,0.343,0.983157895,1.08,0.995223,1.056738,,,,Routine operation; no major intervention required.,Mock training record only.
2025-10-28 00:00:00,C,Cream 250ml,Cup,250,2025-10-28 22:00:00,2025-10-29 06:00:00,467,10,3,0,0,7600,7842,61036,60344,692,0.011338,250.38,0.255,0.993617021,1.031842105,0.988662,1.013632,F007,Label mismatch stop,Incorrect label roll loaded,"Confirm label roll, line clearance, and barcode recipe match.",Line released after QC confirmation.
2025-10-29 00:00:00,A,UHT Milk 1L,Bottle,1000,2025-10-29 06:00:00,2025-10-29 14:00:00,450,10,0,20,0,7200,7675,57562,57172,390,0.006775,1003.52,2.18,0.957446809,1.065972222,0.993225,1.013697,,,,Routine operation; no major intervention required.,Minor stoppage reviewed during shift handover.
2025-10-29 00:00:00,B,Flavoured Milk 200ml,Bottle,200,2025-10-29 14:00:00,2025-10-29 22:00:00,437,15,3,25,0,10500,10027,73029,71647,1382,0.018924,199.03,0.32,0.939784946,0.954952381,0.981076,0.880467,F004,Conveyor back pressure,Downstream accumulation,Clear downstream blockage and reset conveyor speed balance.,Operator verified recipe before production.
2025-10-29 00:00:00,C,Drinking Yoghurt 180ml,Bottle,180,2025-10-29 22:00:00,2025-10-30 06:00:00,448,15,17,0,0,9800,9945,74256,73061,1195,0.016093,180.11,0.301,0.96344086,1.014795918,0.983907,0.961962,F008,Air pressure low,Compressed air fluctuation,Check air header pressure and compressor dryer status.,Minor stoppage reviewed during shift handover.
2025-10-30 00:00:00,A,UHT Milk 500ml,Bottle,500,2025-10-30 06:00:00,2025-10-30 14:00:00,450,15,0,15,0,8800,8670,65025,64599,426,0.006551,500.11,1.095,0.967741935,0.985227273,0.993449,0.9472,,,,Routine operation; no major intervention required.,Mock training record only.
2025-10-30 00:00:00,B,Cream 250ml,Cup,250,2025-10-30 14:00:00,2025-10-30 22:00:00,427,15,8,30,0,7600,8047,57267,56966,301,0.005256,249.3,0.341,0.91827957,1.058815789,0.994744,0.967179,,,,Routine operation; no major intervention required.,Operator verified recipe before production.
2025-10-30 00:00:00,C,UHT Milk 1L,Bottle,1000,2025-10-30 22:00:00,2025-10-31 06:00:00,462,10,8,0,0,7200,7496,57719,57427,292,0.005059,997.53,1.438,0.982978723,1.041111111,0.994941,1.018213,,,,Routine operation; no major intervention required.,Minor stoppage reviewed during shift handover.
2025-10-31 00:00:00,A,Flavoured Milk 200ml,Bottle,200,2025-10-31 06:00:00,2025-10-31 14:00:00,446,0,34,0,0,10500,11007,81818,80705,1113,0.013603,199.88,0.317,0.929166667,1.048285714,0.986397,0.960782,F003,Cap feeder low level,Cap feed starvation,Top up cap hopper and check cap elevator feed rate.,Operator verified recipe before production.
2025-10-31 00:00:00,B,Drinking Yoghurt 180ml,Bottle,180,2025-10-31 14:00:00,2025-10-31 22:00:00,412,15,23,30,0,9800,10338,70987,69922,1065,0.015003,180.14,0.196,0.886021505,1.054897959,0.984997,0.92064,F002,Bottle sensor missed count,Photo eye blocked,Clean photo eye and confirm bottle spacing at infeed.,Minor stoppage reviewed during shift handover.
2025-10-31 00:00:00,C,UHT Milk 500ml,Bottle,500,2025-10-31 22:00:00,2025-11-01 06:00:00,470,5,5,0,0,8800,8926,69920,69461,459,0.006565,499.74,0.808,0.989473684,1.014318182,0.993435,0.997052,,,,Routine operation; no major intervention required.,Mock training record only.
2025-11-01 00:00:00,A,Cream 250ml,Cup,250,2025-11-01 06:00:00,2025-11-01 14:00:00,416,40,24,0,0,7600,6841,47430,46294,1136,0.023951,251.11,0.411,0.945454545,0.900131579,0.976049,0.83065,F005,Fill volume out of tolerance,Product temperature variation,Check filler calibration and product temperature set point.,Operator verified recipe before production.
2025-11-01 00:00:00,B,UHT Milk 1L,Bottle,1000,2025-11-01 14:00:00,2025-11-01 22:00:00,465,5,10,0,0,7200,6338,49119,48650,469,0.009548,998.74,0.716,0.978947368,0.880277778,0.990452,0.853518,,,,Routine operation; no major intervention required.,Mock training record only.
2025-11-01 00:00:00,C,Flavoured Milk 200ml,Bottle,200,2025-11-01 22:00:00,2025-11-02 06:00:00,360,30,0,0,90,10500,10762,64572,64507,65,0.001007,200.45,0.298,0.8,1.024952381,0.998993,0.819136,,,,Routine operation; no major intervention required.,Minor stoppage reviewed during shift handover.
2025-11-02 00:00:00,A,Drinking Yoghurt 180ml,Bottle,180,2025-11-02 06:00:00,2025-11-02 14:00:00,465,15,0,0,0,9800,8922,69145,68511,634,0.009169,179.96,0.231,1,0.910408163,0.990831,0.902061,,,,Routine operation; no major intervention required.,Operator verified recipe before production.
2025-11-02 00:00:00,B,UHT Milk 500ml,Bottle,500,2025-11-02 14:00:00,2025-11-02 22:00:00,460,0,0,20,0,8800,8076,61916,61420,496,0.008011,499.27,0.468,0.958333333,0.917727273,0.991989,0.872443,,,,Routine operation; no major intervention required.,Operator verified recipe before production.
2025-11-02 00:00:00,C,Cream 250ml,Cup,250,2025-11-02 22:00:00,2025-11-03 06:00:00,470,10,0,0,0,7600,7421,58131,57611,520,0.008945,250.46,0.243,1,0.976447368,0.991055,0.967713,,,,Routine operation; no major intervention required.,Minor stoppage reviewed during shift handover.
2025-11-03 00:00:00,A,UHT Milk 1L,Bottle,1000,2025-11-03 06:00:00,2025-11-03 14:00:00,435,15,0,30,0,7200,7085,51366,50740,626,0.012187,1001.05,1.32,0.935483871,0.984027778,0.987813,0.909323,,,,Routine operation; no major intervention required.,Line released after QC confirmation.
2025-11-03 00:00:00,B,Flavoured Milk 200ml,Bottle,200,2025-11-03 14:00:00,2025-11-03 22:00:00,446,5,29,0,0,10500,11111,82591,81126,1465,0.017738,199.64,0.433,0.938947368,1.058190476,0.982262,0.975961,F002,Bottle sensor missed count,Photo eye blocked,Clean photo eye and confirm bottle spacing at infeed.,Stable run after start-up checks.
2025-11-03 00:00:00,C,Drinking Yoghurt 180ml,Bottle,180,2025-11-03 22:00:00,2025-11-04 06:00:00,440,15,10,15,0,9800,9166,67217,66644,573,0.008525,180.21,0.142,0.946236559,0.935306122,0.991475,0.877476,,,,Routine operation; no major intervention required.,Operator verified recipe before production.
2025-11-04 00:00:00,A,UHT Milk 500ml,Bottle,500,2025-11-04 06:00:00,2025-11-04 14:00:00,480,0,0,0,0,8800,9424,75392,75264,128,0.001698,499.71,1.106,1,1.070909091,0.998302,1.069091,,,,Routine operation; no major intervention required.,Line released after QC confirmation.
2025-11-04 00:00:00,B,Cream 250ml,Cup,250,2025-11-04 14:00:00,2025-11-04 22:00:00,414,10,26,30,0,7600,7101,48996,47856,1140,0.023267,249.84,0.367,0.880851064,0.934342105,0.976733,0.803867,F008,Air pressure low,Compressed air fluctuation,Check air header pressure and compressor dryer status.,Minor stoppage reviewed during shift handover.
2025-11-04 00:00:00,C,UHT Milk 1L,Bottle,1000,2025-11-04 22:00:00,2025-11-05 06:00:00,457,15,8,0,0,7200,7511,57208,57002,206,0.003601,999.22,1.215,0.982795699,1.043194444,0.996399,1.021555,,,,Routine operation; no major intervention required.,Operator verified recipe before production.
2025-11-05 00:00:00,A,Flavoured Milk 200ml,Bottle,200,2025-11-05 06:00:00,2025-11-05 14:00:00,432,15,8,25,0,10500,11432,82310,81926,384,0.004665,199.39,0.326,0.929032258,1.08,0.995335,0.998674,,,,Routine operation; no major intervention required.,Minor stoppage reviewed during shift handover.
2025-11-05 00:00:00,B,Drinking Yoghurt 180ml,Bottle,180,2025-11-05 14:00:00,2025-11-05 22:00:00,404,15,46,15,0,9800,9470,63764,62163,1601,0.025108,179.8,0.193,0.868817204,0.966326531,0.974892,0.818481,F001,Nozzle drip detected,Nozzle seal wear,Inspect and replace nozzle seal; verify drip tray sensor.,Line released after QC confirmation.
2025-11-05 00:00:00,C,UHT Milk 500ml,Bottle,500,2025-11-05 22:00:00,2025-11-06 06:00:00,432,10,8,30,0,8800,9303,66981,66686,295,0.004404,500.96,0.861,0.919148936,1.057159091,0.995596,0.967407,,,,Routine operation; no major intervention required.,Operator verified recipe before production.
2025-11-06 00:00:00,A,Cream 250ml,Cup,250,2025-11-06 06:00:00,2025-11-06 14:00:00,444,0,36,0,0,7600,7232,53516,52160,1356,0.025338,249.81,0.33,0.925,0.951578947,0.974662,0.857908,F006,CIP interlock delay,Valve confirmation delay,Verify valve feedback and repeat CIP step confirmation.,Mock training record only.
2025-11-06 00:00:00,B,UHT Milk 1L,Bottle,1000,2025-11-06 14:00:00,2025-11-06 22:00:00,439,0,41,0,0,7200,7265,53155,52026,1129,0.02124,998.88,1.191,0.914583333,1.009027778,0.97876,0.903239,F003,Cap feeder low level,Cap feed starvation,Top up cap hopper and check cap elevator feed rate.,Minor stoppage reviewed during shift handover.
2025-11-06 00:00:00,C,Flavoured Milk 200ml,Bottle,200,2025-11-06 22:00:00,2025-11-07 06:00:00,442,10,8,20,0,10500,9982,73534,72625,909,0.012362,200.15,0.452,0.940425532,0.950666667,0.987638,0.882979,,,,Routine operation; no major intervention required.,Minor stoppage reviewed during shift handover.
2025-11-07 00:00:00,A,Drinking Yoghurt 180ml,Bottle,180,2025-11-07 06:00:00,2025-11-07 14:00:00,430,5,25,20,0,9800,10630,76181,74876,1305,0.01713,180.35,0.266,0.905263158,1.08,0.98287,0.960936,F003,Cap feeder low level,Cap feed starvation,Top up cap hopper and check cap elevator feed rate.,Mock training record only.
2025-11-07 00:00:00,B,UHT Milk 500ml,Bottle,500,2025-11-07 14:00:00,2025-11-07 22:00:00,437,5,8,30,0,8800,9362,68186,67633,553,0.00811,499.81,0.56,0.92,1.063863636,0.99189,0.970817,,,,Routine operation; no major intervention required.,Minor stoppage reviewed during shift handover.
2025-11-07 00:00:00,C,Cream 250ml,Cup,250,2025-11-07 22:00:00,2025-11-08 06:00:00,457,15,8,0,0,7600,8242,62776,62371,405,0.006452,250.16,0.267,0.982795699,1.08,0.993548,1.054571,,,,Routine operation; no major intervention required.,Stable run after start-up checks.
2025-11-08 00:00:00,A,UHT Milk 1L,Bottle,1000,2025-11-08 06:00:00,2025-11-08 14:00:00,465,5,10,0,0,7200,6529,50599,50221,378,0.007471,1004.57,0.331,0.978947368,0.906805556,0.992529,0.881083,,,,Routine operation; no major intervention required.,Operator verified recipe before production.
2025-11-08 00:00:00,B,Flavoured Milk 200ml,Bottle,200,2025-11-08 14:00:00,2025-11-08 22:00:00,465,0,0,15,0,10500,9788,75857,75226,631,0.008318,200.09,0.15,0.96875,0.932190476,0.991682,0.895548,,,,Routine operation; no major intervention required.,Mock training record only.
2025-11-08 00:00:00,C,Drinking Yoghurt 180ml,Bottle,180,2025-11-08 22:00:00,2025-11-09 06:00:00,370,35,0,15,60,9800,8617,53138,52620,518,0.009748,180.16,0.245,0.831460674,0.879285714,0.990252,0.723965,,,,Routine operation; no major intervention required.,Line released after QC confirmation.
2025-11-09 00:00:00,A,UHT Milk 500ml,Bottle,500,2025-11-09 06:00:00,2025-11-09 14:00:00,455,0,0,25,0,8800,8565,64951,64676,275,0.004234,500.52,0.953,0.947916667,0.973295455,0.995766,0.918697,,,,Routine operation; no major intervention required.,Mock training record only.
2025-11-09 00:00:00,B,Cream 250ml,Cup,250,2025-11-09 14:00:00,2025-11-09 22:00:00,442,15,8,15,0,7600,7051,51942,51237,705,0.013573,249.59,0.327,0.950537634,0.927763158,0.986427,0.869904,,,,Routine operation; no major intervention required.,Minor stoppage reviewed during shift handover.
2025-11-09 00:00:00,C,UHT Milk 1L,Bottle,1000,2025-11-09 22:00:00,2025-11-10 06:00:00,435,15,0,30,0,7200,7351,53294,52991,303,0.005685,1000.12,1.633,0.935483871,1.020972222,0.994315,0.949673,,,,Routine operation; no major intervention required.,Stable run after start-up checks.
2025-11-10 00:00:00,A,Flavoured Milk 200ml,Bottle,200,2025-11-10 06:00:00,2025-11-10 14:00:00,460,5,0,15,0,10500,10364,79457,78886,571,0.007186,200.03,0.277,0.968421053,0.987047619,0.992814,0.949009,,,,Routine operation; no major intervention required.,Minor stoppage reviewed during shift handover.
2025-11-10 00:00:00,B,Drinking Yoghurt 180ml,Bottle,180,2025-11-10 14:00:00,2025-11-10 22:00:00,447,0,8,25,0,9800,10636,79238,78405,833,0.010513,180.42,0.257,0.93125,1.08,0.989487,0.995177,,,,Routine operation; no major intervention required.,Mock training record only.
2025-11-10 00:00:00,C,UHT Milk 500ml,Bottle,500,2025-11-10 22:00:00,2025-11-11 06:00:00,427,10,23,20,0,8800,9418,67024,66211,813,0.01213,501.02,0.771,0.908510638,1.070227273,0.98787,0.960519,F002,Bottle sensor missed count,Photo eye blocked,Clean photo eye and confirm bottle spacing at infeed.,Mock training record only.
2025-11-11 00:00:00,A,Cream 250ml,Cup,250,2025-11-11 06:00:00,2025-11-11 14:00:00,467,5,8,0,0,7600,7561,58849,58160,689,0.011708,251.02,0.526,0.983157895,0.994868421,0.988292,0.966661,F008,Air pressure low,Compressed air fluctuation,Check air header pressure and compressor dryer status.,Line released after QC confirmation.
2025-11-11 00:00:00,B,UHT Milk 1L,Bottle,1000,2025-11-11 14:00:00,2025-11-11 22:00:00,462,10,8,0,0,7200,7103,54693,54410,283,0.005174,1000.2,1.328,0.982978723,0.986527778,0.994826,0.964718,,,,Routine operation; no major intervention required.,Line released after QC confirmation.
2025-11-11 00:00:00,C,Flavoured Milk 200ml,Bottle,200,2025-11-11 22:00:00,2025-11-12 06:00:00,445,0,5,30,0,10500,11095,82287,81572,715,0.008689,199.62,0.379,0.927083333,1.056666667,0.991311,0.971106,,,,Routine operation; no major intervention required.,Operator verified recipe before production.
2025-11-12 00:00:00,A,Drinking Yoghurt 180ml,Bottle,180,2025-11-12 06:00:00,2025-11-12 14:00:00,450,0,0,30,0,9800,10619,79642,79058,584,0.007333,179.98,0.333,0.9375,1.08,0.992667,1.005075,,,,Routine operation; no major intervention required.,Stable run after start-up checks.
2025-11-12 00:00:00,B,UHT Milk 500ml,Bottle,500,2025-11-12 14:00:00,2025-11-12 22:00:00,445,0,5,30,0,8800,8510,63115,62383,732,0.011598,500.82,1.426,0.927083333,0.967045455,0.988402,0.886134,,,,Routine operation; no major intervention required.,Line released after QC confirmation.
2025-11-12 00:00:00,C,Cream 250ml,Cup,250,2025-11-12 22:00:00,2025-11-13 06:00:00,455,15,10,0,0,7600,7762,58861,58423,438,0.007441,249.94,0.302,0.978494624,1.021315789,0.992559,0.991916,,,,Routine operation; no major intervention required.,Mock training record only.
2025-11-13 00:00:00,A,UHT Milk 1L,Bottle,1000,2025-11-13 06:00:00,2025-11-13 14:00:00,452,5,8,15,0,7200,6893,51927,51673,254,0.004891,1000.75,2.194,0.951578947,0.957361111,0.995109,0.906549,,,,Routine operation; no major intervention required.,Minor stoppage reviewed during shift handover.
2025-11-13 00:00:00,B,Flavoured Milk 200ml,Bottle,200,2025-11-13 14:00:00,2025-11-13 22:00:00,455,0,0,25,0,10500,10699,81134,80729,405,0.004992,200.08,0.454,0.947916667,1.018952381,0.995008,0.96106,,,,Routine operation; no major intervention required.,Mock training record only.
2025-11-13 00:00:00,C,Drinking Yoghurt 180ml,Bottle,180,2025-11-13 22:00:00,2025-11-14 06:00:00,417,5,28,30,0,9800,10289,71508,69952,1556,0.02176,179.76,0.261,0.877894737,1.049897959,0.97824,0.901644,F006,CIP interlock delay,Valve confirmation delay,Verify valve feedback and repeat CIP step confirmation.,Mock training record only.
2025-11-14 00:00:00,A,UHT Milk 500ml,Bottle,500,2025-11-14 06:00:00,2025-11-14 14:00:00,475,5,0,0,0,8800,9274,73419,73021,398,0.005421,499.78,0.903,1,1.053863636,0.994579,1.048151,,,,Routine operation; no major intervention required.,Operator verified recipe before production.
2025-11-14 00:00:00,B,Cream 250ml,Cup,250,2025-11-14 14:00:00,2025-11-14 22:00:00,460,0,20,0,0,7600,8197,62843,62123,720,0.011457,249.53,0.274,0.958333333,1.078552632,0.988543,1.021771,F004,Conveyor back pressure,Downstream accumulation,Clear downstream blockage and reset conveyor speed balance.,Mock training record only.
2025-11-14 00:00:00,C,UHT Milk 1L,Bottle,1000,2025-11-14 22:00:00,2025-11-15 06:00:00,432,10,8,30,0,7200,7024,50572,50025,547,0.010816,1000.88,1.095,0.919148936,0.975555556,0.989184,0.886982,,,,Routine operation; no major intervention required.,Mock training record only.
2025-11-15 00:00:00,A,Flavoured Milk 200ml,Bottle,200,2025-11-15 06:00:00,2025-11-15 14:00:00,433,5,22,20,0,10500,10388,74966,73545,1421,0.018955,200.29,0.432,0.911578947,0.989333333,0.981045,0.884761,F004,Conveyor back pressure,Downstream accumulation,Clear downstream blockage and reset conveyor speed balance.,Stable run after start-up checks.
2025-11-15 00:00:00,B,Drinking Yoghurt 180ml,Bottle,180,2025-11-15 14:00:00,2025-11-15 22:00:00,471,5,4,0,0,9800,9810,77008,75909,1099,0.014271,179.96,0.206,0.991578947,1.001020408,0.985729,0.978425,F007,Label mismatch stop,Incorrect label roll loaded,"Confirm label roll, line clearance, and barcode recipe match.",Operator verified recipe before production.
2025-11-15 00:00:00,C,UHT Milk 500ml,Bottle,500,2025-11-15 22:00:00,2025-11-16 06:00:00,360,25,5,0,90,8800,7983,47898,47499,399,0.00833,500.56,0.905,0.791208791,0.907159091,0.99167,0.711773,,,,Routine operation; no major intervention required.,Minor stoppage reviewed during shift handover.
2025-11-16 00:00:00,A,Cream 250ml,Cup,250,2025-11-16 06:00:00,2025-11-16 14:00:00,450,15,0,15,0,7600,7701,57757,57360,397,0.006874,250.28,0.324,0.967741935,1.013289474,0.993126,0.973862,,,,Routine operation; no major intervention required.,Stable run after start-up checks.
2025-11-16 00:00:00,B,UHT Milk 1L,Bottle,1000,2025-11-16 14:00:00,2025-11-16 22:00:00,450,15,0,15,0,7200,6509,48817,48469,348,0.007129,1002.22,1.832,0.967741935,0.904027778,0.992871,0.868629,,,,Routine operation; no major intervention required.,Mock training record only.
2025-11-16 00:00:00,C,Flavoured Milk 200ml,Bottle,200,2025-11-16 22:00:00,2025-11-17 06:00:00,431,5,24,20,0,10500,10492,75367,73618,1749,0.023206,199.77,0.247,0.907368421,0.999238095,0.976794,0.885637,F001,Nozzle drip detected,Nozzle seal wear,Inspect and replace nozzle seal; verify drip tray sensor.,Operator verified recipe before production.
2025-11-17 00:00:00,A,Drinking Yoghurt 180ml,Bottle,180,2025-11-17 06:00:00,2025-11-17 14:00:00,435,15,0,30,0,9800,10309,74740,74171,569,0.007613,179.72,0.254,0.935483871,1.051938776,0.992387,0.97658,,,,Routine operation; no major intervention required.,Line released after QC confirmation.
2025-11-17 00:00:00,B,UHT Milk 500ml,Bottle,500,2025-11-17 14:00:00,2025-11-17 22:00:00,465,5,10,0,0,8800,9055,70176,69578,598,0.008521,498.49,0.692,0.978947368,1.028977273,0.991479,0.998731,,,,Routine operation; no major intervention required.,Stable run after start-up checks.
2025-11-17 00:00:00,C,Cream 250ml,Cup,250,2025-11-17 22:00:00,2025-11-18 06:00:00,459,10,11,0,0,7600,7588,58048,57325,723,0.012455,249.9,0.426,0.976595745,0.998421053,0.987545,0.962909,F004,Conveyor back pressure,Downstream accumulation,Clear downstream blockage and reset conveyor speed balance.,Mock training record only.
2025-11-18 00:00:00,A,UHT Milk 1L,Bottle,1000,2025-11-18 06:00:00,2025-11-18 14:00:00,427,15,8,30,0,7200,7786,55410,55037,373,0.006732,995.52,1.029,0.91827957,1.08,0.993268,0.985066,,,,Routine operation; no major intervention required.,Line released after QC confirmation.
2025-11-18 00:00:00,B,Flavoured Milk 200ml,Bottle,200,2025-11-18 14:00:00,2025-11-18 22:00:00,440,10,5,25,0,10500,10098,74052,73667,385,0.005199,200.17,0.346,0.936170213,0.961714286,0.994801,0.895647,,,,Routine operation; no major intervention required.,Line released after QC confirmation.
2025-11-18 00:00:00,C,Drinking Yoghurt 180ml,Bottle,180,2025-11-18 22:00:00,2025-11-19 06:00:00,460,0,0,20,0,9800,10064,77157,76635,522,0.006765,180.42,0.431,0.958333333,1.026938776,0.993235,0.977492,,,,Routine operation; no major intervention required.,Minor stoppage reviewed during shift handover.
2025-11-19 00:00:00,A,UHT Milk 500ml,Bottle,500,2025-11-19 06:00:00,2025-11-19 14:00:00,460,0,0,20,0,8800,8695,66661,66063,598,0.008971,502.26,1.03,0.958333333,0.988068182,0.991029,0.938404,,,,Routine operation; no major intervention required.,Mock training record only.
2025-11-19 00:00:00,B,Cream 250ml,Cup,250,2025-11-19 14:00:00,2025-11-19 22:00:00,432,10,8,30,0,7600,7970,57384,57008,376,0.006552,249.51,0.476,0.919148936,1.048684211,0.993448,0.957582,,,,Routine operation; no major intervention required.,Stable run after start-up checks.
2025-11-19 00:00:00,C,UHT Milk 1L,Bottle,1000,2025-11-19 22:00:00,2025-11-20 06:00:00,425,5,25,25,0,7200,7350,52062,51046,1016,0.019515,1003.27,2.112,0.894736842,1.020833333,0.980485,0.895553,F008,Air pressure low,Compressed air fluctuation,Check air header pressure and compressor dryer status.,Stable run after start-up checks.
2025-11-20 00:00:00,A,Flavoured Milk 200ml,Bottle,200,2025-11-20 06:00:00,2025-11-20 14:00:00,425,5,30,20,0,10500,11180,79191,77665,1526,0.01927,199.84,0.159,0.894736842,1.064761905,0.98073,0.934324,F003,Cap feeder low level,Cap feed starvation,Top up cap hopper and check cap elevator feed rate.,Minor stoppage reviewed during shift handover.
2025-11-20 00:00:00,B,Drinking Yoghurt 180ml,Bottle,180,2025-11-20 14:00:00,2025-11-20 22:00:00,470,0,10,0,0,9800,9711,76069,75740,329,0.004325,179.61,0.308,0.979166667,0.990918367,0.995675,0.966078,,,,Routine operation; no major intervention required.,Mock training record only.
2025-11-20 00:00:00,C,UHT Milk 500ml,Bottle,500,2025-11-20 22:00:00,2025-11-21 06:00:00,435,5,15,25,0,8800,9378,67990,67112,878,0.012914,499.26,0.234,0.915789474,1.065681818,0.987086,0.963337,F007,Label mismatch stop,Incorrect label roll loaded,"Confirm label roll, line clearance, and barcode recipe match.",Operator verified recipe before production.
2025-11-21 00:00:00,A,Cream 250ml,Cup,250,2025-11-21 06:00:00,2025-11-21 14:00:00,469,0,11,0,0,7600,8095,63275,62483,792,0.012517,250.31,0.254,0.977083333,1.065131579,0.987483,1.027696,F001,Nozzle drip detected,Nozzle seal wear,Inspect and replace nozzle seal; verify drip tray sensor.,Line released after QC confirmation.
2025-11-21 00:00:00,B,UHT Milk 1L,Bottle,1000,2025-11-21 14:00:00,2025-11-21 22:00:00,470,10,0,0,0,7200,6773,53055,52705,350,0.006597,999.58,1.661,1,0.940694444,0.993403,0.934489,,,,Routine operation; no major intervention required.,Line released after QC confirmation.
2025-11-21 00:00:00,C,Flavoured Milk 200ml,Bottle,200,2025-11-21 22:00:00,2025-11-22 06:00:00,472,0,8,0,0,10500,11095,87280,86902,378,0.004331,199.57,0.412,0.983333333,1.056666667,0.995669,1.034555,,,,Routine operation; no major intervention required.,Operator verified recipe before production.
2025-11-22 00:00:00,A,Drinking Yoghurt 180ml,Bottle,180,2025-11-22 06:00:00,2025-11-22 14:00:00,455,10,0,15,0,9800,9794,74271,73887,384,0.00517,180.33,0.369,0.968085106,0.999387755,0.99483,0.96249,,,,Routine operation; no major intervention required.,Minor stoppage reviewed during shift handover.
2025-11-22 00:00:00,B,UHT Milk 500ml,Bottle,500,2025-11-22 14:00:00,2025-11-22 22:00:00,445,10,5,20,0,8800,8670,64302,63925,377,0.005863,499.85,0.505,0.946808511,0.985227273,0.994137,0.927352,,,,Routine operation; no major intervention required.,Mock training record only.
2025-11-22 00:00:00,C,Cream 250ml,Cup,250,2025-11-22 22:00:00,2025-11-23 06:00:00,342,25,8,15,90,7600,7409,42231,41938,293,0.006938,250.08,0.359,0.751648352,0.974868421,0.993062,0.727674,,,,Routine operation; no major intervention required.,Minor stoppage reviewed during shift handover.
2025-11-23 00:00:00,A,UHT Milk 1L,Bottle,1000,2025-11-23 06:00:00,2025-11-23 14:00:00,455,5,0,20,0,7200,7229,54819,54678,141,0.002572,999.47,2.327,0.957894737,1.004027778,0.997428,0.959279,,,,Routine operation; no major intervention required.,Line released after QC confirmation.
2025-11-23 00:00:00,B,Flavoured Milk 200ml,Bottle,200,2025-11-23 14:00:00,2025-11-23 22:00:00,460,15,5,0,0,10500,10628,81481,81054,427,0.00524,199.23,0.377,0.989247312,1.012190476,0.99476,0.99606,,,,Routine operation; no major intervention required.,Mock training record only.
2025-11-23 00:00:00,C,Drinking Yoghurt 180ml,Bottle,180,2025-11-23 22:00:00,2025-11-24 06:00:00,426,0,24,30,0,9800,8844,62792,61181,1611,0.025656,179.68,0.212,0.8875,0.90244898,0.974344,0.780375,F007,Label mismatch stop,Incorrect label roll loaded,"Confirm label roll, line clearance, and barcode recipe match.",Mock training record only.
2025-11-24 00:00:00,A,UHT Milk 500ml,Bottle,500,2025-11-24 06:00:00,2025-11-24 14:00:00,470,10,0,0,0,8800,9169,71823,71751,72,0.001002,498.1,0.856,1,1.041931818,0.998998,1.040888,,,,Routine operation; no major intervention required.,Minor stoppage reviewed during shift handover.
2025-11-24 00:00:00,B,Cream 250ml,Cup,250,2025-11-24 14:00:00,2025-11-24 22:00:00,480,0,0,0,0,7600,7045,56360,55784,576,0.01022,250.23,0.418,1,0.926973684,0.98978,0.9175,,,,Routine operation; no major intervention required.,Line released after QC confirmation.
2025-11-24 00:00:00,C,UHT Milk 1L,Bottle,1000,2025-11-24 22:00:00,2025-11-25 06:00:00,455,10,15,0,0,7200,7196,54569,54004,565,0.010354,1001.29,1.072,0.968085106,0.999444444,0.989646,0.957529,F001,Nozzle drip detected,Nozzle seal wear,Inspect and replace nozzle seal; verify drip tray sensor.,Stable run after start-up checks.
2025-11-25 00:00:00,A,Flavoured Milk 200ml,Bottle,200,2025-11-25 06:00:00,2025-11-25 14:00:00,450,0,5,25,0,10500,10149,76117,75629,488,0.006411,199.69,0.254,0.9375,0.966571429,0.993589,0.900351,,,,Routine operation; no major intervention required.,Operator verified recipe before production.
2025-11-25 00:00:00,B,Drinking Yoghurt 180ml,Bottle,180,2025-11-25 14:00:00,2025-11-25 22:00:00,450,10,5,15,0,9800,10240,76800,76109,691,0.008997,180.13,0.183,0.957446809,1.044897959,0.991003,0.991433,,,,Routine operation; no major intervention required.,Minor stoppage reviewed during shift handover.
2025-11-25 00:00:00,C,UHT Milk 500ml,Bottle,500,2025-11-25 22:00:00,2025-11-26 06:00:00,475,0,5,0,0,8800,8504,67323,66993,330,0.004902,499.32,0.727,0.989583333,0.966363636,0.995098,0.95161,,,,Routine operation; no major intervention required.,Stable run after start-up checks.
2025-11-26 00:00:00,A,Cream 250ml,Cup,250,2025-11-26 06:00:00,2025-11-26 14:00:00,440,5,5,30,0,7600,8078,59238,58452,786,0.013269,249.77,0.658,0.926315789,1.062894737,0.986731,0.971512,,,,Routine operation; no major intervention required.,Line released after QC confirmation.
2025-11-26 00:00:00,B,UHT Milk 1L,Bottle,1000,2025-11-26 14:00:00,2025-11-26 22:00:00,462,10,8,0,0,7200,7009,53969,53455,514,0.009524,998.57,1.076,0.982978723,0.973472222,0.990476,0.947789,F004,Conveyor back pressure,Downstream accumulation,Clear downstream blockage and reset conveyor speed balance.,Stable run after start-up checks.
2025-11-26 00:00:00,C,Flavoured Milk 200ml,Bottle,200,2025-11-26 22:00:00,2025-11-27 06:00:00,427,15,8,30,0,10500,10774,76674,76008,666,0.008686,200.03,0.303,0.91827957,1.026095238,0.991314,0.934058,,,,Routine operation; no major intervention required.,Minor stoppage reviewed during shift handover.
2025-11-27 00:00:00,A,Drinking Yoghurt 180ml,Bottle,180,2025-11-27 06:00:00,2025-11-27 14:00:00,455,0,5,20,0,9800,9159,69455,68749,706,0.010165,180.25,0.213,0.947916667,0.934591837,0.989835,0.87691,,,,Routine operation; no major intervention required.,Stable run after start-up checks.
2025-11-27 00:00:00,B,UHT Milk 500ml,Bottle,500,2025-11-27 14:00:00,2025-11-27 22:00:00,457,15,8,0,0,8800,9043,68877,68262,615,0.008929,499.99,0.726,0.982795699,1.027613636,0.991071,1.000917,F006,CIP interlock delay,Valve confirmation delay,Verify valve feedback and repeat CIP step confirmation.,Minor stoppage reviewed during shift handover.
2025-11-27 00:00:00,C,Cream 250ml,Cup,250,2025-11-27 22:00:00,2025-11-28 06:00:00,445,0,10,25,0,7600,7668,56871,56269,602,0.010585,249.33,0.432,0.927083333,1.008947368,0.989415,0.925477,,,,Routine operation; no major intervention required.,Minor stoppage reviewed during shift handover.
2025-11-28 00:00:00,A,UHT Milk 1L,Bottle,1000,2025-11-28 06:00:00,2025-11-28 14:00:00,460,0,0,20,0,7200,6689,51282,50857,425,0.008288,999.72,1.134,0.958333333,0.929027778,0.991712,0.882939,,,,Routine operation; no major intervention required.,Minor stoppage reviewed during shift handover.
2025-11-28 00:00:00,B,Flavoured Milk 200ml,Bottle,200,2025-11-28 14:00:00,2025-11-28 22:00:00,467,5,8,0,0,10500,10059,78292,77605,687,0.008775,199.85,0.243,0.983157895,0.958,0.991225,0.9336,,,,Routine operation; no major intervention required.,Mock training record only.
2025-11-28 00:00:00,C,Drinking Yoghurt 180ml,Bottle,180,2025-11-28 22:00:00,2025-11-29 06:00:00,455,5,5,15,0,9800,9241,70077,69382,695,0.009918,180.77,0.273,0.957894737,0.942959184,0.990082,0.894297,,,,Routine operation; no major intervention required.,Minor stoppage reviewed during shift handover.
2025-11-29 00:00:00,A,UHT Milk 500ml,Bottle,500,2025-11-29 06:00:00,2025-11-29 14:00:00,460,5,0,15,0,8800,7742,59355,58841,514,0.00866,501.48,0.61,0.968421053,0.879772727,0.99134,0.844612,,,,Routine operation; no major intervention required.,Mock training record only.
2025-11-29 00:00:00,B,Cream 250ml,Cup,250,2025-11-29 14:00:00,2025-11-29 22:00:00,465,15,0,0,0,7600,7566,58636,58268,368,0.006276,250.35,0.275,1,0.995526316,0.993724,0.989278,,,,Routine operation; no major intervention required.,Stable run after start-up checks.
2025-11-29 00:00:00,C,UHT Milk 1L,Bottle,1000,2025-11-29 22:00:00,2025-11-30 06:00:00,343,25,32,20,60,7200,6724,38438,37618,820,0.021333,998.06,1.062,0.753846154,0.933888889,0.978667,0.68899,F001,Nozzle drip detected,Nozzle seal wear,Inspect and replace nozzle seal; verify drip tray sensor.,Minor stoppage reviewed during shift handover.
2025-11-30 00:00:00,A,Flavoured Milk 200ml,Bottle,200,2025-11-30 06:00:00,2025-11-30 14:00:00,477,0,3,0,0,10500,9408,74793,73463,1330,0.017782,200.77,0.363,0.99375,0.896,0.982218,0.874567,F004,Conveyor back pressure,Downstream accumulation,Clear downstream blockage and reset conveyor speed balance.,Line released after QC confirmation.
2025-11-30 00:00:00,B,Drinking Yoghurt 180ml,Bottle,180,2025-11-30 14:00:00,2025-11-30 22:00:00,434,15,11,20,0,9800,9012,65186,64124,1062,0.016292,179.94,0.19,0.933333333,0.919591837,0.983708,0.844303,F007,Label mismatch stop,Incorrect label roll loaded,"Confirm label roll, line clearance, and barcode recipe match.",Line released after QC confirmation.
2025-11-30 00:00:00,C,UHT Milk 500ml,Bottle,500,2025-11-30 22:00:00,2025-12-01 06:00:00,480,0,0,0,0,8800,8764,70112,69808,304,0.004336,499.8,0.801,1,0.995909091,0.995664,0.991591,,,,Routine operation; no major intervention required.,Mock training record only.
2025-12-01 00:00:00,A,Cream 250ml,Cup,250,2025-12-01 06:00:00,2025-12-01 14:00:00,405,40,15,20,0,7600,8052,54351,53689,662,0.01218,249.93,0.278,0.920454545,1.059473684,0.98782,0.963319,F002,Bottle sensor missed count,Photo eye blocked,Clean photo eye and confirm bottle spacing at infeed.,Line released after QC confirmation.
2025-12-01 00:00:00,B,UHT Milk 1L,Bottle,1000,2025-12-01 14:00:00,2025-12-01 22:00:00,447,10,8,15,0,7200,6891,51337,50873,464,0.009038,1000.67,1.467,0.95106383,0.957083333,0.990962,0.902021,,,,Routine operation; no major intervention required.,Line released after QC confirmation.
2025-12-01 00:00:00,C,Flavoured Milk 200ml,Bottle,200,2025-12-01 22:00:00,2025-12-02 06:00:00,440,10,5,25,0,10500,10103,74088,73616,472,0.006371,199.74,0.252,0.936170213,0.962190476,0.993629,0.895035,,,,Routine operation; no major intervention required.,Minor stoppage reviewed during shift handover.
2025-12-02 00:00:00,A,Drinking Yoghurt 180ml,Bottle,180,2025-12-02 06:00:00,2025-12-02 14:00:00,407,15,38,20,0,9800,10449,70879,69648,1231,0.017368,179.74,0.28,0.875268817,1.06622449,0.982632,0.917025,F002,Bottle sensor missed count,Photo eye blocked,Clean photo eye and confirm bottle spacing at infeed.,Stable run after start-up checks.
2025-12-02 00:00:00,B,UHT Milk 500ml,Bottle,500,2025-12-02 14:00:00,2025-12-02 22:00:00,430,15,5,30,0,8800,8159,58472,57885,587,0.010039,500.47,0.374,0.924731183,0.927159091,0.989961,0.848766,,,,Routine operation; no major intervention required.,Line released after QC confirmation.
2025-12-02 00:00:00,C,Cream 250ml,Cup,250,2025-12-02 22:00:00,2025-12-03 06:00:00,451,10,19,0,0,7600,7872,59171,58070,1101,0.018607,250.55,0.399,0.959574468,1.035789474,0.981393,0.975423,F008,Air pressure low,Compressed air fluctuation,Check air header pressure and compressor dryer status.,Minor stoppage reviewed during shift handover.
2025-12-03 00:00:00,A,UHT Milk 1L,Bottle,1000,2025-12-03 06:00:00,2025-12-03 14:00:00,465,15,0,0,0,7200,6687,51824,51647,177,0.003415,999.72,1.107,1,0.92875,0.996585,0.925578,,,,Routine operation; no major intervention required.,Line released after QC confirmation.
2025-12-03 00:00:00,B,Flavoured Milk 200ml,Bottle,200,2025-12-03 14:00:00,2025-12-03 22:00:00,445,10,5,20,0,10500,10561,78327,78015,312,0.003983,199.33,0.213,0.946808511,1.005809524,0.996017,0.948516,,,,Routine operation; no major intervention required.,Operator verified recipe before production.
2025-12-03 00:00:00,C,Drinking Yoghurt 180ml,Bottle,180,2025-12-03 22:00:00,2025-12-04 06:00:00,436,10,34,0,0,9800,10269,74621,73321,1300,0.017421,178.89,0.344,0.927659574,1.047857143,0.982579,0.955121,F005,Fill volume out of tolerance,Product temperature variation,Check filler calibration and product temperature set point.,Minor stoppage reviewed during shift handover.
2025-12-04 00:00:00,A,UHT Milk 500ml,Bottle,500,2025-12-04 06:00:00,2025-12-04 14:00:00,455,5,5,15,0,8800,9389,71199,70998,201,0.002823,500.46,0.581,0.957894737,1.066931818,0.997177,1.019123,,,,Routine operation; no major intervention required.,Operator verified recipe before production.
2025-12-04 00:00:00,B,Cream 250ml,Cup,250,2025-12-04 14:00:00,2025-12-04 22:00:00,443,15,22,0,0,7600,8058,59494,58440,1054,0.017716,250.29,0.438,0.952688172,1.060263158,0.982284,0.992205,F002,Bottle sensor missed count,Photo eye blocked,Clean photo eye and confirm bottle spacing at infeed.,Stable run after start-up checks.
2025-12-04 00:00:00,C,UHT Milk 1L,Bottle,1000,2025-12-04 22:00:00,2025-12-05 06:00:00,455,0,10,15,0,7200,7539,57170,56969,201,0.003516,1000.54,1.435,0.947916667,1.047083333,0.996484,0.989058,,,,Routine operation; no major intervention required.,Mock training record only.
2025-12-05 00:00:00,A,Flavoured Milk 200ml,Bottle,200,2025-12-05 06:00:00,2025-12-05 14:00:00,450,0,0,30,0,10500,11125,83437,82951,486,0.005825,200.03,0.423,0.9375,1.05952381,0.994175,0.987518,,,,Routine operation; no major intervention required.,Line released after QC confirmation.
2025-12-05 00:00:00,B,Drinking Yoghurt 180ml,Bottle,180,2025-12-05 14:00:00,2025-12-05 22:00:00,418,15,47,0,0,9800,9808,68329,66684,1645,0.024075,180.05,0.386,0.898924731,1.000816327,0.975925,0.877999,F008,Air pressure low,Compressed air fluctuation,Check air header pressure and compressor dryer status.,Operator verified recipe before production.
2025-12-05 00:00:00,C,UHT Milk 500ml,Bottle,500,2025-12-05 22:00:00,2025-12-06 06:00:00,470,10,0,0,0,8800,9184,71941,71786,155,0.002155,499.93,0.511,1,1.043636364,0.997845,1.041387,,,,Routine operation; no major intervention required.,Minor stoppage reviewed during shift handover.
2025-12-06 00:00:00,A,Cream 250ml,Cup,250,2025-12-06 06:00:00,2025-12-06 14:00:00,445,10,10,15,0,7600,6819,50574,49852,722,0.014276,249.65,0.281,0.946808511,0.897236842,0.985724,0.837384,,,,Routine operation; no major intervention required.,Stable run after start-up checks.
2025-12-06 00:00:00,B,UHT Milk 1L,Bottle,1000,2025-12-06 14:00:00,2025-12-06 22:00:00,442,10,8,20,0,7200,6262,46130,45667,463,0.010037,997.63,1.718,0.940425532,0.869722222,0.989963,0.8097,,,,Routine operation; no major intervention required.,Mock training record only.
2025-12-06 00:00:00,C,Flavoured Milk 200ml,Bottle,200,2025-12-06 22:00:00,2025-12-07 06:00:00,342,30,8,25,75,10500,9220,52554,52005,549,0.010446,199.77,0.25,0.76,0.878095238,0.989554,0.660381,,,,Routine operation; no major intervention required.,Stable run after start-up checks.
2025-12-07 00:00:00,A,Drinking Yoghurt 180ml,Bottle,180,2025-12-07 06:00:00,2025-12-07 14:00:00,452,5,8,15,0,9800,8645,65125,64568,557,0.008553,180.03,0.15,0.951578947,0.882142857,0.991447,0.832249,,,,Routine operation; no major intervention required.,Operator verified recipe before production.
2025-12-07 00:00:00,B,UHT Milk 500ml,Bottle,500,2025-12-07 14:00:00,2025-12-07 22:00:00,452,10,18,0,0,8800,8313,62624,61359,1265,0.0202,502.09,0.34,0.961702128,0.944659091,0.9798,0.890129,F004,Conveyor back pressure,Downstream accumulation,Clear downstream blockage and reset conveyor speed balance.,Minor stoppage reviewed during shift handover.
2025-12-07 00:00:00,C,Cream 250ml,Cup,250,2025-12-07 22:00:00,2025-12-08 06:00:00,440,5,5,30,0,7600,7541,55300,54835,465,0.008409,250.9,0.156,0.926315789,0.992236842,0.991591,0.911396,,,,Routine operation; no major intervention required.,Mock training record only.
2025-12-08 00:00:00,A,UHT Milk 1L,Bottle,1000,2025-12-08 06:00:00,2025-12-08 14:00:00,465,15,0,0,0,7200,7402,57365,57125,240,0.004184,998.2,1.344,1,1.028055556,0.995816,1.023754,,,,Routine operation; no major intervention required.,Line released after QC confirmation.
2025-12-08 00:00:00,B,Flavoured Milk 200ml,Bottle,200,2025-12-08 14:00:00,2025-12-08 22:00:00,450,10,5,15,0,10500,10626,79695,79198,497,0.006236,200.35,0.274,0.957446809,1.012,0.993764,0.962894,,,,Routine operation; no major intervention required.,Stable run after start-up checks.
2025-12-08 00:00:00,C,Drinking Yoghurt 180ml,Bottle,180,2025-12-08 22:00:00,2025-12-09 06:00:00,460,15,5,0,0,9800,10084,77310,76801,509,0.006584,180.24,0.359,0.989247312,1.028979592,0.993416,1.011213,,,,Routine operation; no major intervention required.,Stable run after start-up checks.
2025-12-09 00:00:00,A,UHT Milk 500ml,Bottle,500,2025-12-09 06:00:00,2025-12-09 14:00:00,460,5,0,15,0,8800,8329,63855,63356,499,0.007815,501.13,0.357,0.968421053,0.946477273,0.992185,0.909425,,,,Routine operation; no major intervention required.,Line released after QC confirmation.
2025-12-09 00:00:00,B,Cream 250ml,Cup,250,2025-12-09 14:00:00,2025-12-09 22:00:00,445,10,0,25,0,7600,7150,53029,52179,850,0.016029,248.95,0.394,0.946808511,0.940789474,0.983971,0.87647,,,,Routine operation; no major intervention required.,Minor stoppage reviewed during shift handover.
2025-12-09 00:00:00,C,UHT Milk 1L,Bottle,1000,2025-12-09 22:00:00,2025-12-10 06:00:00,427,15,8,30,0,7200,6892,49048,48758,290,0.005913,1002.02,0.864,0.91827957,0.957222222,0.994087,0.8738,,,,Routine operation; no major intervention required.,Mock training record only.
2025-12-10 00:00:00,A,Flavoured Milk 200ml,Bottle,200,2025-12-10 06:00:00,2025-12-10 14:00:00,467,5,8,0,0,10500,11059,86075,85414,661,0.007679,199.73,0.278,0.983157895,1.053238095,0.992321,1.027548,F001,Nozzle drip detected,Nozzle seal wear,Inspect and replace nozzle seal; verify drip tray sensor.,Minor stoppage reviewed during shift handover.
2025-12-10 00:00:00,B,Drinking Yoghurt 180ml,Bottle,180,2025-12-10 14:00:00,2025-12-10 22:00:00,430,10,15,25,0,9800,9563,68534,67531,1003,0.014635,179.86,0.181,0.914893617,0.975816327,0.985365,0.879702,F003,Cap feeder low level,Cap feed starvation,Top up cap hopper and check cap elevator feed rate.,Line released after QC confirmation.
2025-12-10 00:00:00,C,UHT Milk 500ml,Bottle,500,2025-12-10 22:00:00,2025-12-11 06:00:00,407,10,33,30,0,8800,8957,60758,59762,996,0.016393,498.64,0.673,0.865957447,1.017840909,0.983607,0.866958,F004,Conveyor back pressure,Downstream accumulation,Clear downstream blockage and reset conveyor speed balance.,Operator verified recipe before production.
2025-12-11 00:00:00,A,Cream 250ml,Cup,250,2025-12-11 06:00:00,2025-12-11 14:00:00,432,15,3,30,0,7600,7458,53697,52784,913,0.017003,249.1,0.443,0.929032258,0.981315789,0.982997,0.896173,F005,Fill volume out of tolerance,Product temperature variation,Check filler calibration and product temperature set point.,Minor stoppage reviewed during shift handover.
2025-12-11 00:00:00,B,UHT Milk 1L,Bottle,1000,2025-12-11 14:00:00,2025-12-11 22:00:00,414,0,46,20,0,7200,6905,47644,46419,1225,0.025712,999.44,1.424,0.8625,0.959027778,0.974288,0.805893,F001,Nozzle drip detected,Nozzle seal wear,Inspect and replace nozzle seal; verify drip tray sensor.,Stable run after start-up checks.
2025-12-11 00:00:00,C,Flavoured Milk 200ml,Bottle,200,2025-12-11 22:00:00,2025-12-12 06:00:00,445,10,10,15,0,10500,10030,74389,73397,992,0.013335,199.78,0.396,0.946808511,0.955238095,0.986665,0.892367,F002,Bottle sensor missed count,Photo eye blocked,Clean photo eye and confirm bottle spacing at infeed.,Line released after QC confirmation.
2025-12-12 00:00:00,A,Drinking Yoghurt 180ml,Bottle,180,2025-12-12 06:00:00,2025-12-12 14:00:00,465,10,5,0,0,9800,9683,75043,74803,240,0.003198,180.03,0.249,0.989361702,0.988061224,0.996802,0.974424,,,,Routine operation; no major intervention required.,Operator verified recipe before production.
2025-12-12 00:00:00,B,UHT Milk 500ml,Bottle,500,2025-12-12 14:00:00,2025-12-12 22:00:00,457,0,8,15,0,8800,8149,62068,61516,552,0.008893,500.09,0.953,0.952083333,0.926022727,0.991107,0.87381,,,,Routine operation; no major intervention required.,Mock training record only.
2025-12-12 00:00:00,C,Cream 250ml,Cup,250,2025-12-12 22:00:00,2025-12-13 06:00:00,447,5,8,20,0,7600,8009,59667,58960,707,0.011849,249.96,0.358,0.941052632,1.053815789,0.988151,0.979946,,,,Routine operation; no major intervention required.,Operator verified recipe before production.
2025-12-13 00:00:00,A,UHT Milk 1L,Bottle,1000,2025-12-13 06:00:00,2025-12-13 14:00:00,480,0,0,0,0,7200,6567,52536,52467,69,0.001313,999.2,1.476,1,0.912083333,0.998687,0.910886,,,,Routine operation; no major intervention required.,Mock training record only.
2025-12-13 00:00:00,B,Flavoured Milk 200ml,Bottle,200,2025-12-13 14:00:00,2025-12-13 22:00:00,440,5,10,25,0,10500,9115,66843,65808,1035,0.015484,200.25,0.369,0.926315789,0.868095238,0.984516,0.791679,,,,Routine operation; no major intervention required.,Line released after QC confirmation.
2025-12-13 00:00:00,C,Drinking Yoghurt 180ml,Bottle,180,2025-12-13 22:00:00,2025-12-14 06:00:00,298,25,37,30,90,9800,9232,45852,44831,1021,0.022267,180.13,0.172,0.654945055,0.942040816,0.977733,0.603247,F004,Conveyor back pressure,Downstream accumulation,Clear downstream blockage and reset conveyor speed balance.,Mock training record only.
2025-12-14 00:00:00,A,UHT Milk 500ml,Bottle,500,2025-12-14 06:00:00,2025-12-14 14:00:00,429,0,26,25,0,8800,8729,62412,61133,1279,0.020493,500.55,0.938,0.89375,0.991931818,0.979507,0.868371,F007,Label mismatch stop,Incorrect label roll loaded,"Confirm label roll, line clearance, and barcode recipe match.",Mock training record only.
2025-12-14 00:00:00,B,Cream 250ml,Cup,250,2025-12-14 14:00:00,2025-12-14 22:00:00,440,15,10,15,0,7600,7126,52257,51805,452,0.00865,250.07,0.286,0.946236559,0.937631579,0.99135,0.879547,,,,Routine operation; no major intervention required.,Minor stoppage reviewed during shift handover.
2025-12-14 00:00:00,C,UHT Milk 1L,Bottle,1000,2025-12-14 22:00:00,2025-12-15 06:00:00,422,15,28,15,0,7200,6903,48551,47673,878,0.018084,999.57,1.624,0.907526882,0.95875,0.981916,0.854357,F007,Label mismatch stop,Incorrect label roll loaded,"Confirm label roll, line clearance, and barcode recipe match.",Mock training record only.
2025-12-15 00:00:00,A,Flavoured Milk 200ml,Bottle,200,2025-12-15 06:00:00,2025-12-15 14:00:00,480,0,0,0,0,10500,9707,77656,77247,409,0.005267,200.25,0.399,1,0.92447619,0.994733,0.919607,,,,Routine operation; no major intervention required.,Operator verified recipe before production.
2025-12-15 00:00:00,B,Drinking Yoghurt 180ml,Bottle,180,2025-12-15 14:00:00,2025-12-15 22:00:00,472,0,8,0,0,9800,8947,70383,69803,580,0.008241,180.09,0.301,0.983333333,0.912959184,0.991759,0.890345,,,,Routine operation; no major intervention required.,Minor stoppage reviewed during shift handover.
2025-12-15 00:00:00,C,UHT Milk 500ml,Bottle,500,2025-12-15 22:00:00,2025-12-16 06:00:00,418,15,27,20,0,8800,8827,61494,60235,1259,0.020474,501.39,0.61,0.898924731,1.003068182,0.979526,0.883222,F007,Label mismatch stop,Incorrect label roll loaded,"Confirm label roll, line clearance, and barcode recipe match.",Minor stoppage reviewed during shift handover.
2025-12-16 00:00:00,A,Cream 250ml,Cup,250,2025-12-16 06:00:00,2025-12-16 14:00:00,470,5,5,0,0,7600,7139,55922,55263,659,0.011784,250.44,0.384,0.989473684,0.939342105,0.988216,0.918502,,,,Routine operation; no major intervention required.,Mock training record only.
2025-12-16 00:00:00,B,UHT Milk 1L,Bottle,1000,2025-12-16 14:00:00,2025-12-16 22:00:00,430,15,15,20,0,7200,7149,51234,50550,684,0.013351,1004.2,2.122,0.924731183,0.992916667,0.986649,0.905922,F005,Fill volume out of tolerance,Product temperature variation,Check filler calibration and product temperature set point.,Minor stoppage reviewed during shift handover.
2025-12-16 00:00:00,C,Flavoured Milk 200ml,Bottle,200,2025-12-16 22:00:00,2025-12-17 06:00:00,460,15,5,0,0,10500,10332,79212,78883,329,0.004153,200.71,0.418,0.989247312,0.984,0.995847,0.969377,,,,Routine operation; no major intervention required.,Stable run after start-up checks.
2025-12-17 00:00:00,A,Drinking Yoghurt 180ml,Bottle,180,2025-12-17 06:00:00,2025-12-17 14:00:00,447,15,18,0,0,9800,9977,74328,73605,723,0.009727,179.8,0.029,0.961290323,1.018061224,0.990273,0.969133,F002,Bottle sensor missed count,Photo eye blocked,Clean photo eye and confirm bottle spacing at infeed.,Stable run after start-up checks.
2025-12-17 00:00:00,B,UHT Milk 500ml,Bottle,500,2025-12-17 14:00:00,2025-12-17 22:00:00,428,10,17,25,0,8800,9206,65669,64732,937,0.014269,500.05,0.883,0.910638298,1.046136364,0.985731,0.939058,F003,Cap feeder low level,Cap feed starvation,Top up cap hopper and check cap elevator feed rate.,Minor stoppage reviewed during shift handover.
2025-12-17 00:00:00,C,Cream 250ml,Cup,250,2025-12-17 22:00:00,2025-12-18 06:00:00,455,0,25,0,0,7600,7529,57094,56074,1020,0.017865,250.78,0.376,0.947916667,0.990657895,0.982135,0.922285,F003,Cap feeder low level,Cap feed starvation,Top up cap hopper and check cap elevator feed rate.,Minor stoppage reviewed during shift handover.
2025-12-18 00:00:00,A,UHT Milk 1L,Bottle,1000,2025-12-18 06:00:00,2025-12-18 14:00:00,462,5,13,0,0,7200,7028,54115,53443,672,0.012418,997.83,1.204,0.972631579,0.976111111,0.987582,0.937607,F008,Air pressure low,Compressed air fluctuation,Check air header pressure and compressor dryer status.,Operator verified recipe before production.
2025-12-18 00:00:00,B,Flavoured Milk 200ml,Bottle,200,2025-12-18 14:00:00,2025-12-18 22:00:00,465,15,0,0,0,10500,10749,83304,82907,397,0.004766,200.08,0.351,1,1.023714286,0.995234,1.018835,,,,Routine operation; no major intervention required.,Line released after QC confirmation.
2025-12-18 00:00:00,C,Drinking Yoghurt 180ml,Bottle,180,2025-12-18 22:00:00,2025-12-19 06:00:00,450,0,5,25,0,9800,9977,74827,74435,392,0.005239,180.16,0.25,0.9375,1.018061224,0.994761,0.949432,,,,Routine operation; no major intervention required.,Operator verified recipe before production.
2025-12-19 00:00:00,A,UHT Milk 500ml,Bottle,500,2025-12-19 06:00:00,2025-12-19 14:00:00,457,15,8,0,0,8800,8247,62814,62322,492,0.007833,500.65,0.959,0.982795699,0.937159091,0.992167,0.913821,,,,Routine operation; no major intervention required.,Mock training record only.
2025-12-19 00:00:00,B,Cream 250ml,Cup,250,2025-12-19 14:00:00,2025-12-19 22:00:00,440,10,0,30,0,7600,7245,53130,52557,573,0.010785,250.27,0.188,0.936170213,0.953289474,0.989215,0.882816,,,,Routine operation; no major intervention required.,Minor stoppage reviewed during shift handover.
2025-12-19 00:00:00,C,UHT Milk 1L,Bottle,1000,2025-12-19 22:00:00,2025-12-20 06:00:00,440,15,10,15,0,7200,7276,53357,52892,465,0.008715,1004.5,1.861,0.946236559,1.010555556,0.991285,0.947891,,,,Routine operation; no major intervention required.,Minor stoppage reviewed during shift handover.
2025-12-20 00:00:00,A,Flavoured Milk 200ml,Bottle,200,2025-12-20 06:00:00,2025-12-20 14:00:00,404,15,31,30,0,10500,9960,67064,65261,1803,0.026885,201.28,0.311,0.868817204,0.948571429,0.973115,0.801978,F005,Fill volume out of tolerance,Product temperature variation,Check filler calibration and product temperature set point.,Line released after QC confirmation.
2025-12-20 00:00:00,B,Drinking Yoghurt 180ml,Bottle,180,2025-12-20 14:00:00,2025-12-20 22:00:00,455,0,0,25,0,9800,8761,66437,65610,827,0.012448,179.62,0.192,0.947916667,0.893979592,0.987552,0.836869,,,,Routine operation; no major intervention required.,Minor stoppage reviewed during shift handover.
2025-12-20 00:00:00,C,UHT Milk 500ml,Bottle,500,2025-12-20 22:00:00,2025-12-21 06:00:00,347,20,8,15,90,8800,8568,49551,49279,272,0.005489,500.07,0.906,0.754347826,0.973636364,0.994511,0.730429,,,,Routine operation; no major intervention required.,Stable run after start-up checks.
2025-12-21 00:00:00,A,Cream 250ml,Cup,250,2025-12-21 06:00:00,2025-12-21 14:00:00,466,10,4,0,0,7600,6880,53434,52566,868,0.016244,249.76,0.181,0.991489362,0.905263158,0.983756,0.882979,F007,Label mismatch stop,Incorrect label roll loaded,"Confirm label roll, line clearance, and barcode recipe match.",Operator verified recipe before production.
2025-12-21 00:00:00,B,UHT Milk 1L,Bottle,1000,2025-12-21 14:00:00,2025-12-21 22:00:00,445,0,10,25,0,7200,7058,52346,52047,299,0.005712,1000,1.284,0.927083333,0.980277778,0.994288,0.903608,,,,Routine operation; no major intervention required.,Line released after QC confirmation.
2025-12-21 00:00:00,C,Flavoured Milk 200ml,Bottle,200,2025-12-21 22:00:00,2025-12-22 06:00:00,419,5,26,30,0,10500,8877,61991,60465,1526,0.024616,199.5,0.353,0.882105263,0.845428571,0.975384,0.727399,F001,Nozzle drip detected,Nozzle seal wear,Inspect and replace nozzle seal; verify drip tray sensor.,Line released after QC confirmation.
2025-12-22 00:00:00,A,Drinking Yoghurt 180ml,Bottle,180,2025-12-22 06:00:00,2025-12-22 14:00:00,450,5,0,25,0,9800,9146,68595,67827,768,0.011196,180.59,0.401,0.947368421,0.933265306,0.988804,0.874247,,,,Routine operation; no major intervention required.,Minor stoppage reviewed during shift handover.
2025-12-22 00:00:00,B,UHT Milk 500ml,Bottle,500,2025-12-22 14:00:00,2025-12-22 22:00:00,450,10,0,20,0,8800,8800,66000,65760,240,0.003636,499.51,1.151,0.957446809,1,0.996364,0.953966,,,,Routine operation; no major intervention required.,Mock training record only.
2025-12-22 00:00:00,C,Cream 250ml,Cup,250,2025-12-22 22:00:00,2025-12-23 06:00:00,441,0,24,15,0,7600,6981,51310,50087,1223,0.023836,250.37,0.324,0.91875,0.918552632,0.976164,0.823805,F007,Label mismatch stop,Incorrect label roll loaded,"Confirm label roll, line clearance, and barcode recipe match.",Minor stoppage reviewed during shift handover.
2025-12-23 00:00:00,A,UHT Milk 1L,Bottle,1000,2025-12-23 06:00:00,2025-12-23 14:00:00,445,15,5,15,0,7200,6642,49261,48828,433,0.00879,999.55,1.462,0.956989247,0.9225,0.99121,0.875063,,,,Routine operation; no major intervention required.,Mock training record only.
2025-12-23 00:00:00,B,Flavoured Milk 200ml,Bottle,200,2025-12-23 14:00:00,2025-12-23 22:00:00,452,10,18,0,0,10500,10626,80049,78860,1189,0.014853,199.91,0.388,0.961702128,1.012,0.985147,0.958787,F006,CIP interlock delay,Valve confirmation delay,Verify valve feedback and repeat CIP step confirmation.,Minor stoppage reviewed during shift handover.
2025-12-23 00:00:00,C,Drinking Yoghurt 180ml,Bottle,180,2025-12-23 22:00:00,2025-12-24 06:00:00,470,10,0,0,0,9800,9809,76837,76414,423,0.005505,180.21,0.375,1,1.000918367,0.994495,0.995408,,,,Routine operation; no major intervention required.,Mock training record only.
2025-12-24 00:00:00,A,UHT Milk 500ml,Bottle,500,2025-12-24 06:00:00,2025-12-24 14:00:00,442,5,13,20,0,8800,8798,64811,64059,752,0.011603,500.19,0.396,0.930526316,0.999772727,0.988397,0.91952,F001,Nozzle drip detected,Nozzle seal wear,Inspect and replace nozzle seal; verify drip tray sensor.,Operator verified recipe before production.
2025-12-24 00:00:00,B,Cream 250ml,Cup,250,2025-12-24 14:00:00,2025-12-24 22:00:00,475,5,0,0,0,7600,7915,62660,62397,263,0.004197,249.22,0.371,1,1.041447368,0.995803,1.037076,,,,Routine operation; no major intervention required.,Minor stoppage reviewed during shift handover.
2025-12-24 00:00:00,C,UHT Milk 1L,Bottle,1000,2025-12-24 22:00:00,2025-12-25 06:00:00,480,0,0,0,0,7200,6837,54696,54384,312,0.005704,997.79,1.674,1,0.949583333,0.994296,0.944167,,,,Routine operation; no major intervention required.,Line released after QC confirmation.
2025-12-25 00:00:00,A,Flavoured Milk 200ml,Bottle,200,2025-12-25 06:00:00,2025-12-25 14:00:00,455,10,15,0,0,10500,10073,76386,75299,1087,0.01423,200.62,0.408,0.968085106,0.959333333,0.98577,0.915501,F005,Fill volume out of tolerance,Product temperature variation,Check filler calibration and product temperature set point.,Stable run after start-up checks.
2025-12-25 00:00:00,B,Drinking Yoghurt 180ml,Bottle,180,2025-12-25 14:00:00,2025-12-25 22:00:00,438,15,27,0,0,9800,10149,74087,72758,1329,0.017938,179.74,0.343,0.941935484,1.035612245,0.982062,0.957982,F006,CIP interlock delay,Valve confirmation delay,Verify valve feedback and repeat CIP step confirmation.,Operator verified recipe before production.
2025-12-25 00:00:00,C,UHT Milk 500ml,Bottle,500,2025-12-25 22:00:00,2025-12-26 06:00:00,442,5,8,25,0,8800,8810,64900,64453,447,0.006888,499.53,1.02,0.930526316,1.001136364,0.993112,0.925167,,,,Routine operation; no major intervention required.,Minor stoppage reviewed during shift handover.
2025-12-26 00:00:00,A,Cream 250ml,Cup,250,2025-12-26 06:00:00,2025-12-26 14:00:00,450,5,0,25,0,7600,7815,58612,58299,313,0.00534,249.98,0.442,0.947368421,1.028289474,0.99466,0.968967,,,,Routine operation; no major intervention required.,Mock training record only.
2025-12-26 00:00:00,B,UHT Milk 1L,Bottle,1000,2025-12-26 14:00:00,2025-12-26 22:00:00,433,5,12,30,0,7200,6660,48063,47216,847,0.017623,1000.02,1.525,0.911578947,0.925,0.982377,0.828351,F001,Nozzle drip detected,Nozzle seal wear,Inspect and replace nozzle seal; verify drip tray sensor.,Minor stoppage reviewed during shift handover.
2025-12-26 00:00:00,C,Flavoured Milk 200ml,Bottle,200,2025-12-26 22:00:00,2025-12-27 06:00:00,457,0,3,20,0,10500,9918,75542,74698,844,0.011173,199.98,0.237,0.952083333,0.944571429,0.988827,0.889263,F002,Bottle sensor missed count,Photo eye blocked,Clean photo eye and confirm bottle spacing at infeed.,Operator verified recipe before production.
2025-12-27 00:00:00,A,Drinking Yoghurt 180ml,Bottle,180,2025-12-27 06:00:00,2025-12-27 14:00:00,460,5,0,15,0,9800,9312,71392,70841,551,0.007718,179.64,0.198,0.968421053,0.950204082,0.992282,0.913096,,,,Routine operation; no major intervention required.,Mock training record only.
2025-12-27 00:00:00,B,UHT Milk 500ml,Bottle,500,2025-12-27 14:00:00,2025-12-27 22:00:00,445,10,0,25,0,8800,7851,58228,57595,633,0.010871,499.61,0.752,0.946808511,0.892159091,0.989129,0.835521,,,,Routine operation; no major intervention required.,Minor stoppage reviewed during shift handover.
2025-12-27 00:00:00,C,Cream 250ml,Cup,250,2025-12-27 22:00:00,2025-12-28 06:00:00,385,35,0,0,60,7600,6785,43537,43234,303,0.00696,249.38,0.427,0.865168539,0.892763158,0.99304,0.767015,,,,Routine operation; no major intervention required.,Stable run after start-up checks.
2025-12-28 00:00:00,A,UHT Milk 1L,Bottle,1000,2025-12-28 06:00:00,2025-12-28 14:00:00,475,0,5,0,0,7200,7054,55844,55548,296,0.0053,997.62,1.706,0.989583333,0.979722222,0.9947,0.964378,,,,Routine operation; no major intervention required.,Minor stoppage reviewed during shift handover.
2025-12-28 00:00:00,B,Flavoured Milk 200ml,Bottle,200,2025-12-28 14:00:00,2025-12-28 22:00:00,450,0,5,25,0,10500,9275,69562,68634,928,0.013341,199.82,0.286,0.9375,0.883333333,0.986659,0.817077,,,,Routine operation; no major intervention required.,Line released after QC confirmation.
2025-12-28 00:00:00,C,Drinking Yoghurt 180ml,Bottle,180,2025-12-28 22:00:00,2025-12-29 06:00:00,445,5,5,25,0,9800,9411,69798,69154,644,0.009227,180.13,0.129,0.936842105,0.960306122,0.990773,0.891354,,,,Routine operation; no major intervention required.,Operator verified recipe before production.
2025-12-29 00:00:00,A,UHT Milk 500ml,Bottle,500,2025-12-29 06:00:00,2025-12-29 14:00:00,430,10,10,30,0,8800,8859,63489,63086,403,0.006348,500.24,0.956,0.914893617,1.006704545,0.993652,0.915181,,,,Routine operation; no major intervention required.,Mock training record only.
2025-12-29 00:00:00,B,Cream 250ml,Cup,250,2025-12-29 14:00:00,2025-12-29 22:00:00,455,5,0,20,0,7600,7190,54524,53976,548,0.010051,249.82,0.47,0.957894737,0.946052632,0.989949,0.89711,,,,Routine operation; no major intervention required.,Operator verified recipe before production.
2025-12-29 00:00:00,C,UHT Milk 1L,Bottle,1000,2025-12-29 22:00:00,2025-12-30 06:00:00,450,15,15,0,0,7200,7323,54922,54382,540,0.009832,1000.62,1.692,0.967741935,1.017083333,0.990168,0.974597,F003,Cap feeder low level,Cap feed starvation,Top up cap hopper and check cap elevator feed rate.,Minor stoppage reviewed during shift handover.
2025-12-30 00:00:00,A,Flavoured Milk 200ml,Bottle,200,2025-12-30 06:00:00,2025-12-30 14:00:00,460,15,5,0,0,10500,10253,78606,78147,459,0.005839,199.72,0.359,0.989247312,0.97647619,0.994161,0.960336,,,,Routine operation; no major intervention required.,Line released after QC confirmation.
2025-12-30 00:00:00,B,Drinking Yoghurt 180ml,Bottle,180,2025-12-30 14:00:00,2025-12-30 22:00:00,424,5,21,30,0,9800,9709,68610,67428,1182,0.017228,179.58,0.291,0.892631579,0.990714286,0.982772,0.869107,F001,Nozzle drip detected,Nozzle seal wear,Inspect and replace nozzle seal; verify drip tray sensor.,Stable run after start-up checks.
2025-12-30 00:00:00,C,UHT Milk 500ml,Bottle,500,2025-12-30 22:00:00,2025-12-31 06:00:00,447,5,8,20,0,8800,9141,68100,67676,424,0.006226,499.99,0.48,0.941052632,1.03875,0.993774,0.971432,,,,Routine operation; no major intervention required.,Mock training record only.
2025-12-31 00:00:00,A,Cream 250ml,Cup,250,2025-12-31 06:00:00,2025-12-31 14:00:00,398,15,47,20,0,7600,7119,47222,46020,1202,0.025454,249,0.576,0.855913978,0.936710526,0.974546,0.781336,F002,Bottle sensor missed count,Photo eye blocked,Clean photo eye and confirm bottle spacing at infeed.,Minor stoppage reviewed during shift handover.
2025-12-31 00:00:00,B,UHT Milk 1L,Bottle,1000,2025-12-31 14:00:00,2025-12-31 22:00:00,432,10,8,30,0,7200,6448,46425,45848,577,0.012429,1002.12,1.696,0.919148936,0.895555556,0.987571,0.812918,,,,Routine operation; no major intervention required.,Line released after QC confirmation.
2025-12-31 00:00:00,C,Flavoured Milk 200ml,Bottle,200,2025-12-31 22:00:00,2026-01-01 06:00:00,467,5,8,0,0,10500,9411,73248,72459,789,0.010772,200.18,0.253,0.983157895,0.896285714,0.989228,0.871698,,,,Routine operation; no major intervention required.,Mock training record only.
2026-01-01 00:00:00,A,Drinking Yoghurt 180ml,Bottle,180,2026-01-01 06:00:00,2026-01-01 14:00:00,414,45,21,0,0,9800,9868,68089,67038,1051,0.015436,180.29,0.324,0.951724138,1.006938776,0.984564,0.943535,F001,Nozzle drip detected,Nozzle seal wear,Inspect and replace nozzle seal; verify drip tray sensor.,Mock training record only.
2026-01-01 00:00:00,B,UHT Milk 500ml,Bottle,500,2026-01-01 14:00:00,2026-01-01 22:00:00,432,15,8,25,0,8800,8639,62200,61791,409,0.006576,500.39,0.805,0.929032258,0.981704545,0.993424,0.906038,,,,Routine operation; no major intervention required.,Stable run after start-up checks.
2026-01-01 00:00:00,C,Cream 250ml,Cup,250,2026-01-01 22:00:00,2026-01-02 06:00:00,480,0,0,0,0,7600,7545,60360,59850,510,0.008449,250.46,0.534,1,0.992763158,0.991551,0.984375,,,,Routine operation; no major intervention required.,Line released after QC confirmation.
2026-01-02 00:00:00,A,UHT Milk 1L,Bottle,1000,2026-01-02 06:00:00,2026-01-02 14:00:00,475,5,0,0,0,7200,6696,53010,52826,184,0.003471,1001.53,2.115,1,0.93,0.996529,0.926772,,,,Routine operation; no major intervention required.,Minor stoppage reviewed during shift handover.
2026-01-02 00:00:00,B,Flavoured Milk 200ml,Bottle,200,2026-01-02 14:00:00,2026-01-02 22:00:00,430,15,5,30,0,10500,9621,68950,68058,892,0.012937,199.92,0.336,0.924731183,0.916285714,0.987063,0.836356,,,,Routine operation; no major intervention required.,Operator verified recipe before production.
2026-01-02 00:00:00,C,Drinking Yoghurt 180ml,Bottle,180,2026-01-02 22:00:00,2026-01-03 06:00:00,450,10,5,15,0,9800,9869,74017,73459,558,0.007539,179.86,0.184,0.957446809,1.007040816,0.992461,0.956919,,,,Routine operation; no major intervention required.,Line released after QC confirmation.
2026-01-03 00:00:00,A,UHT Milk 500ml,Bottle,500,2026-01-03 06:00:00,2026-01-03 14:00:00,428,10,22,20,0,8800,7840,55925,54686,1239,0.022155,500.15,0.771,0.910638298,0.890909091,0.977845,0.793322,F001,Nozzle drip detected,Nozzle seal wear,Inspect and replace nozzle seal; verify drip tray sensor.,Operator verified recipe before production.
2026-01-03 00:00:00,B,Cream 250ml,Cup,250,2026-01-03 14:00:00,2026-01-03 22:00:00,475,0,5,0,0,7600,7146,56572,55974,598,0.010571,250.51,0.315,0.989583333,0.940263158,0.989429,0.920633,,,,Routine operation; no major intervention required.,Minor stoppage reviewed during shift handover.
2026-01-03 00:00:00,C,UHT Milk 1L,Bottle,1000,2026-01-03 22:00:00,2026-01-04 06:00:00,360,30,0,30,60,7200,6081,36486,36033,453,0.012416,1002.52,1.788,0.8,0.844583333,0.987584,0.667278,,,,Routine operation; no major intervention required.,Minor stoppage reviewed during shift handover.
2026-01-04 00:00:00,A,Flavoured Milk 200ml,Bottle,200,2026-01-04 06:00:00,2026-01-04 14:00:00,460,5,0,15,0,10500,9475,72641,71900,741,0.010201,199.59,0.237,0.968421053,0.902380952,0.989799,0.86497,,,,Routine operation; no major intervention required.,Stable run after start-up checks.
2026-01-04 00:00:00,B,Drinking Yoghurt 180ml,Bottle,180,2026-01-04 14:00:00,2026-01-04 22:00:00,450,10,0,20,0,9800,8518,63885,62903,982,0.015371,179.91,0.283,0.957446809,0.869183673,0.984629,0.819405,,,,Routine operation; no major intervention required.,Stable run after start-up checks.
2026-01-04 00:00:00,C,UHT Milk 500ml,Bottle,500,2026-01-04 22:00:00,2026-01-05 06:00:00,440,10,0,30,0,8800,8510,62406,61859,547,0.008765,500.94,0.215,0.936170213,0.967045455,0.991235,0.897384,,,,Routine operation; no major intervention required.,Mock training record only.
2026-01-05 00:00:00,A,Cream 250ml,Cup,250,2026-01-05 06:00:00,2026-01-05 14:00:00,419,10,36,15,0,7600,7011,48960,47684,1276,0.026062,247.64,0.462,0.891489362,0.9225,0.973938,0.800966,F005,Fill volume out of tolerance,Product temperature variation,Check filler calibration and product temperature set point.,Line released after QC confirmation.
2026-01-05 00:00:00,B,UHT Milk 1L,Bottle,1000,2026-01-05 14:00:00,2026-01-05 22:00:00,409,10,31,30,0,7200,7187,48991,48249,742,0.015146,997.77,1.59,0.870212766,0.998194444,0.984854,0.855485,F008,Air pressure low,Compressed air fluctuation,Check air header pressure and compressor dryer status.,Mock training record only.
2026-01-05 00:00:00,C,Flavoured Milk 200ml,Bottle,200,2026-01-05 22:00:00,2026-01-06 06:00:00,455,10,0,15,0,10500,9999,75825,75080,745,0.009825,199.91,0.332,0.968085106,0.952285714,0.990175,0.912836,,,,Routine operation; no major intervention required.,Line released after QC confirmation.
2026-01-06 00:00:00,A,Drinking Yoghurt 180ml,Bottle,180,2026-01-06 06:00:00,2026-01-06 14:00:00,445,0,5,30,0,9800,9426,69909,69009,900,0.012874,179.75,0.186,0.927083333,0.961836735,0.987126,0.880223,,,,Routine operation; no major intervention required.,Minor stoppage reviewed during shift handover.
2026-01-06 00:00:00,B,UHT Milk 500ml,Bottle,500,2026-01-06 14:00:00,2026-01-06 22:00:00,434,15,6,25,0,8800,7989,57787,56652,1135,0.019641,501.05,1.179,0.933333333,0.907840909,0.980359,0.830676,F005,Fill volume out of tolerance,Product temperature variation,Check filler calibration and product temperature set point.,Mock training record only.
2026-01-06 00:00:00,C,Cream 250ml,Cup,250,2026-01-06 22:00:00,2026-01-07 06:00:00,480,0,0,0,0,7600,7772,62176,61731,445,0.007157,250.24,0.445,1,1.022631579,0.992843,1.015313,,,,Routine operation; no major intervention required.,Mock training record only.
2026-01-07 00:00:00,A,UHT Milk 1L,Bottle,1000,2026-01-07 06:00:00,2026-01-07 14:00:00,455,5,20,0,0,7200,7258,55039,54489,550,0.009993,1002.43,2.248,0.957894737,1.008055556,0.990007,0.955962,F006,CIP interlock delay,Valve confirmation delay,Verify valve feedback and repeat CIP step confirmation.,Line released after QC confirmation.
2026-01-07 00:00:00,B,Flavoured Milk 200ml,Bottle,200,2026-01-07 14:00:00,2026-01-07 22:00:00,443,5,32,0,0,10500,9429,69617,67840,1777,0.025525,199.79,0.512,0.932631579,0.898,0.974475,0.816126,F008,Air pressure low,Compressed air fluctuation,Check air header pressure and compressor dryer status.,Line released after QC confirmation.
2026-01-07 00:00:00,C,Drinking Yoghurt 180ml,Bottle,180,2026-01-07 22:00:00,2026-01-08 06:00:00,428,15,12,25,0,9800,9300,66340,65179,1161,0.017501,179.75,0.27,0.920430108,0.948979592,0.982499,0.858183,F006,CIP interlock delay,Valve confirmation delay,Verify valve feedback and repeat CIP step confirmation.,Mock training record only.
2026-01-08 00:00:00,A,UHT Milk 500ml,Bottle,500,2026-01-08 06:00:00,2026-01-08 14:00:00,436,0,29,15,0,8800,7864,57145,56222,923,0.016152,499.64,0.168,0.908333333,0.893636364,0.983848,0.798609,F002,Bottle sensor missed count,Photo eye blocked,Clean photo eye and confirm bottle spacing at infeed.,Mock training record only.
2026-01-08 00:00:00,B,Cream 250ml,Cup,250,2026-01-08 14:00:00,2026-01-08 22:00:00,450,15,0,15,0,7600,7265,54487,53910,577,0.01059,249.43,0.269,0.967741935,0.955921053,0.98941,0.915288,,,,Routine operation; no major intervention required.,Minor stoppage reviewed during shift handover.
2026-01-08 00:00:00,C,UHT Milk 1L,Bottle,1000,2026-01-08 22:00:00,2026-01-09 06:00:00,450,0,10,20,0,7200,6796,50970,50733,237,0.00465,995.19,0.45,0.9375,0.943888889,0.99535,0.880781,,,,Routine operation; no major intervention required.,Minor stoppage reviewed during shift handover.
2026-01-09 00:00:00,A,Flavoured Milk 200ml,Bottle,200,2026-01-09 06:00:00,2026-01-09 14:00:00,460,10,10,0,0,10500,10550,80883,80170,713,0.008815,199.7,0.275,0.978723404,1.004761905,0.991185,0.974715,F006,CIP interlock delay,Valve confirmation delay,Verify valve feedback and repeat CIP step confirmation.,Stable run after start-up checks.
2026-01-09 00:00:00,B,Drinking Yoghurt 180ml,Bottle,180,2026-01-09 14:00:00,2026-01-09 22:00:00,465,5,10,0,0,9800,9715,75291,74909,382,0.005074,180.24,0.226,0.978947368,0.991326531,0.994926,0.965532,,,,Routine operation; no major intervention required.,Minor stoppage reviewed during shift handover.
2026-01-09 00:00:00,C,UHT Milk 500ml,Bottle,500,2026-01-09 22:00:00,2026-01-10 06:00:00,455,10,0,15,0,8800,8837,67013,66485,528,0.007879,501.06,0.151,0.968085106,1.004204545,0.992121,0.964496,,,,Routine operation; no major intervention required.,Operator verified recipe before production.
2026-01-10 00:00:00,A,Cream 250ml,Cup,250,2026-01-10 06:00:00,2026-01-10 14:00:00,450,0,5,25,0,7600,7111,53332,52750,582,0.010913,250.05,0.27,0.9375,0.935657895,0.989087,0.867607,,,,Routine operation; no major intervention required.,Minor stoppage reviewed during shift handover.
2026-01-10 00:00:00,B,UHT Milk 1L,Bottle,1000,2026-01-10 14:00:00,2026-01-10 22:00:00,450,0,0,30,0,7200,6212,46590,45952,638,0.013694,1000.48,1.754,0.9375,0.862777778,0.986306,0.797778,,,,Routine operation; no major intervention required.,Operator verified recipe before production.
2026-01-10 00:00:00,C,Flavoured Milk 200ml,Bottle,200,2026-01-10 22:00:00,2026-01-11 06:00:00,352,35,8,25,60,10500,10064,59042,58241,801,0.013567,200.22,0.282,0.791011236,0.95847619,0.986433,0.747879,,,,Routine operation; no major intervention required.,Operator verified recipe before production.
2026-01-11 00:00:00,A,Drinking Yoghurt 180ml,Bottle,180,2026-01-11 06:00:00,2026-01-11 14:00:00,440,15,0,25,0,9800,9242,67774,66801,973,0.014357,179.58,0.277,0.946236559,0.943061224,0.985643,0.879547,,,,Routine operation; no major intervention required.,Minor stoppage reviewed during shift handover.
2026-01-11 00:00:00,B,UHT Milk 500ml,Bottle,500,2026-01-11 14:00:00,2026-01-11 22:00:00,435,15,15,15,0,8800,7423,53816,52663,1153,0.021425,497.72,0.827,0.935483871,0.843522727,0.978575,0.772195,F003,Cap feeder low level,Cap feed starvation,Top up cap hopper and check cap elevator feed rate.,Stable run after start-up checks.
2026-01-11 00:00:00,C,Cream 250ml,Cup,250,2026-01-11 22:00:00,2026-01-12 06:00:00,475,5,0,0,0,7600,7157,56659,56175,484,0.008542,250.44,0.227,1,0.941710526,0.991458,0.933666,,,,Routine operation; no major intervention required.,Line released after QC confirmation.
2026-01-12 00:00:00,A,UHT Milk 1L,Bottle,1000,2026-01-12 06:00:00,2026-01-12 14:00:00,460,0,0,20,0,7200,6732,51612,51324,288,0.00558,1001.39,1.669,0.958333333,0.935,0.99442,0.891042,,,,Routine operation; no major intervention required.,Minor stoppage reviewed during shift handover.
2026-01-12 00:00:00,B,Flavoured Milk 200ml,Bottle,200,2026-01-12 14:00:00,2026-01-12 22:00:00,412,5,33,30,0,10500,9873,67794,66309,1485,0.021905,199.69,0.396,0.867368421,0.940285714,0.978095,0.797709,F008,Air pressure low,Compressed air fluctuation,Check air header pressure and compressor dryer status.,Mock training record only.
2026-01-12 00:00:00,C,Drinking Yoghurt 180ml,Bottle,180,2026-01-12 22:00:00,2026-01-13 06:00:00,475,5,0,0,0,9800,8621,68249,67383,866,0.012689,179.83,0.263,1,0.879693878,0.987311,0.868531,,,,Routine operation; no major intervention required.,Minor stoppage reviewed during shift handover.
2026-01-13 00:00:00,A,UHT Milk 500ml,Bottle,500,2026-01-13 06:00:00,2026-01-13 14:00:00,445,10,5,20,0,8800,8368,62062,61434,628,0.010119,498.68,1.457,0.946808511,0.950909091,0.989881,0.891218,,,,Routine operation; no major intervention required.,Stable run after start-up checks.
2026-01-13 00:00:00,B,Cream 250ml,Cup,250,2026-01-13 14:00:00,2026-01-13 22:00:00,450,10,0,20,0,7600,7147,53602,52996,606,0.011306,249.95,0.369,0.957446809,0.940394737,0.988694,0.890198,,,,Routine operation; no major intervention required.,Mock training record only.
2026-01-13 00:00:00,C,UHT Milk 1L,Bottle,1000,2026-01-13 22:00:00,2026-01-14 06:00:00,475,5,0,0,0,7200,7272,57570,57219,351,0.006097,998.77,1.587,1,1.01,0.993903,1.003842,,,,Routine operation; no major intervention required.,Mock training record only.
2026-01-14 00:00:00,A,Flavoured Milk 200ml,Bottle,200,2026-01-14 06:00:00,2026-01-14 14:00:00,442,10,8,20,0,10500,10387,76517,76100,417,0.00545,199.78,0.212,0.940425532,0.989238095,0.99455,0.925235,,,,Routine operation; no major intervention required.,Mock training record only.
2026-01-14 00:00:00,B,Drinking Yoghurt 180ml,Bottle,180,2026-01-14 14:00:00,2026-01-14 22:00:00,462,0,18,0,0,9800,9407,72433,71223,1210,0.016705,180.23,0.261,0.9625,0.959897959,0.983295,0.908468,F001,Nozzle drip detected,Nozzle seal wear,Inspect and replace nozzle seal; verify drip tray sensor.,Stable run after start-up checks.
2026-01-14 00:00:00,C,UHT Milk 500ml,Bottle,500,2026-01-14 22:00:00,2026-01-15 06:00:00,445,5,0,30,0,8800,8410,62374,61728,646,0.010357,501.39,0.549,0.936842105,0.955681818,0.989643,0.88605,,,,Routine operation; no major intervention required.,Stable run after start-up checks.
2026-01-15 00:00:00,A,Cream 250ml,Cup,250,2026-01-15 06:00:00,2026-01-15 14:00:00,460,0,0,20,0,7600,7148,54801,54123,678,0.012372,249.89,0.332,0.958333333,0.940526316,0.987628,0.890186,,,,Routine operation; no major intervention required.,Minor stoppage reviewed during shift handover.
2026-01-15 00:00:00,B,UHT Milk 1L,Bottle,1000,2026-01-15 14:00:00,2026-01-15 22:00:00,445,0,5,30,0,7200,7363,54608,54122,486,0.0089,1000.18,1.416,0.927083333,1.022638889,0.9911,0.939634,,,,Routine operation; no major intervention required.,Minor stoppage reviewed during shift handover.
2026-01-15 00:00:00,C,Flavoured Milk 200ml,Bottle,200,2026-01-15 22:00:00,2026-01-16 06:00:00,460,0,0,20,0,10500,9248,70901,69929,972,0.013709,200.77,0.446,0.958333333,0.880761905,0.986291,0.832492,,,,Routine operation; no major intervention required.,Stable run after start-up checks.
2026-01-16 00:00:00,A,Drinking Yoghurt 180ml,Bottle,180,2026-01-16 06:00:00,2026-01-16 14:00:00,455,5,0,20,0,9800,9177,69592,68946,646,0.009283,179.43,0.099,0.957894737,0.936428571,0.990717,0.888673,,,,Routine operation; no major intervention required.,Mock training record only.
2026-01-16 00:00:00,B,UHT Milk 500ml,Bottle,500,2026-01-16 14:00:00,2026-01-16 22:00:00,455,10,0,15,0,8800,8904,67522,67109,413,0.006117,500.56,0.619,0.968085106,1.011818182,0.993883,0.973534,,,,Routine operation; no major intervention required.,Mock training record only.
2026-01-16 00:00:00,C,Cream 250ml,Cup,250,2026-01-16 22:00:00,2026-01-17 06:00:00,440,15,0,25,0,7600,6773,49668,49090,578,0.011637,250.05,0.436,0.946236559,0.891184211,0.988363,0.833458,,,,Routine operation; no major intervention required.,Stable run after start-up checks.
2026-01-17 00:00:00,A,UHT Milk 1L,Bottle,1000,2026-01-17 06:00:00,2026-01-17 14:00:00,455,0,0,25,0,7200,6014,45606,45172,434,0.009516,1000.41,0.465,0.947916667,0.835277778,0.990484,0.784239,,,,Routine operation; no major intervention required.,Line released after QC confirmation.
2026-01-17 00:00:00,B,Flavoured Milk 200ml,Bottle,200,2026-01-17 14:00:00,2026-01-17 22:00:00,445,0,5,30,0,10500,9496,70428,69446,982,0.013943,199.41,0.386,0.927083333,0.904380952,0.986057,0.826746,,,,Routine operation; no major intervention required.,Operator verified recipe before production.
2026-01-17 00:00:00,C,Drinking Yoghurt 180ml,Bottle,180,2026-01-17 22:00:00,2026-01-18 06:00:00,302,30,43,15,90,9800,8986,45229,44039,1190,0.026311,179.75,0.166,0.671111111,0.916938776,0.973689,0.599177,F003,Cap feeder low level,Cap feed starvation,Top up cap hopper and check cap elevator feed rate.,Line released after QC confirmation.
2026-01-18 00:00:00,A,UHT Milk 500ml,Bottle,500,2026-01-18 06:00:00,2026-01-18 14:00:00,440,10,5,25,0,8800,8384,61482,60896,586,0.009531,500.62,0.703,0.936170213,0.952727273,0.990469,0.883414,,,,Routine operation; no major intervention required.,Mock training record only.
2026-01-18 00:00:00,B,Cream 250ml,Cup,250,2026-01-18 14:00:00,2026-01-18 22:00:00,470,10,0,0,0,7600,7253,56815,56541,274,0.004823,251.5,0.444,1,0.954342105,0.995177,0.949739,,,,Routine operation; no major intervention required.,Operator verified recipe before production.
2026-01-18 00:00:00,C,UHT Milk 1L,Bottle,1000,2026-01-18 22:00:00,2026-01-19 06:00:00,441,5,34,0,0,7200,6107,44886,43831,1055,0.023504,1001.49,0.987,0.928421053,0.848194444,0.976496,0.768973,F007,Label mismatch stop,Incorrect label roll loaded,"Confirm label roll, line clearance, and barcode recipe match.",Operator verified recipe before production.
2026-01-19 00:00:00,A,Flavoured Milk 200ml,Bottle,200,2026-01-19 06:00:00,2026-01-19 14:00:00,445,15,20,0,0,10500,9515,70569,69302,1267,0.017954,199.74,0.357,0.956989247,0.906190476,0.982046,0.851645,F008,Air pressure low,Compressed air fluctuation,Check air header pressure and compressor dryer status.,Line released after QC confirmation.
2026-01-19 00:00:00,B,Drinking Yoghurt 180ml,Bottle,180,2026-01-19 14:00:00,2026-01-19 22:00:00,475,5,0,0,0,9800,9840,77900,77634,266,0.003415,180.14,0.194,1,1.004081633,0.996585,1.000653,,,,Routine operation; no major intervention required.,Minor stoppage reviewed during shift handover.
2026-01-19 00:00:00,C,UHT Milk 500ml,Bottle,500,2026-01-19 22:00:00,2026-01-20 06:00:00,470,10,0,0,0,8800,8581,67217,67150,67,0.000997,498.99,0.766,1,0.975113636,0.999003,0.974141,,,,Routine operation; no major intervention required.,Minor stoppage reviewed during shift handover.
2026-01-20 00:00:00,A,Cream 250ml,Cup,250,2026-01-20 06:00:00,2026-01-20 14:00:00,453,10,17,0,0,7600,6651,50215,49160,1055,0.02101,249.96,0.475,0.963829787,0.875131579,0.97899,0.825756,F003,Cap feeder low level,Cap feed starvation,Top up cap hopper and check cap elevator feed rate.,Minor stoppage reviewed during shift handover.
2026-01-20 00:00:00,B,UHT Milk 1L,Bottle,1000,2026-01-20 14:00:00,2026-01-20 22:00:00,436,10,19,15,0,7200,7178,52160,51316,844,0.016181,1005.32,0.546,0.927659574,0.996944444,0.983819,0.90986,F008,Air pressure low,Compressed air fluctuation,Check air header pressure and compressor dryer status.,Minor stoppage reviewed during shift handover.
2026-01-20 00:00:00,C,Flavoured Milk 200ml,Bottle,200,2026-01-20 22:00:00,2026-01-21 06:00:00,435,10,5,30,0,10500,10005,72536,71749,787,0.01085,200.14,0.301,0.925531915,0.952857143,0.98915,0.872331,,,,Routine operation; no major intervention required.,Minor stoppage reviewed during shift handover.
2026-01-21 00:00:00,A,Drinking Yoghurt 180ml,Bottle,180,2026-01-21 06:00:00,2026-01-21 14:00:00,450,5,0,25,0,9800,9002,67515,66822,693,0.010264,179.71,0.252,0.947368421,0.918571429,0.989736,0.861294,,,,Routine operation; no major intervention required.,Mock training record only.
2026-01-21 00:00:00,B,UHT Milk 500ml,Bottle,500,2026-01-21 14:00:00,2026-01-21 22:00:00,435,15,5,25,0,8800,7959,57702,57056,646,0.011195,499.5,0.718,0.935483871,0.904431818,0.988805,0.836609,,,,Routine operation; no major intervention required.,Mock training record only.
2026-01-21 00:00:00,C,Cream 250ml,Cup,250,2026-01-21 22:00:00,2026-01-22 06:00:00,465,0,0,15,0,7600,7220,55955,55283,672,0.01201,250.59,0.386,0.96875,0.95,0.98799,0.90926,,,,Routine operation; no major intervention required.,Stable run after start-up checks.
2026-01-22 00:00:00,A,UHT Milk 1L,Bottle,1000,2026-01-22 06:00:00,2026-01-22 14:00:00,427,0,23,30,0,7200,7191,51175,50673,502,0.009809,998.5,1.033,0.889583333,0.99875,0.990191,0.879756,F008,Air pressure low,Compressed air fluctuation,Check air header pressure and compressor dryer status.,Line released after QC confirmation.
2026-01-22 00:00:00,B,Flavoured Milk 200ml,Bottle,200,2026-01-22 14:00:00,2026-01-22 22:00:00,452,5,8,15,0,10500,9622,72485,71749,736,0.010154,200.12,0.175,0.951578947,0.916380952,0.989846,0.863154,,,,Routine operation; no major intervention required.,Stable run after start-up checks.
2026-01-22 00:00:00,C,Drinking Yoghurt 180ml,Bottle,180,2026-01-22 22:00:00,2026-01-23 06:00:00,455,0,0,25,0,9800,8963,67969,67072,897,0.013197,179.89,0.249,0.947916667,0.914591837,0.986803,0.855516,,,,Routine operation; no major intervention required.,Mock training record only.
2026-01-23 00:00:00,A,UHT Milk 500ml,Bottle,500,2026-01-23 06:00:00,2026-01-23 14:00:00,412,0,38,30,0,8800,7832,53779,52276,1503,0.027948,500.13,0.589,0.858333333,0.89,0.972052,0.742567,F003,Cap feeder low level,Cap feed starvation,Top up cap hopper and check cap elevator feed rate.,Stable run after start-up checks.
2026-01-23 00:00:00,B,Cream 250ml,Cup,250,2026-01-23 14:00:00,2026-01-23 22:00:00,426,0,24,30,0,7600,7105,50445,49080,1365,0.027059,250.56,0.447,0.8875,0.934868421,0.972941,0.807245,F002,Bottle sensor missed count,Photo eye blocked,Clean photo eye and confirm bottle spacing at infeed.,Minor stoppage reviewed during shift handover.
2026-01-23 00:00:00,C,UHT Milk 1L,Bottle,1000,2026-01-23 22:00:00,2026-01-24 06:00:00,445,10,5,20,0,7200,6771,50218,49655,563,0.011211,998.8,1.386,0.946808511,0.940416667,0.988789,0.880412,,,,Routine operation; no major intervention required.,Line released after QC confirmation.
2026-01-24 00:00:00,A,Flavoured Milk 200ml,Bottle,200,2026-01-24 06:00:00,2026-01-24 14:00:00,470,10,0,0,0,10500,8651,67766,66789,977,0.014417,199.76,0.295,1,0.823904762,0.985583,0.812027,,,,Routine operation; no major intervention required.,Operator verified recipe before production.
2026-01-24 00:00:00,B,Drinking Yoghurt 180ml,Bottle,180,2026-01-24 14:00:00,2026-01-24 22:00:00,450,5,0,25,0,9800,8886,66645,65783,862,0.012934,180.07,0.217,0.947368421,0.906734694,0.987066,0.847901,,,,Routine operation; no major intervention required.,Minor stoppage reviewed during shift handover.
2026-01-24 00:00:00,C,UHT Milk 500ml,Bottle,500,2026-01-24 22:00:00,2026-01-25 06:00:00,375,25,5,0,75,8800,8163,51018,50507,511,0.010016,500.74,0.787,0.824175824,0.927613636,0.989984,0.756859,,,,Routine operation; no major intervention required.,Operator verified recipe before production.
2026-01-25 00:00:00,A,Cream 250ml,Cup,250,2026-01-25 06:00:00,2026-01-25 14:00:00,440,15,10,15,0,7600,6837,50138,49533,605,0.012067,249.81,0.409,0.946236559,0.899605263,0.987933,0.840967,,,,Routine operation; no major intervention required.,Operator verified recipe before production.
2026-01-25 00:00:00,B,UHT Milk 1L,Bottle,1000,2026-01-25 14:00:00,2026-01-25 22:00:00,467,5,8,0,0,7200,6595,51331,50918,413,0.008046,999.44,1.005,0.983157895,0.915972222,0.991954,0.8933,,,,Routine operation; no major intervention required.,Mock training record only.
2026-01-25 00:00:00,C,Flavoured Milk 200ml,Bottle,200,2026-01-25 22:00:00,2026-01-26 06:00:00,445,0,5,30,0,10500,9003,66772,65627,1145,0.017148,200.57,0.427,0.927083333,0.857428571,0.982852,0.781277,,,,Routine operation; no major intervention required.,Line released after QC confirmation.
2026-01-26 00:00:00,A,Drinking Yoghurt 180ml,Bottle,180,2026-01-26 06:00:00,2026-01-26 14:00:00,445,5,30,0,0,9800,8631,64013,62171,1842,0.028775,180,0.331,0.936842105,0.880714286,0.971225,0.801348,F006,CIP interlock delay,Valve confirmation delay,Verify valve feedback and repeat CIP step confirmation.,Line released after QC confirmation.
2026-01-26 00:00:00,B,UHT Milk 500ml,Bottle,500,2026-01-26 14:00:00,2026-01-26 22:00:00,465,0,0,15,0,8800,8581,66502,66095,407,0.00612,500.33,0.614,0.96875,0.975113636,0.99388,0.93886,,,,Routine operation; no major intervention required.,Operator verified recipe before production.
2026-01-26 00:00:00,C,Cream 250ml,Cup,250,2026-01-26 22:00:00,2026-01-27 06:00:00,438,5,37,0,0,7600,7053,51486,50249,1237,0.024026,250.14,0.341,0.922105263,0.928026316,0.975974,0.835178,F004,Conveyor back pressure,Downstream accumulation,Clear downstream blockage and reset conveyor speed balance.,Minor stoppage reviewed during shift handover.
2026-01-27 00:00:00,A,UHT Milk 1L,Bottle,1000,2026-01-27 06:00:00,2026-01-27 14:00:00,450,5,0,25,0,7200,7136,53520,53173,347,0.006484,1001.45,1.263,0.947368421,0.991111111,0.993516,0.932859,,,,Routine operation; no major intervention required.,Minor stoppage reviewed during shift handover.
2026-01-27 00:00:00,B,Flavoured Milk 200ml,Bottle,200,2026-01-27 14:00:00,2026-01-27 22:00:00,435,10,20,15,0,10500,10032,72732,71180,1552,0.021339,200.4,0.357,0.925531915,0.955428571,0.978661,0.86541,F008,Air pressure low,Compressed air fluctuation,Check air header pressure and compressor dryer status.,Minor stoppage reviewed during shift handover.
2026-01-27 00:00:00,C,Drinking Yoghurt 180ml,Bottle,180,2026-01-27 22:00:00,2026-01-28 06:00:00,470,10,0,0,0,9800,9146,71643,71043,600,0.008375,180.34,0.047,1,0.933265306,0.991625,0.925449,,,,Routine operation; no major intervention required.,Minor stoppage reviewed during shift handover.
2026-01-28 00:00:00,A,UHT Milk 500ml,Bottle,500,2026-01-28 06:00:00,2026-01-28 14:00:00,465,15,0,0,0,8800,8636,66929,66367,562,0.008397,499.84,0.507,1,0.981363636,0.991603,0.973123,,,,Routine operation; no major intervention required.,Line released after QC confirmation.
2026-01-28 00:00:00,B,Cream 250ml,Cup,250,2026-01-28 14:00:00,2026-01-28 22:00:00,442,10,8,20,0,7600,7202,53054,52595,459,0.008652,249.64,0.254,0.940425532,0.947631579,0.991348,0.883466,,,,Routine operation; no major intervention required.,Minor stoppage reviewed during shift handover.
2026-01-28 00:00:00,C,UHT Milk 1L,Bottle,1000,2026-01-28 22:00:00,2026-01-29 06:00:00,455,0,0,25,0,7200,7112,53932,53621,311,0.005767,1001.07,1.337,0.947916667,0.987777778,0.994233,0.930931,,,,Routine operation; no major intervention required.,Line released after QC confirmation.
2026-01-29 00:00:00,A,Flavoured Milk 200ml,Bottle,200,2026-01-29 06:00:00,2026-01-29 14:00:00,470,10,0,0,0,10500,9759,76445,75836,609,0.007967,200.2,0.316,1,0.929428571,0.992033,0.922024,,,,Routine operation; no major intervention required.,Line released after QC confirmation.
2026-01-29 00:00:00,B,Drinking Yoghurt 180ml,Bottle,180,2026-01-29 14:00:00,2026-01-29 22:00:00,450,15,0,15,0,9800,9857,73927,73293,634,0.008576,179.88,0.199,0.967741935,1.005816327,0.991424,0.965023,,,,Routine operation; no major intervention required.,Minor stoppage reviewed during shift handover.
2026-01-29 00:00:00,C,UHT Milk 500ml,Bottle,500,2026-01-29 22:00:00,2026-01-30 06:00:00,430,10,10,30,0,8800,8385,60092,59372,720,0.011982,500.82,0.689,0.914893617,0.952840909,0.988018,0.861303,,,,Routine operation; no major intervention required.,Operator verified recipe before production.
2026-01-30 00:00:00,A,Cream 250ml,Cup,250,2026-01-30 06:00:00,2026-01-30 14:00:00,455,0,5,20,0,7600,6742,51126,50583,543,0.010621,249.39,0.493,0.947916667,0.887105263,0.989379,0.831971,,,,Routine operation; no major intervention required.,Mock training record only.
2026-01-30 00:00:00,B,UHT Milk 1L,Bottle,1000,2026-01-30 14:00:00,2026-01-30 22:00:00,472,0,8,0,0,7200,6597,51896,51573,323,0.006224,1001.09,1.661,0.983333333,0.91625,0.993776,0.895371,,,,Routine operation; no major intervention required.,Line released after QC confirmation.
2026-01-30 00:00:00,C,Flavoured Milk 200ml,Bottle,200,2026-01-30 22:00:00,2026-01-31 06:00:00,435,15,10,20,0,10500,9319,67562,66651,911,0.013484,199.72,0.292,0.935483871,0.88752381,0.986516,0.819069,,,,Routine operation; no major intervention required.,Stable run after start-up checks.
2026-01-31 00:00:00,A,Drinking Yoghurt 180ml,Bottle,180,2026-01-31 06:00:00,2026-01-31 14:00:00,447,5,8,20,0,9800,9127,67996,67345,651,0.009574,179.66,0.256,0.941052632,0.931326531,0.990426,0.868036,,,,Routine operation; no major intervention required.,Minor stoppage reviewed during shift handover.
2026-01-31 00:00:00,B,UHT Milk 500ml,Bottle,500,2026-01-31 14:00:00,2026-01-31 22:00:00,440,15,25,0,0,8800,7207,52851,51757,1094,0.0207,501.72,0.87,0.946236559,0.818977273,0.9793,0.758905,F003,Cap feeder low level,Cap feed starvation,Top up cap hopper and check cap elevator feed rate.,Minor stoppage reviewed during shift handover.
2026-01-31 00:00:00,C,Cream 250ml,Cup,250,2026-01-31 22:00:00,2026-02-01 06:00:00,360,30,5,25,60,7600,6349,38094,37363,731,0.019189,249.1,0.207,0.8,0.835394737,0.980811,0.655491,,,,Routine operation; no major intervention required.,Mock training record only.
2026-02-01 00:00:00,A,UHT Milk 1L,Bottle,1000,2026-02-01 06:00:00,2026-02-01 14:00:00,430,45,5,0,0,7200,6802,48747,48351,396,0.008124,998.65,1.954,0.988505747,0.944722222,0.991876,0.926277,,,,Routine operation; no major intervention required.,Minor stoppage reviewed during shift handover.
2026-02-01 00:00:00,B,Flavoured Milk 200ml,Bottle,200,2026-02-01 14:00:00,2026-02-01 22:00:00,408,10,37,25,0,10500,8604,58507,56671,1836,0.031381,199.72,0.377,0.868085106,0.819428571,0.968619,0.689011,F001,Nozzle drip detected,Nozzle seal wear,Inspect and replace nozzle seal; verify drip tray sensor.,Stable run after start-up checks.
2026-02-01 00:00:00,C,Drinking Yoghurt 180ml,Bottle,180,2026-02-01 22:00:00,2026-02-02 06:00:00,472,0,8,0,0,9800,8122,63893,63016,877,0.013726,179.73,0.328,0.983333333,0.82877551,0.986274,0.803776,,,,Routine operation; no major intervention required.,Stable run after start-up checks.
2026-02-02 00:00:00,A,UHT Milk 500ml,Bottle,500,2026-02-02 06:00:00,2026-02-02 14:00:00,455,5,5,15,0,8800,8668,65732,65115,617,0.009387,500.96,1.309,0.957894737,0.985,0.990613,0.934669,,,,Routine operation; no major intervention required.,Mock training record only.
2026-02-02 00:00:00,B,Cream 250ml,Cup,250,2026-02-02 14:00:00,2026-02-02 22:00:00,455,5,0,20,0,7600,7219,54744,54203,541,0.009882,249.86,0.304,0.957894737,0.949868421,0.990118,0.900883,,,,Routine operation; no major intervention required.,Mock training record only.
2026-02-02 00:00:00,C,UHT Milk 1L,Bottle,1000,2026-02-02 22:00:00,2026-02-03 06:00:00,450,5,5,20,0,7200,7022,52665,52170,495,0.009399,1000.37,1.44,0.947368421,0.975277778,0.990601,0.915263,,,,Routine operation; no major intervention required.,Operator verified recipe before production.
2026-02-03 00:00:00,A,Flavoured Milk 200ml,Bottle,200,2026-02-03 06:00:00,2026-02-03 14:00:00,455,10,0,15,0,10500,9515,72155,71536,619,0.008579,200.25,0.299,0.968085106,0.906190476,0.991421,0.869743,,,,Routine operation; no major intervention required.,Stable run after start-up checks.
2026-02-03 00:00:00,B,Drinking Yoghurt 180ml,Bottle,180,2026-02-03 14:00:00,2026-02-03 22:00:00,445,10,0,25,0,9800,9826,72876,72476,400,0.005489,180.01,0.213,0.946808511,1.002653061,0.994511,0.94411,,,,Routine operation; no major intervention required.,Line released after QC confirmation.
2026-02-03 00:00:00,C,UHT Milk 500ml,Bottle,500,2026-02-03 22:00:00,2026-02-04 06:00:00,442,10,3,25,0,8800,8497,62594,61763,831,0.013276,499.65,0.314,0.940425532,0.965568182,0.986724,0.89599,F007,Label mismatch stop,Incorrect label roll loaded,"Confirm label roll, line clearance, and barcode recipe match.",Line released after QC confirmation.
2026-02-04 00:00:00,A,Cream 250ml,Cup,250,2026-02-04 06:00:00,2026-02-04 14:00:00,440,15,10,15,0,7600,7005,51370,50817,553,0.010765,249.89,0.521,0.946236559,0.921710526,0.989235,0.862767,,,,Routine operation; no major intervention required.,Line released after QC confirmation.
2026-02-04 00:00:00,B,UHT Milk 1L,Bottle,1000,2026-02-04 14:00:00,2026-02-04 22:00:00,447,0,8,25,0,7200,6570,48946,48363,583,0.011911,1000.42,0.992,0.93125,0.9125,0.988089,0.839644,,,,Routine operation; no major intervention required.,Line released after QC confirmation.
2026-02-04 00:00:00,C,Flavoured Milk 200ml,Bottle,200,2026-02-04 22:00:00,2026-02-05 06:00:00,442,10,8,20,0,10500,9966,73416,72235,1181,0.016086,200.24,0.243,0.940425532,0.949142857,0.983914,0.87824,F007,Label mismatch stop,Incorrect label roll loaded,"Confirm label roll, line clearance, and barcode recipe match.",Stable run after start-up checks.
2026-02-05 00:00:00,A,Drinking Yoghurt 180ml,Bottle,180,2026-02-05 06:00:00,2026-02-05 14:00:00,418,0,32,30,0,9800,9012,62783,61369,1414,0.022522,180.11,0.197,0.870833333,0.919591837,0.977478,0.782775,F008,Air pressure low,Compressed air fluctuation,Check air header pressure and compressor dryer status.,Mock training record only.
2026-02-05 00:00:00,B,UHT Milk 500ml,Bottle,500,2026-02-05 14:00:00,2026-02-05 22:00:00,407,15,33,25,0,8800,7667,52007,50642,1365,0.026246,499.35,1.171,0.875268817,0.87125,0.973754,0.742563,F006,CIP interlock delay,Valve confirmation delay,Verify valve feedback and repeat CIP step confirmation.,Minor stoppage reviewed during shift handover.
2026-02-05 00:00:00,C,Cream 250ml,Cup,250,2026-02-05 22:00:00,2026-02-06 06:00:00,446,0,34,0,0,7600,6713,49899,48649,1250,0.025051,250.08,0.509,0.929166667,0.883289474,0.974949,0.800163,F003,Cap feeder low level,Cap feed starvation,Top up cap hopper and check cap elevator feed rate.,Stable run after start-up checks.
2026-02-06 00:00:00,A,UHT Milk 1L,Bottle,1000,2026-02-06 06:00:00,2026-02-06 14:00:00,450,15,0,15,0,7200,7165,53737,53345,392,0.007295,997.74,1.466,0.967741935,0.995138889,0.992705,0.956012,,,,Routine operation; no major intervention required.,Stable run after start-up checks.
2026-02-06 00:00:00,B,Flavoured Milk 200ml,Bottle,200,2026-02-06 14:00:00,2026-02-06 22:00:00,457,15,8,0,0,10500,9680,73729,73165,564,0.00765,200.59,0.255,0.982795699,0.921904762,0.99235,0.899113,,,,Routine operation; no major intervention required.,Mock training record only.
2026-02-06 00:00:00,C,Drinking Yoghurt 180ml,Bottle,180,2026-02-06 22:00:00,2026-02-07 06:00:00,460,15,5,0,0,9800,9793,75079,74711,368,0.004902,179.26,0.248,0.989247312,0.999285714,0.995098,0.983695,,,,Routine operation; no major intervention required.,Operator verified recipe before production.
2026-02-07 00:00:00,A,UHT Milk 500ml,Bottle,500,2026-02-07 06:00:00,2026-02-07 14:00:00,472,0,8,0,0,8800,7681,60423,59598,825,0.013654,499.39,0.473,0.983333333,0.872840909,0.986346,0.846574,,,,Routine operation; no major intervention required.,Mock training record only.
2026-02-07 00:00:00,B,Cream 250ml,Cup,250,2026-02-07 14:00:00,2026-02-07 22:00:00,460,15,5,0,0,7600,6497,49810,48841,969,0.019454,249.46,0.408,0.989247312,0.854868421,0.980546,0.829225,,,,Routine operation; no major intervention required.,Line released after QC confirmation.
2026-02-07 00:00:00,C,UHT Milk 1L,Bottle,1000,2026-02-07 22:00:00,2026-02-08 06:00:00,360,25,0,20,75,7200,6482,38892,38298,594,0.015273,1000.98,2.026,0.791208791,0.900277778,0.984727,0.701429,,,,Routine operation; no major intervention required.,Stable run after start-up checks.
2026-02-08 00:00:00,A,Flavoured Milk 200ml,Bottle,200,2026-02-08 06:00:00,2026-02-08 14:00:00,430,10,10,30,0,10500,8911,63862,62864,998,0.015627,199.77,0.317,0.914893617,0.848666667,0.984373,0.764306,,,,Routine operation; no major intervention required.,Minor stoppage reviewed during shift handover.
2026-02-08 00:00:00,B,Drinking Yoghurt 180ml,Bottle,180,2026-02-08 14:00:00,2026-02-08 22:00:00,455,10,0,15,0,9800,8372,63487,62535,952,0.014995,179.42,0.396,0.968085106,0.854285714,0.985005,0.81462,,,,Routine operation; no major intervention required.,Operator verified recipe before production.
2026-02-08 00:00:00,C,UHT Milk 500ml,Bottle,500,2026-02-08 22:00:00,2026-02-09 06:00:00,450,15,0,15,0,8800,7868,59010,58165,845,0.01432,500.89,0.736,0.967741935,0.894090909,0.98568,0.852859,,,,Routine operation; no major intervention required.,Minor stoppage reviewed during shift handover.
2026-02-09 00:00:00,A,Cream 250ml,Cup,250,2026-02-09 06:00:00,2026-02-09 14:00:00,456,5,19,0,0,7600,6630,50388,49292,1096,0.021751,249.84,0.232,0.96,0.872368421,0.978249,0.819258,F003,Cap feeder low level,Cap feed starvation,Top up cap hopper and check cap elevator feed rate.,Minor stoppage reviewed during shift handover.
2026-02-09 00:00:00,B,UHT Milk 1L,Bottle,1000,2026-02-09 14:00:00,2026-02-09 22:00:00,435,15,0,30,0,7200,6681,48437,48091,346,0.007143,1001.73,1.033,0.935483871,0.927916667,0.992857,0.861851,,,,Routine operation; no major intervention required.,Line released after QC confirmation.
2026-02-09 00:00:00,C,Flavoured Milk 200ml,Bottle,200,2026-02-09 22:00:00,2026-02-10 06:00:00,413,5,32,30,0,10500,9311,64090,62414,1676,0.026151,200.32,0.35,0.869473684,0.886761905,0.973849,0.750853,F008,Air pressure low,Compressed air fluctuation,Check air header pressure and compressor dryer status.,Line released after QC confirmation.
2026-02-10 00:00:00,A,Drinking Yoghurt 180ml,Bottle,180,2026-02-10 06:00:00,2026-02-10 14:00:00,458,10,12,0,0,9800,9037,68982,67716,1266,0.018353,179.84,0.301,0.974468085,0.922142857,0.981647,0.882107,F008,Air pressure low,Compressed air fluctuation,Check air header pressure and compressor dryer status.,Minor stoppage reviewed during shift handover.
2026-02-10 00:00:00,B,UHT Milk 500ml,Bottle,500,2026-02-10 14:00:00,2026-02-10 22:00:00,431,10,19,20,0,8800,8194,58860,57863,997,0.016938,498.86,1.036,0.917021277,0.931136364,0.983062,0.839409,F001,Nozzle drip detected,Nozzle seal wear,Inspect and replace nozzle seal; verify drip tray sensor.,Minor stoppage reviewed during shift handover.
2026-02-10 00:00:00,C,Cream 250ml,Cup,250,2026-02-10 22:00:00,2026-02-11 06:00:00,435,15,5,25,0,7600,6886,49923,49440,483,0.009675,250.27,0.449,0.935483871,0.906052632,0.990325,0.839397,,,,Routine operation; no major intervention required.,Operator verified recipe before production.
2026-02-11 00:00:00,A,UHT Milk 1L,Bottle,1000,2026-02-11 06:00:00,2026-02-11 14:00:00,445,10,5,20,0,7200,6264,46458,46062,396,0.008524,1004.01,1.249,0.946808511,0.87,0.991476,0.816702,,,,Routine operation; no major intervention required.,Minor stoppage reviewed during shift handover.
2026-02-11 00:00:00,B,Flavoured Milk 200ml,Bottle,200,2026-02-11 14:00:00,2026-02-11 22:00:00,465,0,15,0,0,10500,9319,72222,70733,1489,0.020617,200.13,0.359,0.96875,0.88752381,0.979383,0.842062,F004,Conveyor back pressure,Downstream accumulation,Clear downstream blockage and reset conveyor speed balance.,Minor stoppage reviewed during shift handover.
2026-02-11 00:00:00,C,Drinking Yoghurt 180ml,Bottle,180,2026-02-11 22:00:00,2026-02-12 06:00:00,455,0,0,25,0,9800,9668,73315,72836,479,0.006533,179.7,0.27,0.947916667,0.986530612,0.993467,0.929039,,,,Routine operation; no major intervention required.,Mock training record only.
2026-02-12 00:00:00,A,UHT Milk 500ml,Bottle,500,2026-02-12 06:00:00,2026-02-12 14:00:00,455,0,0,25,0,8800,8152,61819,61239,580,0.009382,500.05,0.595,0.947916667,0.926363636,0.990618,0.869877,,,,Routine operation; no major intervention required.,Operator verified recipe before production.
2026-02-12 00:00:00,B,Cream 250ml,Cup,250,2026-02-12 14:00:00,2026-02-12 22:00:00,410,15,40,15,0,7600,6609,45161,43826,1335,0.029561,249.92,0.35,0.88172043,0.869605263,0.970439,0.744083,F001,Nozzle drip detected,Nozzle seal wear,Inspect and replace nozzle seal; verify drip tray sensor.,Minor stoppage reviewed during shift handover.
2026-02-12 00:00:00,C,UHT Milk 1L,Bottle,1000,2026-02-12 22:00:00,2026-02-13 06:00:00,470,0,10,0,0,7200,6349,49733,49149,584,0.011743,1004.4,1.677,0.979166667,0.881805556,0.988257,0.853295,,,,Routine operation; no major intervention required.,Minor stoppage reviewed during shift handover.
2026-02-13 00:00:00,A,Flavoured Milk 200ml,Bottle,200,2026-02-13 06:00:00,2026-02-13 14:00:00,465,15,0,0,0,10500,9257,71741,71008,733,0.010217,200.84,0.401,1,0.881619048,0.989783,0.872612,,,,Routine operation; no major intervention required.,Line released after QC confirmation.
2026-02-13 00:00:00,B,Drinking Yoghurt 180ml,Bottle,180,2026-02-13 14:00:00,2026-02-13 22:00:00,457,10,13,0,0,9800,9610,73196,72051,1145,0.015643,180.4,0.24,0.972340426,0.980612245,0.984357,0.938574,F007,Label mismatch stop,Incorrect label roll loaded,"Confirm label roll, line clearance, and barcode recipe match.",Stable run after start-up checks.
2026-02-13 00:00:00,C,UHT Milk 500ml,Bottle,500,2026-02-13 22:00:00,2026-02-14 06:00:00,422,10,23,25,0,8800,8034,56505,55441,1064,0.01883,498.78,0.69,0.89787234,0.912954545,0.98117,0.804281,F003,Cap feeder low level,Cap feed starvation,Top up cap hopper and check cap elevator feed rate.,Line released after QC confirmation.
2026-02-14 00:00:00,A,Cream 250ml,Cup,250,2026-02-14 06:00:00,2026-02-14 14:00:00,470,5,5,0,0,7600,7105,55655,55142,513,0.009218,250.83,0.407,0.989473684,0.934868421,0.990782,0.916501,,,,Routine operation; no major intervention required.,Mock training record only.
2026-02-14 00:00:00,B,UHT Milk 1L,Bottle,1000,2026-02-14 14:00:00,2026-02-14 22:00:00,445,15,5,15,0,7200,5895,43721,43209,512,0.011711,1001.48,1.327,0.956989247,0.81875,0.988289,0.774359,,,,Routine operation; no major intervention required.,Line released after QC confirmation.
2026-02-14 00:00:00,C,Flavoured Milk 200ml,Bottle,200,2026-02-14 22:00:00,2026-02-15 06:00:00,365,30,0,25,60,10500,8630,52499,51514,985,0.018762,200.83,0.428,0.811111111,0.821904762,0.981238,0.654148,,,,Routine operation; no major intervention required.,Mock training record only.
2026-02-15 00:00:00,A,Drinking Yoghurt 180ml,Bottle,180,2026-02-15 06:00:00,2026-02-15 14:00:00,445,10,0,25,0,9800,8577,63612,62724,888,0.01396,179.32,0.315,0.946808511,0.875204082,0.98604,0.817083,,,,Routine operation; no major intervention required.,Operator verified recipe before production.
2026-02-15 00:00:00,B,UHT Milk 500ml,Bottle,500,2026-02-15 14:00:00,2026-02-15 22:00:00,430,5,20,25,0,8800,7992,57276,56207,1069,0.018664,499.14,0.718,0.905263158,0.908181818,0.981336,0.806799,F002,Bottle sensor missed count,Photo eye blocked,Clean photo eye and confirm bottle spacing at infeed.,Minor stoppage reviewed during shift handover.
2026-02-15 00:00:00,C,Cream 250ml,Cup,250,2026-02-15 22:00:00,2026-02-16 06:00:00,425,15,10,30,0,7600,7050,49937,49003,934,0.018704,250.29,0.346,0.913978495,0.927631579,0.981296,0.831977,F007,Label mismatch stop,Incorrect label roll loaded,"Confirm label roll, line clearance, and barcode recipe match.",Minor stoppage reviewed during shift handover.
2026-02-16 00:00:00,A,UHT Milk 1L,Bottle,1000,2026-02-16 06:00:00,2026-02-16 14:00:00,435,15,10,20,0,7200,6841,49597,49213,384,0.007742,999.61,1.308,0.935483871,0.950138889,0.992258,0.881958,,,,Routine operation; no major intervention required.,Stable run after start-up checks.
2026-02-16 00:00:00,B,Flavoured Milk 200ml,Bottle,200,2026-02-16 14:00:00,2026-02-16 22:00:00,465,15,0,0,0,10500,9324,72261,71407,854,0.011818,199.78,0.153,1,0.888,0.988182,0.877506,,,,Routine operation; no major intervention required.,Minor stoppage reviewed during shift handover.
2026-02-16 00:00:00,C,Drinking Yoghurt 180ml,Bottle,180,2026-02-16 22:00:00,2026-02-17 06:00:00,454,10,16,0,0,9800,9223,69787,68865,922,0.013212,179.65,0.168,0.965957447,0.941122449,0.986788,0.897073,F007,Label mismatch stop,Incorrect label roll loaded,"Confirm label roll, line clearance, and barcode recipe match.",Operator verified recipe before production.
2026-02-17 00:00:00,A,UHT Milk 500ml,Bottle,500,2026-02-17 06:00:00,2026-02-17 14:00:00,454,10,16,0,0,8800,7574,57309,56305,1004,0.017519,498.04,0.964,0.965957447,0.860681818,0.982481,0.816817,F005,Fill volume out of tolerance,Product temperature variation,Check filler calibration and product temperature set point.,Stable run after start-up checks.
2026-02-17 00:00:00,B,Cream 250ml,Cup,250,2026-02-17 14:00:00,2026-02-17 22:00:00,455,5,0,20,0,7600,6487,49193,48485,708,0.014392,250.89,0.32,0.957894737,0.853552632,0.985608,0.805846,,,,Routine operation; no major intervention required.,Minor stoppage reviewed during shift handover.
2026-02-17 00:00:00,C,UHT Milk 1L,Bottle,1000,2026-02-17 22:00:00,2026-02-18 06:00:00,435,15,0,30,0,7200,6501,47132,46334,798,0.016931,998.9,1.387,0.935483871,0.902916667,0.983069,0.830363,,,,Routine operation; no major intervention required.,Operator verified recipe before production.
2026-02-18 00:00:00,A,Flavoured Milk 200ml,Bottle,200,2026-02-18 06:00:00,2026-02-18 14:00:00,445,5,0,30,0,10500,9977,73996,73091,905,0.01223,200.08,0.379,0.936842105,0.950190476,0.98777,0.879292,,,,Routine operation; no major intervention required.,Minor stoppage reviewed during shift handover.
2026-02-18 00:00:00,B,Drinking Yoghurt 180ml,Bottle,180,2026-02-18 14:00:00,2026-02-18 22:00:00,462,15,3,0,0,9800,9689,74605,73757,848,0.011367,179.84,0.314,0.993548387,0.988673469,0.988633,0.971129,F008,Air pressure low,Compressed air fluctuation,Check air header pressure and compressor dryer status.,Operator verified recipe before production.
2026-02-18 00:00:00,C,UHT Milk 500ml,Bottle,500,2026-02-18 22:00:00,2026-02-19 06:00:00,460,5,0,15,0,8800,8276,63449,62801,648,0.010213,500.62,0.921,0.968421053,0.940454545,0.989787,0.901454,,,,Routine operation; no major intervention required.,Line released after QC confirmation.
2026-02-19 00:00:00,A,Cream 250ml,Cup,250,2026-02-19 06:00:00,2026-02-19 14:00:00,465,0,0,15,0,7600,6581,51002,50032,970,0.019019,249.89,0.221,0.96875,0.865921053,0.980981,0.822907,,,,Routine operation; no major intervention required.,Stable run after start-up checks.
2026-02-19 00:00:00,B,UHT Milk 1L,Bottle,1000,2026-02-19 14:00:00,2026-02-19 22:00:00,445,5,0,30,0,7200,6453,47859,47357,502,0.010489,1000.52,1.047,0.936842105,0.89625,0.989511,0.830838,,,,Routine operation; no major intervention required.,Mock training record only.
2026-02-19 00:00:00,C,Flavoured Milk 200ml,Bottle,200,2026-02-19 22:00:00,2026-02-20 06:00:00,430,15,15,20,0,10500,10006,71709,70524,1185,0.016525,199.68,0.376,0.924731183,0.952952381,0.983475,0.866663,F003,Cap feeder low level,Cap feed starvation,Top up cap hopper and check cap elevator feed rate.,Mock training record only.
2026-02-20 00:00:00,A,Drinking Yoghurt 180ml,Bottle,180,2026-02-20 06:00:00,2026-02-20 14:00:00,455,15,10,0,0,9800,8917,67620,66695,925,0.013679,180.22,0.273,0.978494624,0.909897959,0.986321,0.878151,,,,Routine operation; no major intervention required.,Operator verified recipe before production.
2026-02-20 00:00:00,B,UHT Milk 500ml,Bottle,500,2026-02-20 14:00:00,2026-02-20 22:00:00,470,10,0,0,0,8800,8617,67499,67066,433,0.006415,499.46,0.768,1,0.979204545,0.993585,0.972923,,,,Routine operation; no major intervention required.,Line released after QC confirmation.
2026-02-20 00:00:00,C,Cream 250ml,Cup,250,2026-02-20 22:00:00,2026-02-21 06:00:00,417,10,23,30,0,7600,6610,45939,44683,1256,0.027341,249.68,0.306,0.887234043,0.869736842,0.972659,0.750562,F001,Nozzle drip detected,Nozzle seal wear,Inspect and replace nozzle seal; verify drip tray sensor.,Line released after QC confirmation.
2026-02-21 00:00:00,A,UHT Milk 1L,Bottle,1000,2026-02-21 06:00:00,2026-02-21 14:00:00,442,15,3,20,0,7200,6090,44863,44096,767,0.017096,1001.17,1.607,0.950537634,0.845833333,0.982904,0.790251,F002,Bottle sensor missed count,Photo eye blocked,Clean photo eye and confirm bottle spacing at infeed.,Stable run after start-up checks.
2026-02-21 00:00:00,B,Flavoured Milk 200ml,Bottle,200,2026-02-21 14:00:00,2026-02-21 22:00:00,455,5,0,20,0,10500,8401,63707,62338,1369,0.021489,200.42,0.485,0.957894737,0.800095238,0.978511,0.749938,,,,Routine operation; no major intervention required.,Minor stoppage reviewed during shift handover.
2026-02-21 00:00:00,C,Drinking Yoghurt 180ml,Bottle,180,2026-02-21 22:00:00,2026-02-22 06:00:00,362,25,18,0,75,9800,8551,51591,50281,1310,0.025392,180.46,0.305,0.795604396,0.87255102,0.974608,0.676578,F004,Conveyor back pressure,Downstream accumulation,Clear downstream blockage and reset conveyor speed balance.,Mock training record only.
2026-02-22 00:00:00,A,UHT Milk 500ml,Bottle,500,2026-02-22 06:00:00,2026-02-22 14:00:00,460,0,0,20,0,8800,8023,61509,60790,719,0.011689,499.47,0.904,0.958333333,0.911704545,0.988311,0.863504,,,,Routine operation; no major intervention required.,Stable run after start-up checks.
2026-02-22 00:00:00,B,Cream 250ml,Cup,250,2026-02-22 14:00:00,2026-02-22 22:00:00,462,0,3,15,0,7600,6774,52159,51114,1045,0.020035,249.95,0.383,0.9625,0.891315789,0.979965,0.840704,F008,Air pressure low,Compressed air fluctuation,Check air header pressure and compressor dryer status.,Stable run after start-up checks.
2026-02-22 00:00:00,C,UHT Milk 1L,Bottle,1000,2026-02-22 22:00:00,2026-02-23 06:00:00,457,0,8,15,0,7200,6126,46659,46291,368,0.007887,999.95,1.34,0.952083333,0.850833333,0.992113,0.803675,,,,Routine operation; no major intervention required.,Mock training record only.
2026-02-23 00:00:00,A,Flavoured Milk 200ml,Bottle,200,2026-02-23 06:00:00,2026-02-23 14:00:00,447,15,18,0,0,10500,9860,73457,72093,1364,0.018569,199.75,0.275,0.961290323,0.939047619,0.981431,0.885935,F008,Air pressure low,Compressed air fluctuation,Check air header pressure and compressor dryer status.,Operator verified recipe before production.
2026-02-23 00:00:00,B,Drinking Yoghurt 180ml,Bottle,180,2026-02-23 14:00:00,2026-02-23 22:00:00,437,5,8,30,0,9800,9458,68885,68197,688,0.009988,179.91,0.331,0.92,0.965102041,0.990012,0.879026,,,,Routine operation; no major intervention required.,Minor stoppage reviewed during shift handover.
2026-02-23 00:00:00,C,UHT Milk 500ml,Bottle,500,2026-02-23 22:00:00,2026-02-24 06:00:00,455,5,0,20,0,8800,8291,62873,62233,640,0.010179,501.84,1.282,0.957894737,0.942159091,0.989821,0.893303,,,,Routine operation; no major intervention required.,Operator verified recipe before production.
2026-02-24 00:00:00,A,Cream 250ml,Cup,250,2026-02-24 06:00:00,2026-02-24 14:00:00,455,5,0,20,0,7600,7335,55623,54990,633,0.01138,250.05,0.336,0.957894737,0.965131579,0.98862,0.913974,,,,Routine operation; no major intervention required.,Minor stoppage reviewed during shift handover.
2026-02-24 00:00:00,B,UHT Milk 1L,Bottle,1000,2026-02-24 14:00:00,2026-02-24 22:00:00,470,10,0,0,0,7200,6492,50854,50469,385,0.007571,1000.95,1.027,1,0.901666667,0.992429,0.89484,,,,Routine operation; no major intervention required.,Stable run after start-up checks.
2026-02-24 00:00:00,C,Flavoured Milk 200ml,Bottle,200,2026-02-24 22:00:00,2026-02-25 06:00:00,466,5,9,0,0,10500,9733,75592,74750,842,0.011139,200.39,0.216,0.981052632,0.926952381,0.988861,0.899259,F001,Nozzle drip detected,Nozzle seal wear,Inspect and replace nozzle seal; verify drip tray sensor.,Mock training record only.
2026-02-25 00:00:00,A,Drinking Yoghurt 180ml,Bottle,180,2026-02-25 06:00:00,2026-02-25 14:00:00,430,10,10,30,0,9800,8987,64406,63512,894,0.013881,180.04,0.339,0.914893617,0.917040816,0.986119,0.827349,,,,Routine operation; no major intervention required.,Mock training record only.
2026-02-25 00:00:00,B,UHT Milk 500ml,Bottle,500,2026-02-25 14:00:00,2026-02-25 22:00:00,455,10,0,15,0,8800,8252,62577,62151,426,0.006808,499.79,0.853,0.968085106,0.937727273,0.993192,0.90162,,,,Routine operation; no major intervention required.,Minor stoppage reviewed during shift handover.
2026-02-25 00:00:00,C,Cream 250ml,Cup,250,2026-02-25 22:00:00,2026-02-26 06:00:00,405,15,45,15,0,7600,7464,50382,49174,1208,0.023977,250.49,0.378,0.870967742,0.982105263,0.976023,0.834873,F008,Air pressure low,Compressed air fluctuation,Check air header pressure and compressor dryer status.,Stable run after start-up checks.
2026-02-26 00:00:00,A,UHT Milk 1L,Bottle,1000,2026-02-26 06:00:00,2026-02-26 14:00:00,442,15,8,15,0,7200,6403,47168,46739,429,0.009095,998.94,0.735,0.950537634,0.889305556,0.990905,0.83763,,,,Routine operation; no major intervention required.,Mock training record only.
2026-02-26 00:00:00,B,Flavoured Milk 200ml,Bottle,200,2026-02-26 14:00:00,2026-02-26 22:00:00,470,5,5,0,0,10500,10281,80534,80098,436,0.005414,199.8,0.306,0.989473684,0.979142857,0.994586,0.963591,,,,Routine operation; no major intervention required.,Stable run after start-up checks.
2026-02-26 00:00:00,C,Drinking Yoghurt 180ml,Bottle,180,2026-02-26 22:00:00,2026-02-27 06:00:00,458,0,22,0,0,9800,9181,70081,69128,953,0.013599,180.34,0.3,0.954166667,0.936836735,0.986401,0.881742,F004,Conveyor back pressure,Downstream accumulation,Clear downstream blockage and reset conveyor speed balance.,Operator verified recipe before production.
2026-02-27 00:00:00,A,UHT Milk 500ml,Bottle,500,2026-02-27 06:00:00,2026-02-27 14:00:00,460,0,0,20,0,8800,8319,63779,63052,727,0.011399,499.71,0.726,0.958333333,0.945340909,0.988601,0.895625,,,,Routine operation; no major intervention required.,Operator verified recipe before production.
2026-02-27 00:00:00,B,Cream 250ml,Cup,250,2026-02-27 14:00:00,2026-02-27 22:00:00,435,10,10,25,0,7600,7190,52127,51483,644,0.012354,249.69,0.361,0.925531915,0.946052632,0.987646,0.864785,,,,Routine operation; no major intervention required.,Mock training record only.
2026-02-27 00:00:00,C,UHT Milk 1L,Bottle,1000,2026-02-27 22:00:00,2026-02-28 06:00:00,470,10,0,0,0,7200,6450,50525,49928,597,0.011816,998.5,2.12,1,0.895833333,0.988184,0.885248,,,,Routine operation; no major intervention required.,Minor stoppage reviewed during shift handover.
2026-02-28 00:00:00,A,Flavoured Milk 200ml,Bottle,200,2026-02-28 06:00:00,2026-02-28 14:00:00,447,10,8,15,0,10500,8911,66386,65116,1270,0.019131,199.73,0.423,0.95106383,0.848666667,0.980869,0.791695,,,,Routine operation; no major intervention required.,Mock training record only.
2026-02-28 00:00:00,B,Drinking Yoghurt 180ml,Bottle,180,2026-02-28 14:00:00,2026-02-28 22:00:00,455,0,0,25,0,9800,7911,59991,58962,1029,0.017153,180.37,0.183,0.947916667,0.807244898,0.982847,0.752075,,,,Routine operation; no major intervention required.,Operator verified recipe before production.
2026-02-28 00:00:00,C,UHT Milk 500ml,Bottle,500,2026-02-28 22:00:00,2026-03-01 06:00:00,355,30,5,30,60,8800,7345,43457,42989,468,0.010769,500.64,0.675,0.788888889,0.834659091,0.989231,0.651362,,,,Routine operation; no major intervention required.,Mock training record only.
2026-03-01 00:00:00,A,Cream 250ml,Cup,250,2026-03-01 06:00:00,2026-03-01 14:00:00,418,30,12,20,0,7600,6743,46976,46076,900,0.019159,250.01,0.358,0.928888889,0.887236842,0.980841,0.808355,F002,Bottle sensor missed count,Photo eye blocked,Clean photo eye and confirm bottle spacing at infeed.,Minor stoppage reviewed during shift handover.
2026-03-01 00:00:00,B,UHT Milk 1L,Bottle,1000,2026-03-01 14:00:00,2026-03-01 22:00:00,440,15,0,25,0,7200,6205,45503,45066,437,0.009604,998.39,1.291,0.946236559,0.861805556,0.990396,0.80764,,,,Routine operation; no major intervention required.,Line released after QC confirmation.
2026-03-01 00:00:00,C,Flavoured Milk 200ml,Bottle,200,2026-03-01 22:00:00,2026-03-02 06:00:00,458,0,7,15,0,10500,9586,73173,72048,1125,0.015375,199.88,0.226,0.954166667,0.912952381,0.984625,0.857715,F002,Bottle sensor missed count,Photo eye blocked,Clean photo eye and confirm bottle spacing at infeed.,Minor stoppage reviewed during shift handover.
2026-03-02 00:00:00,A,Drinking Yoghurt 180ml,Bottle,180,2026-03-02 06:00:00,2026-03-02 14:00:00,450,10,5,15,0,9800,9655,72412,71823,589,0.008134,180.04,0.281,0.957446809,0.985204082,0.991866,0.935608,,,,Routine operation; no major intervention required.,Mock training record only.
2026-03-02 00:00:00,B,UHT Milk 500ml,Bottle,500,2026-03-02 14:00:00,2026-03-02 22:00:00,461,15,4,0,0,8800,8271,63548,63054,494,0.007774,501.47,0.574,0.991397849,0.939886364,0.992226,0.924557,F005,Fill volume out of tolerance,Product temperature variation,Check filler calibration and product temperature set point.,Line released after QC confirmation.
2026-03-02 00:00:00,C,Cream 250ml,Cup,250,2026-03-02 22:00:00,2026-03-03 06:00:00,410,5,35,30,0,7600,6471,44218,42847,1371,0.031005,249.62,0.534,0.863157895,0.851447368,0.968995,0.712147,F001,Nozzle drip detected,Nozzle seal wear,Inspect and replace nozzle seal; verify drip tray sensor.,Stable run after start-up checks.
2026-03-03 00:00:00,A,UHT Milk 1L,Bottle,1000,2026-03-03 06:00:00,2026-03-03 14:00:00,452,5,3,20,0,7200,6534,49222,48674,548,0.011133,994.11,0.535,0.951578947,0.9075,0.988867,0.853944,F005,Fill volume out of tolerance,Product temperature variation,Check filler calibration and product temperature set point.,Operator verified recipe before production.
2026-03-03 00:00:00,B,Flavoured Milk 200ml,Bottle,200,2026-03-03 14:00:00,2026-03-03 22:00:00,440,10,0,30,0,10500,9266,67950,67000,950,0.013981,199.59,0.35,0.936170213,0.88247619,0.986019,0.814598,,,,Routine operation; no major intervention required.,Mock training record only.
2026-03-03 00:00:00,C,Drinking Yoghurt 180ml,Bottle,180,2026-03-03 22:00:00,2026-03-04 06:00:00,440,15,10,15,0,9800,8406,61644,60737,907,0.014714,180.14,0.425,0.946236559,0.857755102,0.985286,0.799697,,,,Routine operation; no major intervention required.,Stable run after start-up checks.
2026-03-04 00:00:00,A,UHT Milk 500ml,Bottle,500,2026-03-04 06:00:00,2026-03-04 14:00:00,460,15,5,0,0,8800,8247,63227,62795,432,0.006833,501.24,0.71,0.989247312,0.937159091,0.993167,0.920747,,,,Routine operation; no major intervention required.,Mock training record only.
2026-03-04 00:00:00,B,Cream 250ml,Cup,250,2026-03-04 14:00:00,2026-03-04 22:00:00,451,0,29,0,0,7600,7409,55690,54598,1092,0.019609,248.98,0.378,0.939583333,0.974868421,0.980391,0.898009,F006,CIP interlock delay,Valve confirmation delay,Verify valve feedback and repeat CIP step confirmation.,Line released after QC confirmation.
2026-03-04 00:00:00,C,UHT Milk 1L,Bottle,1000,2026-03-04 22:00:00,2026-03-05 06:00:00,435,15,0,30,0,7200,6843,49611,49247,364,0.007337,1000.82,1.657,0.935483871,0.950416667,0.992663,0.882576,,,,Routine operation; no major intervention required.,Stable run after start-up checks.
2026-03-05 00:00:00,A,Flavoured Milk 200ml,Bottle,200,2026-03-05 06:00:00,2026-03-05 14:00:00,470,10,0,0,0,10500,9772,76547,76031,516,0.006741,200.14,0.241,1,0.930666667,0.993259,0.924393,,,,Routine operation; no major intervention required.,Minor stoppage reviewed during shift handover.
2026-03-05 00:00:00,B,Drinking Yoghurt 180ml,Bottle,180,2026-03-05 14:00:00,2026-03-05 22:00:00,435,5,25,15,0,9800,8307,60225,58922,1303,0.021636,180.05,0.338,0.915789474,0.847653061,0.978364,0.759476,F001,Nozzle drip detected,Nozzle seal wear,Inspect and replace nozzle seal; verify drip tray sensor.,Mock training record only.
2026-03-05 00:00:00,C,UHT Milk 500ml,Bottle,500,2026-03-05 22:00:00,2026-03-06 06:00:00,465,0,0,15,0,8800,7875,61031,60363,668,0.010945,501.27,1.188,0.96875,0.894886364,0.989055,0.857433,,,,Routine operation; no major intervention required.,Mock training record only.
2026-03-06 00:00:00,A,Cream 250ml,Cup,250,2026-03-06 06:00:00,2026-03-06 14:00:00,440,10,0,30,0,7600,6680,48986,48035,951,0.019414,250.08,0.412,0.936170213,0.878947368,0.980586,0.80687,,,,Routine operation; no major intervention required.,Stable run after start-up checks.
2026-03-06 00:00:00,B,UHT Milk 1L,Bottle,1000,2026-03-06 14:00:00,2026-03-06 22:00:00,432,15,3,30,0,7200,6840,49248,48323,925,0.018782,1001.51,1.947,0.929032258,0.95,0.981218,0.866004,F006,CIP interlock delay,Valve confirmation delay,Verify valve feedback and repeat CIP step confirmation.,Operator verified recipe before production.
2026-03-06 00:00:00,C,Flavoured Milk 200ml,Bottle,200,2026-03-06 22:00:00,2026-03-07 06:00:00,465,15,0,0,0,10500,8967,69494,68392,1102,0.015857,200.72,0.533,1,0.854,0.984143,0.840458,,,,Routine operation; no major intervention required.,Operator verified recipe before production.
2026-03-07 00:00:00,A,Drinking Yoghurt 180ml,Bottle,180,2026-03-07 06:00:00,2026-03-07 14:00:00,450,5,10,15,0,9800,7997,59977,58889,1088,0.01814,180.2,0.184,0.947368421,0.816020408,0.98186,0.759048,,,,Routine operation; no major intervention required.,Mock training record only.
2026-03-07 00:00:00,B,UHT Milk 500ml,Bottle,500,2026-03-07 14:00:00,2026-03-07 22:00:00,435,15,0,30,0,8800,7675,55643,55010,633,0.011376,501.64,0.777,0.935483871,0.872159091,0.988624,0.806609,,,,Routine operation; no major intervention required.,Operator verified recipe before production.
2026-03-07 00:00:00,C,Cream 250ml,Cup,250,2026-03-07 22:00:00,2026-03-08 06:00:00,370,35,0,0,75,7600,6061,37376,36625,751,0.020093,250.75,0.407,0.831460674,0.7975,0.979907,0.649766,,,,Routine operation; no major intervention required.,Operator verified recipe before production.
2026-03-08 00:00:00,A,UHT Milk 1L,Bottle,1000,2026-03-08 06:00:00,2026-03-08 14:00:00,447,0,8,25,0,7200,6533,48670,48156,514,0.010561,999,1.295,0.93125,0.907361111,0.989439,0.836056,,,,Routine operation; no major intervention required.,Minor stoppage reviewed during shift handover.
2026-03-08 00:00:00,B,Flavoured Milk 200ml,Bottle,200,2026-03-08 14:00:00,2026-03-08 22:00:00,445,15,5,15,0,10500,9045,67083,66199,884,0.013178,199.96,0.314,0.956989247,0.861428571,0.986822,0.813514,,,,Routine operation; no major intervention required.,Mock training record only.
2026-03-08 00:00:00,C,Drinking Yoghurt 180ml,Bottle,180,2026-03-08 22:00:00,2026-03-09 06:00:00,470,5,5,0,0,9800,7952,62290,61370,920,0.01477,179.41,0.293,0.989473684,0.811428571,0.98523,0.791029,,,,Routine operation; no major intervention required.,Minor stoppage reviewed during shift handover.
2026-03-09 00:00:00,A,UHT Milk 500ml,Bottle,500,2026-03-09 06:00:00,2026-03-09 14:00:00,440,15,5,20,0,8800,8157,59818,59227,591,0.00988,500.14,0.674,0.946236559,0.926931818,0.99012,0.868431,,,,Routine operation; no major intervention required.,Stable run after start-up checks.
2026-03-09 00:00:00,B,Cream 250ml,Cup,250,2026-03-09 14:00:00,2026-03-09 22:00:00,475,5,0,0,0,7600,6438,50967,50299,668,0.013107,250.39,0.395,1,0.847105263,0.986893,0.836002,,,,Routine operation; no major intervention required.,Operator verified recipe before production.
2026-03-09 00:00:00,C,UHT Milk 1L,Bottle,1000,2026-03-09 22:00:00,2026-03-10 06:00:00,450,0,5,25,0,7200,6360,47700,47151,549,0.011509,998.28,1.289,0.9375,0.883333333,0.988491,0.818594,,,,Routine operation; no major intervention required.,Operator verified recipe before production.
2026-03-10 00:00:00,A,Flavoured Milk 200ml,Bottle,200,2026-03-10 06:00:00,2026-03-10 14:00:00,455,0,0,25,0,10500,8835,66998,66171,827,0.012344,200.11,0.359,0.947916667,0.841428571,0.987656,0.787759,,,,Routine operation; no major intervention required.,Line released after QC confirmation.
2026-03-10 00:00:00,B,Drinking Yoghurt 180ml,Bottle,180,2026-03-10 14:00:00,2026-03-10 22:00:00,457,0,8,15,0,9800,8715,66379,65565,814,0.012263,179.78,0.378,0.952083333,0.889285714,0.987737,0.836291,,,,Routine operation; no major intervention required.,Minor stoppage reviewed during shift handover.
2026-03-10 00:00:00,C,UHT Milk 500ml,Bottle,500,2026-03-10 22:00:00,2026-03-11 06:00:00,419,15,21,25,0,8800,8389,58583,57169,1414,0.024137,501.1,0.994,0.901075269,0.953295455,0.975863,0.838257,F006,CIP interlock delay,Valve confirmation delay,Verify valve feedback and repeat CIP step confirmation.,Line released after QC confirmation.
2026-03-11 00:00:00,A,Cream 250ml,Cup,250,2026-03-11 06:00:00,2026-03-11 14:00:00,439,0,11,30,0,7600,6923,50653,49613,1040,0.020532,250.22,0.382,0.914583333,0.910921053,0.979468,0.816008,F004,Conveyor back pressure,Downstream accumulation,Clear downstream blockage and reset conveyor speed balance.,Minor stoppage reviewed during shift handover.
2026-03-11 00:00:00,B,UHT Milk 1L,Bottle,1000,2026-03-11 14:00:00,2026-03-11 22:00:00,467,0,13,0,0,7200,6513,50692,49897,795,0.015683,1001.41,1.352,0.972916667,0.904583333,0.984317,0.866282,F001,Nozzle drip detected,Nozzle seal wear,Inspect and replace nozzle seal; verify drip tray sensor.,Minor stoppage reviewed during shift handover.
2026-03-11 00:00:00,C,Flavoured Milk 200ml,Bottle,200,2026-03-11 22:00:00,2026-03-12 06:00:00,470,0,10,0,0,10500,9408,73696,72816,880,0.011941,200.01,0.295,0.979166667,0.896,0.988059,0.866857,,,,Routine operation; no major intervention required.,Minor stoppage reviewed during shift handover.
2026-03-12 00:00:00,A,Drinking Yoghurt 180ml,Bottle,180,2026-03-12 06:00:00,2026-03-12 14:00:00,442,5,8,25,0,9800,9222,67935,67071,864,0.012718,180.19,0.24,0.930526316,0.941020408,0.987282,0.864508,,,,Routine operation; no major intervention required.,Operator verified recipe before production.
2026-03-12 00:00:00,B,UHT Milk 500ml,Bottle,500,2026-03-12 14:00:00,2026-03-12 22:00:00,435,15,0,30,0,8800,7390,53577,52944,633,0.011815,498.62,0.627,0.935483871,0.839772727,0.988185,0.776312,,,,Routine operation; no major intervention required.,Mock training record only.
2026-03-12 00:00:00,C,Cream 250ml,Cup,250,2026-03-12 22:00:00,2026-03-13 06:00:00,465,10,5,0,0,7600,7106,55071,54536,535,0.009715,249.47,0.476,0.989361702,0.935,0.990285,0.916066,,,,Routine operation; no major intervention required.,Line released after QC confirmation.
2026-03-13 00:00:00,A,UHT Milk 1L,Bottle,1000,2026-03-13 06:00:00,2026-03-13 14:00:00,470,10,0,0,0,7200,6534,51183,50647,536,0.010472,997.23,1.454,1,0.9075,0.989528,0.897997,,,,Routine operation; no major intervention required.,Stable run after start-up checks.
2026-03-13 00:00:00,B,Flavoured Milk 200ml,Bottle,200,2026-03-13 14:00:00,2026-03-13 22:00:00,480,0,0,0,0,10500,10075,80600,79997,603,0.007481,199.77,0.272,1,0.95952381,0.992519,0.952346,,,,Routine operation; no major intervention required.,Line released after QC confirmation.
2026-03-13 00:00:00,C,Drinking Yoghurt 180ml,Bottle,180,2026-03-13 22:00:00,2026-03-14 06:00:00,450,15,0,15,0,9800,9173,68797,68104,693,0.010073,180.09,0.154,0.967741935,0.936020408,0.989927,0.896702,,,,Routine operation; no major intervention required.,Operator verified recipe before production.
2026-03-14 00:00:00,A,UHT Milk 500ml,Bottle,500,2026-03-14 06:00:00,2026-03-14 14:00:00,450,5,0,25,0,8800,7719,57892,56974,918,0.015857,498.85,0.553,0.947368421,0.877159091,0.984143,0.817816,,,,Routine operation; no major intervention required.,Mock training record only.
2026-03-14 00:00:00,B,Cream 250ml,Cup,250,2026-03-14 14:00:00,2026-03-14 22:00:00,475,5,0,0,0,7600,6251,49487,48802,685,0.013842,250.53,0.442,1,0.8225,0.986158,0.811115,,,,Routine operation; no major intervention required.,Operator verified recipe before production.
2026-03-14 00:00:00,C,UHT Milk 1L,Bottle,1000,2026-03-14 22:00:00,2026-03-15 06:00:00,347,20,8,15,90,7200,6266,36238,35799,439,0.012114,1001.79,1.692,0.754347826,0.870277778,0.987886,0.648539,,,,Routine operation; no major intervention required.,Stable run after start-up checks.
2026-03-15 00:00:00,A,Flavoured Milk 200ml,Bottle,200,2026-03-15 06:00:00,2026-03-15 14:00:00,462,10,8,0,0,10500,9294,71563,70829,734,0.010257,200.21,0.478,0.982978723,0.885142857,0.989743,0.861152,,,,Routine operation; no major intervention required.,Operator verified recipe before production.
2026-03-15 00:00:00,B,Drinking Yoghurt 180ml,Bottle,180,2026-03-15 14:00:00,2026-03-15 22:00:00,457,15,8,0,0,9800,8731,66501,65478,1023,0.015383,179.81,0.351,0.982795699,0.890918367,0.984617,0.862122,,,,Routine operation; no major intervention required.,Line released after QC confirmation.
2026-03-15 00:00:00,C,UHT Milk 500ml,Bottle,500,2026-03-15 22:00:00,2026-03-16 06:00:00,445,15,0,20,0,8800,7637,56641,56206,435,0.00768,500.8,0.715,0.956989247,0.867840909,0.99232,0.824136,,,,Routine operation; no major intervention required.,Operator verified recipe before production.
2026-03-16 00:00:00,A,Cream 250ml,Cup,250,2026-03-16 06:00:00,2026-03-16 14:00:00,475,0,5,0,0,7600,7279,57625,57198,427,0.00741,250.2,0.449,0.989583333,0.957763158,0.99259,0.940763,,,,Routine operation; no major intervention required.,Minor stoppage reviewed during shift handover.
2026-03-16 00:00:00,B,UHT Milk 1L,Bottle,1000,2026-03-16 14:00:00,2026-03-16 22:00:00,429,15,6,30,0,7200,6513,46567,45852,715,0.015354,999.28,0.885,0.922580645,0.904583333,0.984646,0.821737,F004,Conveyor back pressure,Downstream accumulation,Clear downstream blockage and reset conveyor speed balance.,Minor stoppage reviewed during shift handover.
2026-03-16 00:00:00,C,Flavoured Milk 200ml,Bottle,200,2026-03-16 22:00:00,2026-03-17 06:00:00,432,10,18,20,0,10500,9247,66578,65033,1545,0.023206,200.2,0.299,0.919148936,0.880666667,0.976794,0.790679,F004,Conveyor back pressure,Downstream accumulation,Clear downstream blockage and reset conveyor speed balance.,Operator verified recipe before production.
2026-03-17 00:00:00,A,Drinking Yoghurt 180ml,Bottle,180,2026-03-17 06:00:00,2026-03-17 14:00:00,439,0,16,25,0,9800,9270,67825,66419,1406,0.02073,179.86,0.364,0.914583333,0.945918367,0.97927,0.847187,F003,Cap feeder low level,Cap feed starvation,Top up cap hopper and check cap elevator feed rate.,Mock training record only.
2026-03-17 00:00:00,B,UHT Milk 500ml,Bottle,500,2026-03-17 14:00:00,2026-03-17 22:00:00,475,0,5,0,0,8800,7409,58654,57734,920,0.015685,499.3,0.714,0.989583333,0.841931818,0.984315,0.820094,,,,Routine operation; no major intervention required.,Operator verified recipe before production.
2026-03-17 00:00:00,C,Cream 250ml,Cup,250,2026-03-17 22:00:00,2026-03-18 06:00:00,455,0,25,0,0,7600,6371,48313,47264,1049,0.021713,248.9,0.328,0.947916667,0.838289474,0.978287,0.777375,F005,Fill volume out of tolerance,Product temperature variation,Check filler calibration and product temperature set point.,Operator verified recipe before production.
2026-03-18 00:00:00,A,UHT Milk 1L,Bottle,1000,2026-03-18 06:00:00,2026-03-18 14:00:00,455,0,0,25,0,7200,6878,52158,51653,505,0.009682,998.86,1.432,0.947916667,0.955277778,0.990318,0.896756,,,,Routine operation; no major intervention required.,Minor stoppage reviewed during shift handover.
2026-03-18 00:00:00,B,Flavoured Milk 200ml,Bottle,200,2026-03-18 14:00:00,2026-03-18 22:00:00,475,5,0,0,0,10500,9512,75303,74636,667,0.008858,199.61,0.292,1,0.905904762,0.991142,0.89788,,,,Routine operation; no major intervention required.,Minor stoppage reviewed during shift handover.
2026-03-18 00:00:00,C,Drinking Yoghurt 180ml,Bottle,180,2026-03-18 22:00:00,2026-03-19 06:00:00,445,5,0,30,0,9800,8655,64191,63389,802,0.012494,180.25,0.336,0.936842105,0.883163265,0.987506,0.817047,,,,Routine operation; no major intervention required.,Stable run after start-up checks.
2026-03-19 00:00:00,A,UHT Milk 500ml,Bottle,500,2026-03-19 06:00:00,2026-03-19 14:00:00,447,5,8,20,0,8800,7981,59458,58727,731,0.012294,499.63,0.854,0.941052632,0.906931818,0.987706,0.842978,,,,Routine operation; no major intervention required.,Mock training record only.
2026-03-19 00:00:00,B,Cream 250ml,Cup,250,2026-03-19 14:00:00,2026-03-19 22:00:00,448,15,17,0,0,7600,6877,51348,50433,915,0.01782,250.15,0.298,0.96344086,0.904868421,0.98218,0.856252,F002,Bottle sensor missed count,Photo eye blocked,Clean photo eye and confirm bottle spacing at infeed.,Minor stoppage reviewed during shift handover.
2026-03-19 00:00:00,C,UHT Milk 1L,Bottle,1000,2026-03-19 22:00:00,2026-03-20 06:00:00,460,10,10,0,0,7200,6802,52148,52034,114,0.002186,1001.71,1.749,0.978723404,0.944722222,0.997814,0.922601,,,,Routine operation; no major intervention required.,Line released after QC confirmation.
2026-03-20 00:00:00,A,Flavoured Milk 200ml,Bottle,200,2026-03-20 06:00:00,2026-03-20 14:00:00,442,15,8,15,0,10500,9268,68274,67485,789,0.011556,199.57,0.31,0.950537634,0.882666667,0.988444,0.829312,,,,Routine operation; no major intervention required.,Operator verified recipe before production.
2026-03-20 00:00:00,B,Drinking Yoghurt 180ml,Bottle,180,2026-03-20 14:00:00,2026-03-20 22:00:00,480,0,0,0,0,9800,8333,66664,66009,655,0.009825,179.73,0.368,1,0.850306122,0.990175,0.841952,,,,Routine operation; no major intervention required.,Minor stoppage reviewed during shift handover.
2026-03-20 00:00:00,C,UHT Milk 500ml,Bottle,500,2026-03-20 22:00:00,2026-03-21 06:00:00,440,0,15,25,0,8800,7802,57214,56132,1082,0.018911,500.29,0.998,0.916666667,0.886590909,0.981089,0.797339,F008,Air pressure low,Compressed air fluctuation,Check air header pressure and compressor dryer status.,Line released after QC confirmation.
2026-03-21 00:00:00,A,Cream 250ml,Cup,250,2026-03-21 06:00:00,2026-03-21 14:00:00,470,0,10,0,0,7600,6346,49710,48891,819,0.016476,250.52,0.527,0.979166667,0.835,0.983524,0.804133,,,,Routine operation; no major intervention required.,Line released after QC confirmation.
2026-03-21 00:00:00,B,UHT Milk 1L,Bottle,1000,2026-03-21 14:00:00,2026-03-21 22:00:00,452,5,23,0,0,7200,5857,44122,43061,1061,0.024047,1000.23,1.085,0.951578947,0.813472222,0.975953,0.755469,F008,Air pressure low,Compressed air fluctuation,Check air header pressure and compressor dryer status.,Stable run after start-up checks.
2026-03-21 00:00:00,C,Flavoured Milk 200ml,Bottle,200,2026-03-21 22:00:00,2026-03-22 06:00:00,350,20,5,30,75,10500,9504,55440,54555,885,0.015963,201.08,0.235,0.760869565,0.905142857,0.984037,0.677702,,,,Routine operation; no major intervention required.,Line released after QC confirmation.
2026-03-22 00:00:00,A,Drinking Yoghurt 180ml,Bottle,180,2026-03-22 06:00:00,2026-03-22 14:00:00,475,5,0,0,0,9800,8139,64433,63554,879,0.013642,179.77,0.257,1,0.830510204,0.986358,0.81918,,,,Routine operation; no major intervention required.,Line released after QC confirmation.
2026-03-22 00:00:00,B,UHT Milk 500ml,Bottle,500,2026-03-22 14:00:00,2026-03-22 22:00:00,470,0,10,0,0,8800,7295,57144,56609,535,0.009362,498.91,0.421,0.979166667,0.828977273,0.990638,0.804108,,,,Routine operation; no major intervention required.,Minor stoppage reviewed during shift handover.
2026-03-22 00:00:00,C,Cream 250ml,Cup,250,2026-03-22 22:00:00,2026-03-23 06:00:00,449,15,16,0,0,7600,6131,45880,44824,1056,0.023017,249.74,0.389,0.965591398,0.806710526,0.976983,0.761024,F001,Nozzle drip detected,Nozzle seal wear,Inspect and replace nozzle seal; verify drip tray sensor.,Stable run after start-up checks.
2026-03-23 00:00:00,A,UHT Milk 1L,Bottle,1000,2026-03-23 06:00:00,2026-03-23 14:00:00,445,15,5,15,0,7200,6277,46554,46110,444,0.009537,999.99,1.822,0.956989247,0.871805556,0.990463,0.826352,,,,Routine operation; no major intervention required.,Stable run after start-up checks.
2026-03-23 00:00:00,B,Flavoured Milk 200ml,Bottle,200,2026-03-23 14:00:00,2026-03-23 22:00:00,465,15,0,0,0,10500,9297,72051,71506,545,0.007564,200.12,0.241,1,0.885428571,0.992436,0.878731,,,,Routine operation; no major intervention required.,Operator verified recipe before production.
2026-03-23 00:00:00,C,Drinking Yoghurt 180ml,Bottle,180,2026-03-23 22:00:00,2026-03-24 06:00:00,425,10,15,30,0,9800,8500,60208,58763,1445,0.024,180.46,0.212,0.904255319,0.867346939,0.976,0.76548,F002,Bottle sensor missed count,Photo eye blocked,Clean photo eye and confirm bottle spacing at infeed.,Operator verified recipe before production.
2026-03-24 00:00:00,A,UHT Milk 500ml,Bottle,500,2026-03-24 06:00:00,2026-03-24 14:00:00,455,10,0,15,0,8800,8510,64534,64169,365,0.005656,500.2,0.94,0.968085106,0.967045455,0.994344,0.930887,,,,Routine operation; no major intervention required.,Stable run after start-up checks.
2026-03-24 00:00:00,B,Cream 250ml,Cup,250,2026-03-24 14:00:00,2026-03-24 22:00:00,427,15,18,20,0,7600,7305,51987,51249,738,0.014196,250.47,0.224,0.91827957,0.961184211,0.985804,0.870106,F001,Nozzle drip detected,Nozzle seal wear,Inspect and replace nozzle seal; verify drip tray sensor.,Minor stoppage reviewed during shift handover.
2026-03-24 00:00:00,C,UHT Milk 1L,Bottle,1000,2026-03-24 22:00:00,2026-03-25 06:00:00,448,0,7,25,0,7200,6289,46957,46042,915,0.019486,1000.1,0.4,0.933333333,0.873472222,0.980514,0.799355,F001,Nozzle drip detected,Nozzle seal wear,Inspect and replace nozzle seal; verify drip tray sensor.,Mock training record only.
2026-03-25 00:00:00,A,Flavoured Milk 200ml,Bottle,200,2026-03-25 06:00:00,2026-03-25 14:00:00,445,0,15,20,0,10500,9343,69293,67892,1401,0.020218,198.32,0.34,0.927083333,0.889809524,0.979782,0.808249,F005,Fill volume out of tolerance,Product temperature variation,Check filler calibration and product temperature set point.,Minor stoppage reviewed during shift handover.
2026-03-25 00:00:00,B,Drinking Yoghurt 180ml,Bottle,180,2026-03-25 14:00:00,2026-03-25 22:00:00,416,15,19,30,0,9800,8827,61200,59760,1440,0.023529,179.89,0.351,0.894623656,0.900714286,0.976471,0.786841,F006,CIP interlock delay,Valve confirmation delay,Verify valve feedback and repeat CIP step confirmation.,Stable run after start-up checks.
2026-03-25 00:00:00,C,UHT Milk 500ml,Bottle,500,2026-03-25 22:00:00,2026-03-26 06:00:00,454,0,6,20,0,8800,7584,57385,56278,1107,0.019291,499.76,1.082,0.945833333,0.861818182,0.980709,0.799412,F007,Label mismatch stop,Incorrect label roll loaded,"Confirm label roll, line clearance, and barcode recipe match.",Stable run after start-up checks.
2026-03-26 00:00:00,A,Cream 250ml,Cup,250,2026-03-26 06:00:00,2026-03-26 14:00:00,432,15,8,25,0,7600,6967,50162,49447,715,0.014254,249.96,0.171,0.929032258,0.916710526,0.985746,0.839514,,,,Routine operation; no major intervention required.,Operator verified recipe before production.
2026-03-26 00:00:00,B,UHT Milk 1L,Bottle,1000,2026-03-26 14:00:00,2026-03-26 22:00:00,480,0,0,0,0,7200,6890,55120,54796,324,0.005878,996.91,1.397,1,0.956944444,0.994122,0.95132,,,,Routine operation; no major intervention required.,Stable run after start-up checks.
2026-03-26 00:00:00,C,Flavoured Milk 200ml,Bottle,200,2026-03-26 22:00:00,2026-03-27 06:00:00,405,10,35,30,0,10500,9149,61755,59893,1862,0.030151,199.78,0.253,0.861702128,0.871333333,0.969849,0.728192,F006,CIP interlock delay,Valve confirmation delay,Verify valve feedback and repeat CIP step confirmation.,Mock training record only.
2026-03-27 00:00:00,A,Drinking Yoghurt 180ml,Bottle,180,2026-03-27 06:00:00,2026-03-27 14:00:00,475,5,0,0,0,9800,8579,67917,67024,893,0.013148,179.56,0.359,1,0.875408163,0.986852,0.863898,,,,Routine operation; no major intervention required.,Operator verified recipe before production.
2026-03-27 00:00:00,B,UHT Milk 500ml,Bottle,500,2026-03-27 14:00:00,2026-03-27 22:00:00,440,5,5,30,0,8800,8483,62208,61607,601,0.009661,500.51,0.812,0.926315789,0.963977273,0.990339,0.884321,,,,Routine operation; no major intervention required.,Stable run after start-up checks.
2026-03-27 00:00:00,C,Cream 250ml,Cup,250,2026-03-27 22:00:00,2026-03-28 06:00:00,414,15,26,25,0,7600,6629,45740,44480,1260,0.027547,249.96,0.617,0.890322581,0.872236842,0.972453,0.75518,F004,Conveyor back pressure,Downstream accumulation,Clear downstream blockage and reset conveyor speed balance.,Minor stoppage reviewed during shift handover.
2026-03-28 00:00:00,A,UHT Milk 1L,Bottle,1000,2026-03-28 06:00:00,2026-03-28 14:00:00,480,0,0,0,0,7200,6388,51104,50820,284,0.005557,999.38,0.881,1,0.887222222,0.994443,0.882292,,,,Routine operation; no major intervention required.,Mock training record only.
2026-03-28 00:00:00,B,Flavoured Milk 200ml,Bottle,200,2026-03-28 14:00:00,2026-03-28 22:00:00,460,0,5,15,0,10500,9420,72220,71426,794,0.010994,199.52,0.239,0.958333333,0.897142857,0.989006,0.85031,,,,Routine operation; no major intervention required.,Operator verified recipe before production.
2026-03-28 00:00:00,C,Drinking Yoghurt 180ml,Bottle,180,2026-03-28 22:00:00,2026-03-29 06:00:00,365,20,10,25,60,9800,8889,54074,53403,671,0.012409,179.27,0.311,0.793478261,0.907040816,0.987591,0.710786,,,,Routine operation; no major intervention required.,Mock training record only.
2026-03-29 00:00:00,A,UHT Milk 500ml,Bottle,500,2026-03-29 06:00:00,2026-03-29 14:00:00,447,10,3,20,0,8800,7778,57946,56951,995,0.017171,499.52,0.544,0.95106383,0.883863636,0.982829,0.826177,F007,Label mismatch stop,Incorrect label roll loaded,"Confirm label roll, line clearance, and barcode recipe match.",Operator verified recipe before production.
2026-03-29 00:00:00,B,Cream 250ml,Cup,250,2026-03-29 14:00:00,2026-03-29 22:00:00,480,0,0,0,0,7600,6166,49328,48682,646,0.013096,249.82,0.613,1,0.811315789,0.986904,0.800691,,,,Routine operation; no major intervention required.,Minor stoppage reviewed during shift handover.
2026-03-29 00:00:00,C,UHT Milk 1L,Bottle,1000,2026-03-29 22:00:00,2026-03-30 06:00:00,428,0,27,25,0,7200,5697,40638,39369,1269,0.031227,1000.91,0.796,0.891666667,0.79125,0.968773,0.6835,F003,Cap feeder low level,Cap feed starvation,Top up cap hopper and check cap elevator feed rate.,Line released after QC confirmation.
2026-03-30 00:00:00,A,Flavoured Milk 200ml,Bottle,200,2026-03-30 06:00:00,2026-03-30 14:00:00,451,5,24,0,0,10500,9954,74820,73436,1384,0.018498,199.59,0.317,0.949473684,0.948,0.981502,0.883451,F007,Label mismatch stop,Incorrect label roll loaded,"Confirm label roll, line clearance, and barcode recipe match.",Stable run after start-up checks.
2026-03-30 00:00:00,B,Drinking Yoghurt 180ml,Bottle,180,2026-03-30 14:00:00,2026-03-30 22:00:00,419,0,36,25,0,9800,8526,59539,58038,1501,0.02521,179.16,0.3,0.872916667,0.87,0.97479,0.740292,F005,Fill volume out of tolerance,Product temperature variation,Check filler calibration and product temperature set point.,Minor stoppage reviewed during shift handover.
2026-03-30 00:00:00,C,UHT Milk 500ml,Bottle,500,2026-03-30 22:00:00,2026-03-31 06:00:00,472,0,8,0,0,8800,8122,63893,63605,288,0.004508,501.32,0.847,0.983333333,0.922954545,0.995492,0.903481,,,,Routine operation; no major intervention required.,Stable run after start-up checks.
2026-03-31 00:00:00,A,Cream 250ml,Cup,250,2026-03-31 06:00:00,2026-03-31 14:00:00,458,5,17,0,0,7600,6406,48899,47777,1122,0.022945,249.76,0.582,0.964210526,0.842894737,0.977055,0.79408,F001,Nozzle drip detected,Nozzle seal wear,Inspect and replace nozzle seal; verify drip tray sensor.,Line released after QC confirmation.
2026-03-31 00:00:00,B,UHT Milk 1L,Bottle,1000,2026-03-31 14:00:00,2026-03-31 22:00:00,445,15,0,20,0,7200,7018,52050,51741,309,0.005937,1000.54,0.637,0.956989247,0.974722222,0.994063,0.927261,,,,Routine operation; no major intervention required.,Line released after QC confirmation.
2026-03-31 00:00:00,C,Flavoured Milk 200ml,Bottle,200,2026-03-31 22:00:00,2026-04-01 06:00:00,450,0,5,25,0,10500,10185,76387,75846,541,0.007082,200.55,0.357,0.9375,0.97,0.992918,0.902935,,,,Routine operation; no major intervention required.,Stable run after start-up checks.
2026-04-01 00:00:00,A,Drinking Yoghurt 180ml,Bottle,180,2026-04-01 06:00:00,2026-04-01 14:00:00,435,45,0,0,0,9800,9193,66649,66028,621,0.009317,180.12,0.403,1,0.938061224,0.990683,0.929321,,,,Routine operation; no major intervention required.,Line released after QC confirmation.
2026-04-01 00:00:00,B,UHT Milk 500ml,Bottle,500,2026-04-01 14:00:00,2026-04-01 22:00:00,457,15,8,0,0,8800,8014,61039,60585,454,0.007438,500.12,0.58,0.982795699,0.910681818,0.992562,0.888357,,,,Routine operation; no major intervention required.,Minor stoppage reviewed during shift handover.
2026-04-01 00:00:00,C,Cream 250ml,Cup,250,2026-04-01 22:00:00,2026-04-02 06:00:00,475,5,0,0,0,7600,6965,55139,54461,678,0.012296,249.92,0.558,1,0.916447368,0.987704,0.905179,,,,Routine operation; no major intervention required.,Stable run after start-up checks.
2026-04-02 00:00:00,A,UHT Milk 1L,Bottle,1000,2026-04-02 06:00:00,2026-04-02 14:00:00,450,0,10,20,0,7200,6427,48202,47759,443,0.00919,998.96,0.783,0.9375,0.892638889,0.99081,0.829158,,,,Routine operation; no major intervention required.,Operator verified recipe before production.
2026-04-02 00:00:00,B,Flavoured Milk 200ml,Bottle,200,2026-04-02 14:00:00,2026-04-02 22:00:00,462,10,8,0,0,10500,9070,69839,68999,840,0.012028,200.08,0.282,0.982978723,0.863809524,0.987972,0.838893,,,,Routine operation; no major intervention required.,Line released after QC confirmation.
2026-04-02 00:00:00,C,Drinking Yoghurt 180ml,Bottle,180,2026-04-02 22:00:00,2026-04-03 06:00:00,446,5,29,0,0,9800,9242,68698,67121,1577,0.022956,178.86,0.291,0.938947368,0.943061224,0.977044,0.865158,F005,Fill volume out of tolerance,Product temperature variation,Check filler calibration and product temperature set point.,Line released after QC confirmation.
2026-04-03 00:00:00,A,UHT Milk 500ml,Bottle,500,2026-04-03 06:00:00,2026-04-03 14:00:00,447,10,8,15,0,8800,8052,59987,59023,964,0.01607,500.41,0.548,0.95106383,0.915,0.98393,0.856239,,,,Routine operation; no major intervention required.,Line released after QC confirmation.
2026-04-03 00:00:00,B,Cream 250ml,Cup,250,2026-04-03 14:00:00,2026-04-03 22:00:00,455,15,10,0,0,7600,6705,50846,50291,555,0.010915,250.6,0.581,0.978494624,0.882236842,0.989085,0.853841,,,,Routine operation; no major intervention required.,Minor stoppage reviewed during shift handover.
2026-04-03 00:00:00,C,UHT Milk 1L,Bottle,1000,2026-04-03 22:00:00,2026-04-04 06:00:00,440,15,10,15,0,7200,6720,49280,48914,366,0.007427,1000.08,0.897,0.946236559,0.933333333,0.992573,0.876595,,,,Routine operation; no major intervention required.,Mock training record only.
2026-04-04 00:00:00,A,Flavoured Milk 200ml,Bottle,200,2026-04-04 06:00:00,2026-04-04 14:00:00,470,10,0,0,0,10500,9061,70977,70298,679,0.009566,199.91,0.23,1,0.862952381,0.990434,0.854697,,,,Routine operation; no major intervention required.,Line released after QC confirmation.
2026-04-04 00:00:00,B,Drinking Yoghurt 180ml,Bottle,180,2026-04-04 14:00:00,2026-04-04 22:00:00,440,10,0,30,0,9800,7940,58226,57110,1116,0.019167,179.77,0.163,0.936170213,0.810204082,0.980833,0.743951,,,,Routine operation; no major intervention required.,Operator verified recipe before production.
2026-04-04 00:00:00,C,UHT Milk 500ml,Bottle,500,2026-04-04 22:00:00,2026-04-05 06:00:00,370,20,0,30,60,8800,7635,47082,46595,487,0.010344,499.5,0.644,0.804347826,0.867613636,0.989656,0.690644,,,,Routine operation; no major intervention required.,Stable run after start-up checks.
2026-04-05 00:00:00,A,Cream 250ml,Cup,250,2026-04-05 06:00:00,2026-04-05 14:00:00,455,5,0,20,0,7600,6661,50512,49838,674,0.013343,250.04,0.516,0.957894737,0.876447368,0.986657,0.828342,,,,Routine operation; no major intervention required.,Minor stoppage reviewed during shift handover.
2026-04-05 00:00:00,B,UHT Milk 1L,Bottle,1000,2026-04-05 14:00:00,2026-04-05 22:00:00,450,10,0,20,0,7200,6407,48052,47542,510,0.010614,999.44,1.264,0.957446809,0.889861111,0.989386,0.842952,,,,Routine operation; no major intervention required.,Operator verified recipe before production.
2026-04-05 00:00:00,C,Flavoured Milk 200ml,Bottle,200,2026-04-05 22:00:00,2026-04-06 06:00:00,447,5,8,20,0,10500,8442,62892,61971,921,0.014644,199.22,0.403,0.941052632,0.804,0.985356,0.745527,,,,Routine operation; no major intervention required.,Mock training record only.
2026-04-06 00:00:00,A,Drinking Yoghurt 180ml,Bottle,180,2026-04-06 06:00:00,2026-04-06 14:00:00,445,15,0,20,0,9800,8834,65518,64856,662,0.010104,179.91,0.343,0.956989247,0.901428571,0.989896,0.853941,,,,Routine operation; no major intervention required.,Operator verified recipe before production.
2026-04-06 00:00:00,B,UHT Milk 500ml,Bottle,500,2026-04-06 14:00:00,2026-04-06 22:00:00,470,10,0,0,0,8800,7681,60167,59611,556,0.009241,500.34,0.582,1,0.872840909,0.990759,0.864775,,,,Routine operation; no major intervention required.,Line released after QC confirmation.
2026-04-06 00:00:00,C,Cream 250ml,Cup,250,2026-04-06 22:00:00,2026-04-07 06:00:00,449,10,21,0,0,7600,6960,52084,51294,790,0.015168,250.07,0.123,0.955319149,0.915789474,0.984832,0.861601,F004,Conveyor back pressure,Downstream accumulation,Clear downstream blockage and reset conveyor speed balance.,Operator verified recipe before production.
2026-04-07 00:00:00,A,UHT Milk 1L,Bottle,1000,2026-04-07 06:00:00,2026-04-07 14:00:00,470,10,0,0,0,7200,6596,51668,51431,237,0.004587,997.9,1.877,1,0.916111111,0.995413,0.911909,,,,Routine operation; no major intervention required.,Mock training record only.
2026-04-07 00:00:00,B,Flavoured Milk 200ml,Bottle,200,2026-04-07 14:00:00,2026-04-07 22:00:00,440,10,10,20,0,10500,9855,72270,71591,679,0.009395,200.07,0.404,0.936170213,0.938571429,0.990605,0.870408,,,,Routine operation; no major intervention required.,Mock training record only.
2026-04-07 00:00:00,C,Drinking Yoghurt 180ml,Bottle,180,2026-04-07 22:00:00,2026-04-08 06:00:00,465,15,0,0,0,9800,8795,68161,67398,763,0.011194,179.45,0.283,1,0.89744898,0.988806,0.887403,,,,Routine operation; no major intervention required.,Operator verified recipe before production.
2026-04-08 00:00:00,A,UHT Milk 500ml,Bottle,500,2026-04-08 06:00:00,2026-04-08 14:00:00,460,0,5,15,0,8800,8577,65757,65347,410,0.006235,498.27,0.451,0.958333333,0.974659091,0.993765,0.928225,,,,Routine operation; no major intervention required.,Minor stoppage reviewed during shift handover.
2026-04-08 00:00:00,B,Cream 250ml,Cup,250,2026-04-08 14:00:00,2026-04-08 22:00:00,450,10,0,20,0,7600,7215,54112,53763,349,0.00645,249.92,0.418,0.957446809,0.949342105,0.99355,0.903082,,,,Routine operation; no major intervention required.,Stable run after start-up checks.
2026-04-08 00:00:00,C,UHT Milk 1L,Bottle,1000,2026-04-08 22:00:00,2026-04-09 06:00:00,445,10,10,15,0,7200,6538,48490,48053,437,0.009012,1000.9,1.615,0.946808511,0.908055556,0.990988,0.852007,,,,Routine operation; no major intervention required.,Line released after QC confirmation.
2026-04-09 00:00:00,A,Flavoured Milk 200ml,Bottle,200,2026-04-09 06:00:00,2026-04-09 14:00:00,445,0,15,20,0,10500,9677,71771,70296,1475,0.020551,199.52,0.231,0.927083333,0.921619048,0.979449,0.836859,F007,Label mismatch stop,Incorrect label roll loaded,"Confirm label roll, line clearance, and barcode recipe match.",Stable run after start-up checks.
2026-04-09 00:00:00,B,Drinking Yoghurt 180ml,Bottle,180,2026-04-09 14:00:00,2026-04-09 22:00:00,450,5,0,25,0,9800,9085,68137,67282,855,0.012548,180.66,0.23,0.947368421,0.927040816,0.987452,0.867229,,,,Routine operation; no major intervention required.,Mock training record only.
2026-04-09 00:00:00,C,UHT Milk 500ml,Bottle,500,2026-04-09 22:00:00,2026-04-10 06:00:00,437,10,8,25,0,8800,8032,58499,57864,635,0.010855,501.44,0.776,0.929787234,0.912727273,0.989145,0.83943,,,,Routine operation; no major intervention required.,Operator verified recipe before production.
2026-04-10 00:00:00,A,Cream 250ml,Cup,250,2026-04-10 06:00:00,2026-04-10 14:00:00,432,15,3,30,0,7600,6833,49197,48364,833,0.016932,248.29,0.286,0.929032258,0.899078947,0.983068,0.82113,F005,Fill volume out of tolerance,Product temperature variation,Check filler calibration and product temperature set point.,Minor stoppage reviewed during shift handover.
2026-04-10 00:00:00,B,UHT Milk 1L,Bottle,1000,2026-04-10 14:00:00,2026-04-10 22:00:00,467,10,3,0,0,7200,6862,53409,52709,700,0.013106,1000.39,2.164,0.993617021,0.953055556,0.986894,0.934561,F006,CIP interlock delay,Valve confirmation delay,Verify valve feedback and repeat CIP step confirmation.,Operator verified recipe before production.
2026-04-10 00:00:00,C,Flavoured Milk 200ml,Bottle,200,2026-04-10 22:00:00,2026-04-11 06:00:00,440,15,0,25,0,10500,9272,67994,67223,771,0.011339,199.94,0.298,0.946236559,0.883047619,0.988661,0.826097,,,,Routine operation; no major intervention required.,Mock training record only.
2026-04-11 00:00:00,A,Drinking Yoghurt 180ml,Bottle,180,2026-04-11 06:00:00,2026-04-11 14:00:00,440,15,0,25,0,9800,9010,66073,65515,558,0.008445,179.94,0.085,0.946236559,0.919387755,0.991555,0.862612,,,,Routine operation; no major intervention required.,Operator verified recipe before production.
2026-04-11 00:00:00,B,UHT Milk 500ml,Bottle,500,2026-04-11 14:00:00,2026-04-11 22:00:00,465,15,0,0,0,8800,7259,56257,55618,639,0.011359,499.93,1.138,1,0.824886364,0.988641,0.815516,,,,Routine operation; no major intervention required.,Minor stoppage reviewed during shift handover.
2026-04-11 00:00:00,C,Cream 250ml,Cup,250,2026-04-11 22:00:00,2026-04-12 06:00:00,385,35,0,0,60,7600,6525,41868,41155,713,0.01703,249.52,0.382,0.865168539,0.858552632,0.98297,0.730143,,,,Routine operation; no major intervention required.,Line released after QC confirmation.
2026-04-12 00:00:00,A,UHT Milk 1L,Bottle,1000,2026-04-12 06:00:00,2026-04-12 14:00:00,480,0,0,0,0,7200,6326,50608,50087,521,0.010295,996.98,1.568,1,0.878611111,0.989705,0.869566,,,,Routine operation; no major intervention required.,Stable run after start-up checks.
2026-04-12 00:00:00,B,Flavoured Milk 200ml,Bottle,200,2026-04-12 14:00:00,2026-04-12 22:00:00,465,15,0,0,0,10500,8553,66285,65181,1104,0.016655,199.75,0.185,1,0.814571429,0.983345,0.801005,,,,Routine operation; no major intervention required.,Stable run after start-up checks.
2026-04-12 00:00:00,C,Drinking Yoghurt 180ml,Bottle,180,2026-04-12 22:00:00,2026-04-13 06:00:00,455,5,0,20,0,9800,8874,67294,66568,726,0.010788,180.71,0.246,0.957894737,0.905510204,0.989212,0.858026,,,,Routine operation; no major intervention required.,Line released after QC confirmation.
2026-04-13 00:00:00,A,UHT Milk 500ml,Bottle,500,2026-04-13 06:00:00,2026-04-13 14:00:00,440,0,10,30,0,8800,8346,61204,60468,736,0.012025,500.9,0.773,0.916666667,0.948409091,0.987975,0.858921,,,,Routine operation; no major intervention required.,Operator verified recipe before production.
2026-04-13 00:00:00,B,Cream 250ml,Cup,250,2026-04-13 14:00:00,2026-04-13 22:00:00,440,10,5,25,0,7600,7309,53599,52818,781,0.014571,250.01,0.27,0.936170213,0.961710526,0.985429,0.887206,F002,Bottle sensor missed count,Photo eye blocked,Clean photo eye and confirm bottle spacing at infeed.,Stable run after start-up checks.
2026-04-13 00:00:00,C,UHT Milk 1L,Bottle,1000,2026-04-13 22:00:00,2026-04-14 06:00:00,455,10,0,15,0,7200,6207,47069,46529,540,0.011473,998.66,1.648,0.968085106,0.862083333,0.988527,0.824995,,,,Routine operation; no major intervention required.,Mock training record only.
2026-04-14 00:00:00,A,Flavoured Milk 200ml,Bottle,200,2026-04-14 06:00:00,2026-04-14 14:00:00,465,15,0,0,0,10500,9194,71253,70036,1217,0.01708,200.22,0.319,1,0.875619048,0.98292,0.860663,,,,Routine operation; no major intervention required.,Operator verified recipe before production.
2026-04-14 00:00:00,B,Drinking Yoghurt 180ml,Bottle,180,2026-04-14 14:00:00,2026-04-14 22:00:00,430,15,10,25,0,9800,8965,64249,63318,931,0.01449,180.4,0.317,0.924731183,0.914795918,0.98551,0.833683,,,,Routine operation; no major intervention required.,Stable run after start-up checks.
2026-04-14 00:00:00,C,UHT Milk 500ml,Bottle,500,2026-04-14 22:00:00,2026-04-15 06:00:00,437,15,8,20,0,8800,8131,59220,58689,531,0.008967,499.39,0.863,0.939784946,0.923977273,0.991033,0.860554,,,,Routine operation; no major intervention required.,Line released after QC confirmation.
2026-04-15 00:00:00,A,Cream 250ml,Cup,250,2026-04-15 06:00:00,2026-04-15 14:00:00,439,0,26,15,0,7600,7383,54018,52923,1095,0.020271,249.71,0.434,0.914583333,0.971447368,0.979729,0.870459,F006,CIP interlock delay,Valve confirmation delay,Verify valve feedback and repeat CIP step confirmation.,Operator verified recipe before production.
2026-04-15 00:00:00,B,UHT Milk 1L,Bottle,1000,2026-04-15 14:00:00,2026-04-15 22:00:00,450,10,0,20,0,7200,6182,46365,45752,613,0.013221,999.96,1.724,0.957446809,0.858611111,0.986779,0.811206,,,,Routine operation; no major intervention required.,Line released after QC confirmation.
2026-04-15 00:00:00,C,Flavoured Milk 200ml,Bottle,200,2026-04-15 22:00:00,2026-04-16 06:00:00,475,5,0,0,0,10500,10092,79895,79126,769,0.009625,199.79,0.259,1,0.961142857,0.990375,0.951892,,,,Routine operation; no major intervention required.,Operator verified recipe before production.
2026-04-16 00:00:00,A,Drinking Yoghurt 180ml,Bottle,180,2026-04-16 06:00:00,2026-04-16 14:00:00,465,5,10,0,0,9800,8823,68378,67682,696,0.010179,180.84,0.306,0.978947368,0.900306122,0.989821,0.872381,,,,Routine operation; no major intervention required.,Minor stoppage reviewed during shift handover.
2026-04-16 00:00:00,B,UHT Milk 500ml,Bottle,500,2026-04-16 14:00:00,2026-04-16 22:00:00,462,10,8,0,0,8800,7977,61422,61069,353,0.005747,499.19,1.396,0.982978723,0.906477273,0.994253,0.885927,,,,Routine operation; no major intervention required.,Operator verified recipe before production.
2026-04-16 00:00:00,C,Cream 250ml,Cup,250,2026-04-16 22:00:00,2026-04-17 06:00:00,406,15,29,30,0,7600,6922,46838,45679,1159,0.024745,250.5,0.391,0.87311828,0.910789474,0.975255,0.775549,F007,Label mismatch stop,Incorrect label roll loaded,"Confirm label roll, line clearance, and barcode recipe match.",Minor stoppage reviewed during shift handover.
2026-04-17 00:00:00,A,UHT Milk 1L,Bottle,1000,2026-04-17 06:00:00,2026-04-17 14:00:00,475,5,0,0,0,7200,6434,50935,50493,442,0.008678,999.86,0.716,1,0.893611111,0.991322,0.885856,,,,Routine operation; no major intervention required.,Line released after QC confirmation.
2026-04-17 00:00:00,B,Flavoured Milk 200ml,Bottle,200,2026-04-17 14:00:00,2026-04-17 22:00:00,420,5,30,25,0,10500,9125,63875,62212,1663,0.026035,200.36,0.323,0.884210526,0.869047619,0.973965,0.748415,F007,Label mismatch stop,Incorrect label roll loaded,"Confirm label roll, line clearance, and barcode recipe match.",Stable run after start-up checks.
2026-04-17 00:00:00,C,Drinking Yoghurt 180ml,Bottle,180,2026-04-17 22:00:00,2026-04-18 06:00:00,465,10,5,0,0,9800,8968,69502,68585,917,0.013194,180.06,0.201,0.989361702,0.915102041,0.986806,0.893422,,,,Routine operation; no major intervention required.,Minor stoppage reviewed during shift handover.
2026-04-18 00:00:00,A,UHT Milk 500ml,Bottle,500,2026-04-18 06:00:00,2026-04-18 14:00:00,455,15,10,0,0,8800,7095,53803,52964,839,0.015594,499.53,1.172,0.978494624,0.80625,0.984406,0.776609,,,,Routine operation; no major intervention required.,Operator verified recipe before production.
2026-04-18 00:00:00,B,Cream 250ml,Cup,250,2026-04-18 14:00:00,2026-04-18 22:00:00,450,15,0,15,0,7600,6024,45180,44292,888,0.019655,249.31,0.193,0.967741935,0.792631579,0.980345,0.751986,,,,Routine operation; no major intervention required.,Mock training record only.
2026-04-18 00:00:00,C,UHT Milk 1L,Bottle,1000,2026-04-18 22:00:00,2026-04-19 06:00:00,352,25,8,20,75,7200,6425,37693,37375,318,0.008437,998.29,1.354,0.773626374,0.892361111,0.991563,0.68453,,,,Routine operation; no major intervention required.,Operator verified recipe before production.
2026-04-19 00:00:00,A,Flavoured Milk 200ml,Bottle,200,2026-04-19 06:00:00,2026-04-19 14:00:00,440,10,10,20,0,10500,9480,69520,68545,975,0.014025,199.68,0.305,0.936170213,0.902857143,0.985975,0.833374,,,,Routine operation; no major intervention required.,Operator verified recipe before production.
2026-04-19 00:00:00,B,Drinking Yoghurt 180ml,Bottle,180,2026-04-19 14:00:00,2026-04-19 22:00:00,442,5,8,25,0,9800,7910,58270,56924,1346,0.023099,180.25,0.385,0.930526316,0.807142857,0.976901,0.733719,,,,Routine operation; no major intervention required.,Mock training record only.
2026-04-19 00:00:00,C,UHT Milk 500ml,Bottle,500,2026-04-19 22:00:00,2026-04-20 06:00:00,445,15,5,15,0,8800,7207,53451,52562,889,0.016632,500.25,0.813,0.956989247,0.818977273,0.983368,0.770717,,,,Routine operation; no major intervention required.,Operator verified recipe before production.
2026-04-20 00:00:00,A,Cream 250ml,Cup,250,2026-04-20 06:00:00,2026-04-20 14:00:00,452,10,18,0,0,7600,6862,51693,50593,1100,0.021279,250.06,0.463,0.961702128,0.902894737,0.978721,0.849839,F001,Nozzle drip detected,Nozzle seal wear,Inspect and replace nozzle seal; verify drip tray sensor.,Operator verified recipe before production.
2026-04-20 00:00:00,B,UHT Milk 1L,Bottle,1000,2026-04-20 14:00:00,2026-04-20 22:00:00,433,10,22,15,0,7200,6637,47897,46980,917,0.019145,999.21,0.991,0.921276596,0.921805556,0.980855,0.832979,F008,Air pressure low,Compressed air fluctuation,Check air header pressure and compressor dryer status.,Stable run after start-up checks.
2026-04-20 00:00:00,C,Flavoured Milk 200ml,Bottle,200,2026-04-20 22:00:00,2026-04-21 06:00:00,410,10,30,30,0,10500,9812,67048,65242,1806,0.026936,200.97,0.216,0.872340426,0.93447619,0.973064,0.793224,F005,Fill volume out of tolerance,Product temperature variation,Check filler calibration and product temperature set point.,Mock training record only.
2026-04-21 00:00:00,A,Drinking Yoghurt 180ml,Bottle,180,2026-04-21 06:00:00,2026-04-21 14:00:00,445,10,0,25,0,9800,8549,63405,62644,761,0.012002,179.46,0.334,0.946808511,0.872346939,0.987998,0.816033,,,,Routine operation; no major intervention required.,Operator verified recipe before production.
2026-04-21 00:00:00,B,UHT Milk 500ml,Bottle,500,2026-04-21 14:00:00,2026-04-21 22:00:00,428,0,27,25,0,8800,7578,54056,52725,1331,0.024623,501.41,1.028,0.891666667,0.861136364,0.975377,0.74894,F004,Conveyor back pressure,Downstream accumulation,Clear downstream blockage and reset conveyor speed balance.,Minor stoppage reviewed during shift handover.
2026-04-21 00:00:00,C,Cream 250ml,Cup,250,2026-04-21 22:00:00,2026-04-22 06:00:00,455,0,0,25,0,7600,6544,49625,48807,818,0.016484,249.93,0.357,0.947916667,0.861052632,0.983516,0.802752,,,,Routine operation; no major intervention required.,Line released after QC confirmation.
2026-04-22 00:00:00,A,UHT Milk 1L,Bottle,1000,2026-04-22 06:00:00,2026-04-22 14:00:00,455,0,0,25,0,7200,6472,49079,48472,607,0.012368,999.32,1.184,0.947916667,0.898888889,0.987632,0.841533,,,,Routine operation; no major intervention required.,Minor stoppage reviewed during shift handover.
2026-04-22 00:00:00,B,Flavoured Milk 200ml,Bottle,200,2026-04-22 14:00:00,2026-04-22 22:00:00,465,0,0,15,0,10500,10215,79166,78683,483,0.006101,200.1,0.171,0.96875,0.972857143,0.993899,0.936705,,,,Routine operation; no major intervention required.,Operator verified recipe before production.
2026-04-22 00:00:00,C,Drinking Yoghurt 180ml,Bottle,180,2026-04-22 22:00:00,2026-04-23 06:00:00,440,15,0,25,0,9800,9433,69175,68475,700,0.010119,179.75,0.207,0.946236559,0.96255102,0.989881,0.901585,,,,Routine operation; no major intervention required.,Minor stoppage reviewed during shift handover.
2026-04-23 00:00:00,A,UHT Milk 500ml,Bottle,500,2026-04-23 06:00:00,2026-04-23 14:00:00,433,15,32,0,0,8800,8014,57834,56625,1209,0.020905,500.21,0.868,0.931182796,0.910681818,0.979095,0.830284,F006,CIP interlock delay,Valve confirmation delay,Verify valve feedback and repeat CIP step confirmation.,Operator verified recipe before production.
2026-04-23 00:00:00,B,Cream 250ml,Cup,250,2026-04-23 14:00:00,2026-04-23 22:00:00,470,10,0,0,0,7600,7279,57018,56521,497,0.008717,250.12,0.291,1,0.957763158,0.991283,0.949414,,,,Routine operation; no major intervention required.,Line released after QC confirmation.
2026-04-23 00:00:00,C,UHT Milk 1L,Bottle,1000,2026-04-23 22:00:00,2026-04-24 06:00:00,425,15,25,15,0,7200,6792,48110,47217,893,0.018562,998.89,1.869,0.913978495,0.943333333,0.981438,0.846182,F008,Air pressure low,Compressed air fluctuation,Check air header pressure and compressor dryer status.,Line released after QC confirmation.
2026-04-24 00:00:00,A,Flavoured Milk 200ml,Bottle,200,2026-04-24 06:00:00,2026-04-24 14:00:00,457,0,8,15,0,10500,9833,74894,74330,564,0.007531,199.8,0.532,0.952083333,0.93647619,0.992469,0.884889,,,,Routine operation; no major intervention required.,Line released after QC confirmation.
2026-04-24 00:00:00,B,Drinking Yoghurt 180ml,Bottle,180,2026-04-24 14:00:00,2026-04-24 22:00:00,444,15,21,0,0,9800,9019,66740,65438,1302,0.019509,179.82,0.247,0.95483871,0.920306122,0.980491,0.8616,F007,Label mismatch stop,Incorrect label roll loaded,"Confirm label roll, line clearance, and barcode recipe match.",Mock training record only.
2026-04-24 00:00:00,C,UHT Milk 500ml,Bottle,500,2026-04-24 22:00:00,2026-04-25 06:00:00,445,10,0,25,0,8800,7615,56477,55631,846,0.01498,499.96,0.718,0.946808511,0.865340909,0.98502,0.807039,,,,Routine operation; no major intervention required.,Stable run after start-up checks.
2026-04-25 00:00:00,A,Cream 250ml,Cup,250,2026-04-25 06:00:00,2026-04-25 14:00:00,441,15,24,0,0,7600,6712,49333,48321,1012,0.020514,249.99,0.243,0.948387097,0.883157895,0.979486,0.820394,F006,CIP interlock delay,Valve confirmation delay,Verify valve feedback and repeat CIP step confirmation.,Mock training record only.
2026-04-25 00:00:00,B,UHT Milk 1L,Bottle,1000,2026-04-25 14:00:00,2026-04-25 22:00:00,413,5,37,25,0,7200,6055,41678,40529,1149,0.027569,1001.2,2.396,0.869473684,0.840972222,0.972431,0.711045,F007,Label mismatch stop,Incorrect label roll loaded,"Confirm label roll, line clearance, and barcode recipe match.",Stable run after start-up checks.
2026-04-25 00:00:00,C,Flavoured Milk 200ml,Bottle,200,2026-04-25 22:00:00,2026-04-26 06:00:00,380,35,5,0,60,10500,8653,54802,53942,860,0.015693,200.5,0.363,0.853932584,0.824095238,0.984307,0.692678,,,,Routine operation; no major intervention required.,Minor stoppage reviewed during shift handover.
2026-04-26 00:00:00,A,Drinking Yoghurt 180ml,Bottle,180,2026-04-26 06:00:00,2026-04-26 14:00:00,465,0,0,15,0,9800,7773,60240,59360,880,0.014608,180.23,0.251,0.96875,0.793163265,0.985392,0.757152,,,,Routine operation; no major intervention required.,Operator verified recipe before production.
2026-04-26 00:00:00,B,UHT Milk 500ml,Bottle,500,2026-04-26 14:00:00,2026-04-26 22:00:00,435,15,10,20,0,8800,7119,51612,50765,847,0.016411,499.99,0.812,0.935483871,0.808977273,0.983589,0.744366,,,,Routine operation; no major intervention required.,Mock training record only.
2026-04-26 00:00:00,C,Cream 250ml,Cup,250,2026-04-26 22:00:00,2026-04-27 06:00:00,430,15,5,30,0,7600,6043,43308,42585,723,0.016694,250.28,0.272,0.924731183,0.795131579,0.983306,0.723008,,,,Routine operation; no major intervention required.,Operator verified recipe before production.
2026-04-27 00:00:00,A,UHT Milk 1L,Bottle,1000,2026-04-27 06:00:00,2026-04-27 14:00:00,426,15,9,30,0,7200,6400,45440,44489,951,0.020929,1001.01,0.94,0.916129032,0.888888889,0.979071,0.797294,F006,CIP interlock delay,Valve confirmation delay,Verify valve feedback and repeat CIP step confirmation.,Stable run after start-up checks.
2026-04-27 00:00:00,B,Flavoured Milk 200ml,Bottle,200,2026-04-27 14:00:00,2026-04-27 22:00:00,428,15,17,20,0,10500,9903,70641,68948,1693,0.023966,200.52,0.392,0.920430108,0.943142857,0.976034,0.847292,F004,Conveyor back pressure,Downstream accumulation,Clear downstream blockage and reset conveyor speed balance.,Operator verified recipe before production.
2026-04-27 00:00:00,C,Drinking Yoghurt 180ml,Bottle,180,2026-04-27 22:00:00,2026-04-28 06:00:00,446,5,9,20,0,9800,8291,61629,59979,1650,0.026773,180.08,0.321,0.938947368,0.846020408,0.973227,0.773101,F002,Bottle sensor missed count,Photo eye blocked,Clean photo eye and confirm bottle spacing at infeed.,Stable run after start-up checks.
2026-04-28 00:00:00,A,UHT Milk 500ml,Bottle,500,2026-04-28 06:00:00,2026-04-28 14:00:00,460,0,0,20,0,8800,8093,62046,61478,568,0.009154,500.67,0.631,0.958333333,0.919659091,0.990846,0.873272,,,,Routine operation; no major intervention required.,Mock training record only.
2026-04-28 00:00:00,B,Cream 250ml,Cup,250,2026-04-28 14:00:00,2026-04-28 22:00:00,440,10,5,25,0,7600,6911,50680,49912,768,0.015154,249.58,0.419,0.936170213,0.909342105,0.984846,0.838398,,,,Routine operation; no major intervention required.,Minor stoppage reviewed during shift handover.
2026-04-28 00:00:00,C,UHT Milk 1L,Bottle,1000,2026-04-28 22:00:00,2026-04-29 06:00:00,460,0,0,20,0,7200,6732,51612,51182,430,0.008331,1001.19,0.415,0.958333333,0.935,0.991669,0.888577,,,,Routine operation; no major intervention required.,Minor stoppage reviewed during shift handover.
2026-04-29 00:00:00,A,Flavoured Milk 200ml,Bottle,200,2026-04-29 06:00:00,2026-04-29 14:00:00,422,0,43,15,0,10500,9677,68061,66316,1745,0.025639,200.88,0.175,0.879166667,0.921619048,0.974361,0.789483,F001,Nozzle drip detected,Nozzle seal wear,Inspect and replace nozzle seal; verify drip tray sensor.,Stable run after start-up checks.
2026-04-29 00:00:00,B,Drinking Yoghurt 180ml,Bottle,180,2026-04-29 14:00:00,2026-04-29 22:00:00,455,0,0,25,0,9800,8575,65027,63897,1130,0.017377,179.44,0.173,0.947916667,0.875,0.982623,0.815014,,,,Routine operation; no major intervention required.,Line released after QC confirmation.
2026-04-29 00:00:00,C,UHT Milk 500ml,Bottle,500,2026-04-29 22:00:00,2026-04-30 06:00:00,450,15,0,15,0,8800,7443,55822,55259,563,0.010086,499.07,0.914,0.967741935,0.845795455,0.989914,0.810256,,,,Routine operation; no major intervention required.,Mock training record only.
2026-04-30 00:00:00,A,Cream 250ml,Cup,250,2026-04-30 06:00:00,2026-04-30 14:00:00,427,15,23,15,0,7600,6921,49254,48038,1216,0.024688,250.07,0.126,0.91827957,0.910657895,0.975312,0.815593,F006,CIP interlock delay,Valve confirmation delay,Verify valve feedback and repeat CIP step confirmation.,Operator verified recipe before production.
2026-04-30 00:00:00,B,UHT Milk 1L,Bottle,1000,2026-04-30 14:00:00,2026-04-30 22:00:00,455,10,0,15,0,7200,7078,53674,53380,294,0.005478,1001.02,1.21,0.968085106,0.983055556,0.994522,0.946468,,,,Routine operation; no major intervention required.,Operator verified recipe before production.
2026-04-30 00:00:00,C,Flavoured Milk 200ml,Bottle,200,2026-04-30 22:00:00,2026-05-01 06:00:00,465,5,10,0,0,10500,9677,74996,74042,954,0.012721,200.16,0.28,0.978947368,0.921619048,0.987279,0.890739,,,,Routine operation; no major intervention required.,Mock training record only.
2026-05-01 00:00:00,A,Drinking Yoghurt 180ml,Bottle,180,2026-05-01 06:00:00,2026-05-01 14:00:00,440,40,0,0,0,9800,8532,62568,61778,790,0.012626,180.11,0.286,1,0.870612245,0.987374,0.85962,,,,Routine operation; no major intervention required.,Stable run after start-up checks.
2026-05-01 00:00:00,B,UHT Milk 500ml,Bottle,500,2026-05-01 14:00:00,2026-05-01 22:00:00,455,0,5,20,0,8800,7966,60408,59855,553,0.009154,501.48,0.697,0.947916667,0.905227273,0.990846,0.850225,,,,Routine operation; no major intervention required.,Stable run after start-up checks.
2026-05-01 00:00:00,C,Cream 250ml,Cup,250,2026-05-01 22:00:00,2026-05-02 06:00:00,465,0,0,15,0,7600,7016,54374,53717,657,0.012083,250.42,0.323,0.96875,0.923157895,0.987917,0.883503,,,,Routine operation; no major intervention required.,Minor stoppage reviewed during shift handover.
2026-05-02 00:00:00,A,UHT Milk 1L,Bottle,1000,2026-05-02 06:00:00,2026-05-02 14:00:00,432,15,8,25,0,7200,6040,43488,42793,695,0.015981,998.49,1.52,0.929032258,0.838888889,0.984019,0.7669,,,,Routine operation; no major intervention required.,Operator verified recipe before production.
2026-05-02 00:00:00,B,Flavoured Milk 200ml,Bottle,200,2026-05-02 14:00:00,2026-05-02 22:00:00,450,10,5,15,0,10500,8613,64597,63604,993,0.015372,199.39,0.264,0.957446809,0.820285714,0.984628,0.773307,,,,Routine operation; no major intervention required.,Operator verified recipe before production.
2026-05-02 00:00:00,C,Drinking Yoghurt 180ml,Bottle,180,2026-05-02 22:00:00,2026-05-03 06:00:00,355,35,0,15,75,9800,8761,51835,51127,708,0.013659,180,0.4,0.797752809,0.893979592,0.986341,0.703433,,,,Routine operation; no major intervention required.,Minor stoppage reviewed during shift handover.
2026-05-03 00:00:00,A,UHT Milk 500ml,Bottle,500,2026-05-03 06:00:00,2026-05-03 14:00:00,480,0,0,0,0,8800,7695,61560,60999,561,0.009113,500.41,0.655,1,0.874431818,0.990887,0.866463,,,,Routine operation; no major intervention required.,Minor stoppage reviewed during shift handover.
2026-05-03 00:00:00,B,Cream 250ml,Cup,250,2026-05-03 14:00:00,2026-05-03 22:00:00,431,15,34,0,0,7600,6327,45448,44402,1046,0.023015,249.24,0.337,0.92688172,0.8325,0.976985,0.75387,F001,Nozzle drip detected,Nozzle seal wear,Inspect and replace nozzle seal; verify drip tray sensor.,Minor stoppage reviewed during shift handover.
2026-05-03 00:00:00,C,UHT Milk 1L,Bottle,1000,2026-05-03 22:00:00,2026-05-04 06:00:00,445,15,5,15,0,7200,6394,47422,46817,605,0.012758,998.95,1.147,0.956989247,0.888055556,0.987242,0.839017,,,,Routine operation; no major intervention required.,Stable run after start-up checks.
2026-05-04 00:00:00,A,Flavoured Milk 200ml,Bottle,200,2026-05-04 06:00:00,2026-05-04 14:00:00,432,15,8,25,0,10500,9854,70948,70070,878,0.012375,199.57,0.42,0.929032258,0.93847619,0.987625,0.861085,,,,Routine operation; no major intervention required.,Mock training record only.
2026-05-04 00:00:00,B,Drinking Yoghurt 180ml,Bottle,180,2026-05-04 14:00:00,2026-05-04 22:00:00,480,0,0,0,0,9800,8847,70776,69982,794,0.011218,179.53,0.398,1,0.902755102,0.988782,0.892628,,,,Routine operation; no major intervention required.,Line released after QC confirmation.
2026-05-04 00:00:00,C,UHT Milk 500ml,Bottle,500,2026-05-04 22:00:00,2026-05-05 06:00:00,453,0,27,0,0,8800,7932,59886,58637,1249,0.020856,496.46,0.809,0.94375,0.901363636,0.979144,0.832921,F005,Fill volume out of tolerance,Product temperature variation,Check filler calibration and product temperature set point.,Line released after QC confirmation.
2026-05-05 00:00:00,A,Cream 250ml,Cup,250,2026-05-05 06:00:00,2026-05-05 14:00:00,460,5,0,15,0,7600,7181,55054,54318,736,0.013369,249.9,0.628,0.968421053,0.944868421,0.986631,0.902797,,,,Routine operation; no major intervention required.,Minor stoppage reviewed during shift handover.
2026-05-05 00:00:00,B,UHT Milk 1L,Bottle,1000,2026-05-05 14:00:00,2026-05-05 22:00:00,442,5,8,25,0,7200,6911,50911,50552,359,0.007052,998.15,1.443,0.930526316,0.959861111,0.992948,0.886877,,,,Routine operation; no major intervention required.,Line released after QC confirmation.
2026-05-05 00:00:00,C,Flavoured Milk 200ml,Bottle,200,2026-05-05 22:00:00,2026-05-06 06:00:00,444,5,6,25,0,10500,9633,71284,70178,1106,0.015515,200.07,0.362,0.934736842,0.917428571,0.984485,0.844249,F002,Bottle sensor missed count,Photo eye blocked,Clean photo eye and confirm bottle spacing at infeed.,Minor stoppage reviewed during shift handover.
2026-05-06 00:00:00,A,Drinking Yoghurt 180ml,Bottle,180,2026-05-06 06:00:00,2026-05-06 14:00:00,455,10,0,15,0,9800,9656,73224,72687,537,0.007334,179.9,0.338,0.968085106,0.985306122,0.992666,0.946865,,,,Routine operation; no major intervention required.,Operator verified recipe before production.
2026-05-06 00:00:00,B,UHT Milk 500ml,Bottle,500,2026-05-06 14:00:00,2026-05-06 22:00:00,460,10,10,0,0,8800,8307,63687,63040,647,0.010159,500.57,0.459,0.978723404,0.943977273,0.989841,0.914507,,,,Routine operation; no major intervention required.,Stable run after start-up checks.
2026-05-06 00:00:00,C,Cream 250ml,Cup,250,2026-05-06 22:00:00,2026-05-07 06:00:00,453,10,17,0,0,7600,7088,53514,52679,835,0.015603,249.6,0.465,0.963829787,0.932631579,0.984397,0.884873,F005,Fill volume out of tolerance,Product temperature variation,Check filler calibration and product temperature set point.,Stable run after start-up checks.
2026-05-07 00:00:00,A,UHT Milk 1L,Bottle,1000,2026-05-07 06:00:00,2026-05-07 14:00:00,455,15,10,0,0,7200,6135,46523,45850,673,0.014466,1001.99,1.366,0.978494624,0.852083333,0.985534,0.821698,,,,Routine operation; no major intervention required.,Minor stoppage reviewed during shift handover.
2026-05-07 00:00:00,B,Flavoured Milk 200ml,Bottle,200,2026-05-07 14:00:00,2026-05-07 22:00:00,472,0,8,0,0,10500,9200,72373,71648,725,0.010018,199.81,0.303,0.983333333,0.876190476,0.989982,0.852956,,,,Routine operation; no major intervention required.,Stable run after start-up checks.
2026-05-07 00:00:00,C,Drinking Yoghurt 180ml,Bottle,180,2026-05-07 22:00:00,2026-05-08 06:00:00,426,15,9,30,0,9800,8880,63048,61966,1082,0.017162,179.65,0.345,0.916129032,0.906122449,0.982838,0.815878,F006,CIP interlock delay,Valve confirmation delay,Verify valve feedback and repeat CIP step confirmation.,Operator verified recipe before production.
2026-05-08 00:00:00,A,UHT Milk 500ml,Bottle,500,2026-05-08 06:00:00,2026-05-08 14:00:00,441,5,34,0,0,8800,7987,58704,57221,1483,0.025262,499.16,0.878,0.928421053,0.907613636,0.974738,0.821361,F008,Air pressure low,Compressed air fluctuation,Check air header pressure and compressor dryer status.,Stable run after start-up checks.
2026-05-08 00:00:00,B,Cream 250ml,Cup,250,2026-05-08 14:00:00,2026-05-08 22:00:00,435,15,0,30,0,7600,6442,46704,45961,743,0.015909,249.59,0.184,0.935483871,0.847631579,0.984091,0.780331,,,,Routine operation; no major intervention required.,Minor stoppage reviewed during shift handover.
2026-05-08 00:00:00,C,UHT Milk 1L,Bottle,1000,2026-05-08 22:00:00,2026-05-09 06:00:00,462,10,8,0,0,7200,6448,49649,49040,609,0.012266,1001.13,1.287,0.982978723,0.895555556,0.987734,0.869514,F001,Nozzle drip detected,Nozzle seal wear,Inspect and replace nozzle seal; verify drip tray sensor.,Mock training record only.
2026-05-09 00:00:00,A,Flavoured Milk 200ml,Bottle,200,2026-05-09 06:00:00,2026-05-09 14:00:00,424,5,26,25,0,10500,9016,63713,62178,1535,0.024092,199.78,0.185,0.892631579,0.858666667,0.975908,0.748007,F008,Air pressure low,Compressed air fluctuation,Check air header pressure and compressor dryer status.,Stable run after start-up checks.
2026-05-09 00:00:00,B,Drinking Yoghurt 180ml,Bottle,180,2026-05-09 14:00:00,2026-05-09 22:00:00,440,10,30,0,0,9800,8724,63976,62316,1660,0.025947,180.41,0.374,0.936170213,0.890204082,0.974053,0.811759,F004,Conveyor back pressure,Downstream accumulation,Clear downstream blockage and reset conveyor speed balance.,Line released after QC confirmation.
2026-05-09 00:00:00,C,UHT Milk 500ml,Bottle,500,2026-05-09 22:00:00,2026-05-10 06:00:00,360,30,0,30,60,8800,7978,47868,47194,674,0.01408,499.98,0.725,0.8,0.906590909,0.98592,0.715061,,,,Routine operation; no major intervention required.,Mock training record only.
2026-05-10 00:00:00,A,Cream 250ml,Cup,250,2026-05-10 06:00:00,2026-05-10 14:00:00,455,0,10,15,0,7600,6523,49466,48758,708,0.014313,250.67,0.359,0.947916667,0.858289474,0.985687,0.801942,,,,Routine operation; no major intervention required.,Line released after QC confirmation.
2026-05-10 00:00:00,B,UHT Milk 1L,Bottle,1000,2026-05-10 14:00:00,2026-05-10 22:00:00,465,15,0,0,0,7200,6377,49421,48904,517,0.010461,1001.76,1.706,1,0.885694444,0.989539,0.876429,,,,Routine operation; no major intervention required.,Mock training record only.
2026-05-10 00:00:00,C,Flavoured Milk 200ml,Bottle,200,2026-05-10 22:00:00,2026-05-11 06:00:00,470,10,0,0,0,10500,9489,74330,73489,841,0.011314,199.08,0.265,1,0.903714286,0.988686,0.89349,,,,Routine operation; no major intervention required.,Minor stoppage reviewed during shift handover.
2026-05-11 00:00:00,A,Drinking Yoghurt 180ml,Bottle,180,2026-05-11 06:00:00,2026-05-11 14:00:00,465,5,10,0,0,9800,8519,66022,65284,738,0.011178,179.93,0.233,0.978947368,0.869285714,0.988822,0.841473,,,,Routine operation; no major intervention required.,Stable run after start-up checks.
2026-05-11 00:00:00,B,UHT Milk 500ml,Bottle,500,2026-05-11 14:00:00,2026-05-11 22:00:00,465,15,0,0,0,8800,8189,63464,62917,547,0.008619,500.31,0.889,1,0.930568182,0.991381,0.922548,,,,Routine operation; no major intervention required.,Stable run after start-up checks.
2026-05-11 00:00:00,C,Cream 250ml,Cup,250,2026-05-11 22:00:00,2026-05-12 06:00:00,440,5,35,0,0,7600,6716,49250,47993,1257,0.025523,249.63,0.216,0.926315789,0.883684211,0.974477,0.797678,F004,Conveyor back pressure,Downstream accumulation,Clear downstream blockage and reset conveyor speed balance.,Minor stoppage reviewed during shift handover.
2026-05-12 00:00:00,A,UHT Milk 1L,Bottle,1000,2026-05-12 06:00:00,2026-05-12 14:00:00,427,15,8,30,0,7200,6350,45190,44670,520,0.011507,1000.28,2.225,0.91827957,0.881944444,0.988493,0.800552,,,,Routine operation; no major intervention required.,Line released after QC confirmation.
2026-05-12 00:00:00,B,Flavoured Milk 200ml,Bottle,200,2026-05-12 14:00:00,2026-05-12 22:00:00,464,5,11,0,0,10500,8960,69290,68020,1270,0.018329,200.2,0.273,0.976842105,0.853333333,0.981671,0.818293,F007,Label mismatch stop,Incorrect label roll loaded,"Confirm label roll, line clearance, and barcode recipe match.",Mock training record only.
2026-05-12 00:00:00,C,Drinking Yoghurt 180ml,Bottle,180,2026-05-12 22:00:00,2026-05-13 06:00:00,392,15,43,30,0,9800,8364,54644,52949,1695,0.031019,180.65,0.185,0.843010753,0.853469388,0.968981,0.697166,F006,CIP interlock delay,Valve confirmation delay,Verify valve feedback and repeat CIP step confirmation.,Minor stoppage reviewed during shift handover.
2026-05-13 00:00:00,A,UHT Milk 500ml,Bottle,500,2026-05-13 06:00:00,2026-05-13 14:00:00,435,10,10,25,0,8800,8020,58145,57483,662,0.011385,501.95,0.878,0.925531915,0.911363636,0.988615,0.833893,,,,Routine operation; no major intervention required.,Mock training record only.
2026-05-13 00:00:00,B,Cream 250ml,Cup,250,2026-05-13 14:00:00,2026-05-13 22:00:00,460,0,5,15,0,7600,7225,55391,54902,489,0.008828,249.82,0.228,0.958333333,0.950657895,0.991172,0.903004,,,,Routine operation; no major intervention required.,Minor stoppage reviewed during shift handover.
2026-05-13 00:00:00,C,UHT Milk 1L,Bottle,1000,2026-05-13 22:00:00,2026-05-14 06:00:00,480,0,0,0,0,7200,6831,54648,54365,283,0.005179,1001.29,1.404,1,0.94875,0.994821,0.943836,,,,Routine operation; no major intervention required.,Stable run after start-up checks.
2026-05-14 00:00:00,A,Flavoured Milk 200ml,Bottle,200,2026-05-14 06:00:00,2026-05-14 14:00:00,437,15,8,20,0,10500,9015,65659,64574,1085,0.016525,199.39,0.224,0.939784946,0.858571429,0.983475,0.793539,,,,Routine operation; no major intervention required.,Minor stoppage reviewed during shift handover.
2026-05-14 00:00:00,B,Drinking Yoghurt 180ml,Bottle,180,2026-05-14 14:00:00,2026-05-14 22:00:00,443,5,17,15,0,9800,9362,69122,67858,1264,0.018287,180.03,0.167,0.932631579,0.955306122,0.981713,0.874656,F004,Conveyor back pressure,Downstream accumulation,Clear downstream blockage and reset conveyor speed balance.,Mock training record only.
2026-05-14 00:00:00,C,UHT Milk 500ml,Bottle,500,2026-05-14 22:00:00,2026-05-15 06:00:00,435,5,10,30,0,8800,8605,62386,61731,655,0.010499,501,0.854,0.915789474,0.977840909,0.989501,0.886095,,,,Routine operation; no major intervention required.,Stable run after start-up checks.
2026-05-15 00:00:00,A,Cream 250ml,Cup,250,2026-05-15 06:00:00,2026-05-15 14:00:00,453,10,17,0,0,7600,7333,55364,54257,1107,0.019995,249.34,0.362,0.963829787,0.964868421,0.980005,0.911374,F007,Label mismatch stop,Incorrect label roll loaded,"Confirm label roll, line clearance, and barcode recipe match.",Minor stoppage reviewed during shift handover.
2026-05-15 00:00:00,B,UHT Milk 1L,Bottle,1000,2026-05-15 14:00:00,2026-05-15 22:00:00,462,10,8,0,0,7200,6724,51774,51335,439,0.008479,1002.76,0.639,0.982978723,0.933888889,0.991521,0.910209,,,,Routine operation; no major intervention required.,Minor stoppage reviewed during shift handover.
2026-05-15 00:00:00,C,Flavoured Milk 200ml,Bottle,200,2026-05-15 22:00:00,2026-05-16 06:00:00,437,10,8,25,0,10500,9547,69533,68330,1203,0.017301,199.55,0.29,0.929787234,0.909238095,0.982699,0.830772,,,,Routine operation; no major intervention required.,Mock training record only.
2026-05-16 00:00:00,A,Drinking Yoghurt 180ml,Bottle,180,2026-05-16 06:00:00,2026-05-16 14:00:00,470,10,0,0,0,9800,8353,65431,64692,739,0.011294,180,0.355,1,0.852346939,0.988706,0.842721,,,,Routine operation; no major intervention required.,Mock training record only.
2026-05-16 00:00:00,B,UHT Milk 500ml,Bottle,500,2026-05-16 14:00:00,2026-05-16 22:00:00,450,0,0,30,0,8800,7140,53550,52584,966,0.018039,500.63,0.868,0.9375,0.811363636,0.981961,0.746932,,,,Routine operation; no major intervention required.,Operator verified recipe before production.
2026-05-16 00:00:00,C,Cream 250ml,Cup,250,2026-05-16 22:00:00,2026-05-17 06:00:00,380,30,10,0,60,7600,6396,40508,39941,567,0.013997,250.13,0.242,0.844444444,0.841578947,0.986003,0.700719,,,,Routine operation; no major intervention required.,Line released after QC confirmation.
2026-05-17 00:00:00,A,UHT Milk 1L,Bottle,1000,2026-05-17 06:00:00,2026-05-17 14:00:00,426,15,24,15,0,7200,6331,44950,43773,1177,0.026185,1001.73,1.732,0.916129032,0.879305556,0.973815,0.784464,F008,Air pressure low,Compressed air fluctuation,Check air header pressure and compressor dryer status.,Mock training record only.
2026-05-17 00:00:00,B,Flavoured Milk 200ml,Bottle,200,2026-05-17 14:00:00,2026-05-17 22:00:00,399,15,41,25,0,10500,9387,62423,60467,1956,0.031335,200.11,0.27,0.858064516,0.894,0.968665,0.743072,F007,Label mismatch stop,Incorrect label roll loaded,"Confirm label roll, line clearance, and barcode recipe match.",Operator verified recipe before production.
2026-05-17 00:00:00,C,Drinking Yoghurt 180ml,Bottle,180,2026-05-17 22:00:00,2026-05-18 06:00:00,445,15,0,20,0,9800,7882,58458,57728,730,0.012488,179.62,0.308,0.956989247,0.804285714,0.987512,0.760081,,,,Routine operation; no major intervention required.,Stable run after start-up checks.
2026-05-18 00:00:00,A,UHT Milk 500ml,Bottle,500,2026-05-18 06:00:00,2026-05-18 14:00:00,430,10,10,30,0,8800,7971,57125,56581,544,0.009523,500.15,0.696,0.914893617,0.905795455,0.990477,0.820815,,,,Routine operation; no major intervention required.,Mock training record only.
2026-05-18 00:00:00,B,Cream 250ml,Cup,250,2026-05-18 14:00:00,2026-05-18 22:00:00,457,0,23,0,0,7600,6614,50376,49124,1252,0.024853,250.41,0.279,0.952083333,0.870263158,0.975147,0.807971,F007,Label mismatch stop,Incorrect label roll loaded,"Confirm label roll, line clearance, and barcode recipe match.",Mock training record only.
2026-05-18 00:00:00,C,UHT Milk 1L,Bottle,1000,2026-05-18 22:00:00,2026-05-19 06:00:00,412,10,33,25,0,7200,6908,47434,46367,1067,0.022494,1000.52,1.097,0.876595745,0.959444444,0.977506,0.822126,F002,Bottle sensor missed count,Photo eye blocked,Clean photo eye and confirm bottle spacing at infeed.,Stable run after start-up checks.
2026-05-19 00:00:00,A,Flavoured Milk 200ml,Bottle,200,2026-05-19 06:00:00,2026-05-19 14:00:00,470,0,10,0,0,10500,9072,71064,70071,993,0.013973,200.51,0.275,0.979166667,0.864,0.986027,0.834179,,,,Routine operation; no major intervention required.,Stable run after start-up checks.
2026-05-19 00:00:00,B,Drinking Yoghurt 180ml,Bottle,180,2026-05-19 14:00:00,2026-05-19 22:00:00,440,10,5,25,0,9800,8418,61732,60816,916,0.014838,179.62,0.259,0.936170213,0.858979592,0.985162,0.792219,,,,Routine operation; no major intervention required.,Stable run after start-up checks.
2026-05-19 00:00:00,C,UHT Milk 500ml,Bottle,500,2026-05-19 22:00:00,2026-05-20 06:00:00,480,0,0,0,0,8800,8577,68616,68175,441,0.006427,498.98,0.641,1,0.974659091,0.993573,0.968395,,,,Routine operation; no major intervention required.,Line released after QC confirmation.
2026-05-20 00:00:00,A,Cream 250ml,Cup,250,2026-05-20 06:00:00,2026-05-20 14:00:00,419,15,31,15,0,7600,6766,47249,45950,1299,0.027493,251.67,0.494,0.901075269,0.890263158,0.972507,0.780139,F005,Fill volume out of tolerance,Product temperature variation,Check filler calibration and product temperature set point.,Mock training record only.
2026-05-20 00:00:00,B,UHT Milk 1L,Bottle,1000,2026-05-20 14:00:00,2026-05-20 22:00:00,436,0,29,15,0,7200,7073,51397,50485,912,0.017744,998.18,1.794,0.908333333,0.982361111,0.982256,0.876478,F001,Nozzle drip detected,Nozzle seal wear,Inspect and replace nozzle seal; verify drip tray sensor.,Stable run after start-up checks.
2026-05-20 00:00:00,C,Flavoured Milk 200ml,Bottle,200,2026-05-20 22:00:00,2026-05-21 06:00:00,450,0,0,30,0,10500,10337,77527,76727,800,0.010319,201.08,0.22,0.9375,0.98447619,0.989681,0.913423,,,,Routine operation; no major intervention required.,Minor stoppage reviewed during shift handover.
2026-05-21 00:00:00,A,Drinking Yoghurt 180ml,Bottle,180,2026-05-21 06:00:00,2026-05-21 14:00:00,450,10,0,20,0,9800,8513,63847,63320,527,0.008254,179.81,0.195,0.957446809,0.868673469,0.991746,0.824844,,,,Routine operation; no major intervention required.,Stable run after start-up checks.
2026-05-21 00:00:00,B,UHT Milk 500ml,Bottle,500,2026-05-21 14:00:00,2026-05-21 22:00:00,452,0,8,20,0,8800,7666,57750,56928,822,0.014234,499.7,0.771,0.941666667,0.871136364,0.985766,0.808644,,,,Routine operation; no major intervention required.,Stable run after start-up checks.
2026-05-21 00:00:00,C,Cream 250ml,Cup,250,2026-05-21 22:00:00,2026-05-22 06:00:00,440,5,5,30,0,7600,7157,52484,51979,505,0.009622,249.41,0.375,0.926315789,0.941710526,0.990378,0.863928,,,,Routine operation; no major intervention required.,Stable run after start-up checks.
2026-05-22 00:00:00,A,UHT Milk 1L,Bottle,1000,2026-05-22 06:00:00,2026-05-22 14:00:00,450,0,30,0,0,7200,7144,53580,52575,1005,0.018757,1001.39,1.712,0.9375,0.992222222,0.981243,0.91276,F002,Bottle sensor missed count,Photo eye blocked,Clean photo eye and confirm bottle spacing at infeed.,Line released after QC confirmation.
2026-05-22 00:00:00,B,Flavoured Milk 200ml,Bottle,200,2026-05-22 14:00:00,2026-05-22 22:00:00,467,5,8,0,0,10500,9075,70633,69835,798,0.011298,199.58,0.169,0.983157895,0.864285714,0.988702,0.840129,,,,Routine operation; no major intervention required.,Minor stoppage reviewed during shift handover.
2026-05-22 00:00:00,C,Drinking Yoghurt 180ml,Bottle,180,2026-05-22 22:00:00,2026-05-23 06:00:00,467,5,8,0,0,9800,9348,72758,72294,464,0.006377,179.82,0.284,0.983157895,0.953877551,0.993623,0.931832,,,,Routine operation; no major intervention required.,Operator verified recipe before production.
2026-05-23 00:00:00,A,UHT Milk 500ml,Bottle,500,2026-05-23 06:00:00,2026-05-23 14:00:00,457,15,8,0,0,8800,7456,56789,56053,736,0.01296,498.95,0.496,0.982795699,0.847272727,0.98704,0.821904,,,,Routine operation; no major intervention required.,Operator verified recipe before production.
2026-05-23 00:00:00,B,Cream 250ml,Cup,250,2026-05-23 14:00:00,2026-05-23 22:00:00,442,5,8,25,0,7600,6134,45187,44419,768,0.016996,250.06,0.695,0.930526316,0.807105263,0.983004,0.738268,,,,Routine operation; no major intervention required.,Minor stoppage reviewed during shift handover.
2026-05-23 00:00:00,C,UHT Milk 1L,Bottle,1000,2026-05-23 22:00:00,2026-05-24 06:00:00,317,35,28,25,75,7200,5996,31678,30933,745,0.023518,999.97,1.254,0.712359551,0.832777778,0.976482,0.579285,F006,CIP interlock delay,Valve confirmation delay,Verify valve feedback and repeat CIP step confirmation.,Operator verified recipe before production.
2026-05-24 00:00:00,A,Flavoured Milk 200ml,Bottle,200,2026-05-24 06:00:00,2026-05-24 14:00:00,434,5,41,0,0,10500,9242,66850,65348,1502,0.022468,200.09,0.388,0.913684211,0.880190476,0.977532,0.786147,F006,CIP interlock delay,Valve confirmation delay,Verify valve feedback and repeat CIP step confirmation.,Mock training record only.
2026-05-24 00:00:00,B,Drinking Yoghurt 180ml,Bottle,180,2026-05-24 14:00:00,2026-05-24 22:00:00,450,15,0,15,0,9800,9120,68400,67690,710,0.01038,180.4,0.311,0.967741935,0.930612245,0.98962,0.891244,,,,Routine operation; no major intervention required.,Line released after QC confirmation.
2026-05-24 00:00:00,C,UHT Milk 500ml,Bottle,500,2026-05-24 22:00:00,2026-05-25 06:00:00,480,0,0,0,0,8800,7768,62144,61429,715,0.011506,497.78,1.049,1,0.882727273,0.988494,0.872571,,,,Routine operation; no major intervention required.,Minor stoppage reviewed during shift handover.
2026-05-25 00:00:00,A,Cream 250ml,Cup,250,2026-05-25 06:00:00,2026-05-25 14:00:00,460,15,5,0,0,7600,7290,55890,55264,626,0.011201,248.08,0.34,0.989247312,0.959210526,0.988799,0.938268,,,,Routine operation; no major intervention required.,Minor stoppage reviewed during shift handover.
2026-05-25 00:00:00,B,UHT Milk 1L,Bottle,1000,2026-05-25 14:00:00,2026-05-25 22:00:00,455,0,5,20,0,7200,6507,49344,48854,490,0.00993,1000.82,1.237,0.947916667,0.90375,0.99007,0.848173,,,,Routine operation; no major intervention required.,Mock training record only.
2026-05-25 00:00:00,C,Flavoured Milk 200ml,Bottle,200,2026-05-25 22:00:00,2026-05-26 06:00:00,450,10,0,20,0,10500,9933,74497,73634,863,0.011584,200.4,0.258,0.957446809,0.946,0.988416,0.895253,,,,Routine operation; no major intervention required.,Operator verified recipe before production.
2026-05-26 00:00:00,A,Drinking Yoghurt 180ml,Bottle,180,2026-05-26 06:00:00,2026-05-26 14:00:00,447,5,8,20,0,9800,9049,67415,66649,766,0.011362,180.08,0.163,0.941052632,0.923367347,0.988638,0.859064,,,,Routine operation; no major intervention required.,Stable run after start-up checks.
2026-05-26 00:00:00,B,UHT Milk 500ml,Bottle,500,2026-05-26 14:00:00,2026-05-26 22:00:00,435,15,0,30,0,8800,8312,60262,59708,554,0.009193,500.19,0.829,0.935483871,0.944545455,0.990807,0.875484,,,,Routine operation; no major intervention required.,Stable run after start-up checks.
2026-05-26 00:00:00,C,Cream 250ml,Cup,250,2026-05-26 22:00:00,2026-05-27 06:00:00,435,15,0,30,0,7600,6643,48161,47364,797,0.016549,249.12,0.382,0.935483871,0.874078947,0.983451,0.804155,,,,Routine operation; no major intervention required.,Minor stoppage reviewed during shift handover.
2026-05-27 00:00:00,A,UHT Milk 1L,Bottle,1000,2026-05-27 06:00:00,2026-05-27 14:00:00,434,15,16,15,0,7200,7006,50676,49800,876,0.017286,1001.13,1.201,0.933333333,0.973055556,0.982714,0.892486,F002,Bottle sensor missed count,Photo eye blocked,Clean photo eye and confirm bottle spacing at infeed.,Stable run after start-up checks.
2026-05-27 00:00:00,B,Flavoured Milk 200ml,Bottle,200,2026-05-27 14:00:00,2026-05-27 22:00:00,480,0,0,0,0,10500,9550,76400,75715,685,0.008966,199.99,0.471,1,0.90952381,0.991034,0.901369,,,,Routine operation; no major intervention required.,Minor stoppage reviewed during shift handover.
2026-05-27 00:00:00,C,Drinking Yoghurt 180ml,Bottle,180,2026-05-27 22:00:00,2026-05-28 06:00:00,440,15,5,20,0,9800,9487,69571,68973,598,0.008596,179.92,0.272,0.946236559,0.968061224,0.991404,0.908141,,,,Routine operation; no major intervention required.,Operator verified recipe before production.
2026-05-28 00:00:00,A,UHT Milk 500ml,Bottle,500,2026-05-28 06:00:00,2026-05-28 14:00:00,435,15,0,30,0,8800,8503,61646,61168,478,0.007754,500,0.608,0.935483871,0.96625,0.992246,0.896902,,,,Routine operation; no major intervention required.,Minor stoppage reviewed during shift handover.
2026-05-28 00:00:00,B,Cream 250ml,Cup,250,2026-05-28 14:00:00,2026-05-28 22:00:00,440,10,0,30,0,7600,7537,55271,54763,508,0.009191,249.25,0.214,0.936170213,0.991710526,0.990809,0.919877,,,,Routine operation; no major intervention required.,Minor stoppage reviewed during shift handover.
2026-05-28 00:00:00,C,UHT Milk 1L,Bottle,1000,2026-05-28 22:00:00,2026-05-29 06:00:00,445,5,5,25,0,7200,6734,49943,49589,354,0.007088,1001.32,1.566,0.936842105,0.935277778,0.992912,0.869997,,,,Routine operation; no major intervention required.,Minor stoppage reviewed during shift handover.
2026-05-29 00:00:00,A,Flavoured Milk 200ml,Bottle,200,2026-05-29 06:00:00,2026-05-29 14:00:00,429,5,16,30,0,10500,9305,66530,64923,1607,0.024155,199.45,0.331,0.903157895,0.886190476,0.975845,0.781037,F002,Bottle sensor missed count,Photo eye blocked,Clean photo eye and confirm bottle spacing at infeed.,Operator verified recipe before production.
2026-05-29 00:00:00,B,Drinking Yoghurt 180ml,Bottle,180,2026-05-29 14:00:00,2026-05-29 22:00:00,465,15,0,0,0,9800,9026,69951,69344,607,0.008678,180.29,0.272,1,0.921020408,0.991322,0.913028,,,,Routine operation; no major intervention required.,Stable run after start-up checks.
2026-05-29 00:00:00,C,UHT Milk 500ml,Bottle,500,2026-05-29 22:00:00,2026-05-30 06:00:00,420,10,30,20,0,8800,8773,61411,60252,1159,0.018873,501.78,0.236,0.893617021,0.996931818,0.981127,0.874062,F001,Nozzle drip detected,Nozzle seal wear,Inspect and replace nozzle seal; verify drip tray sensor.,Mock training record only.
2026-05-30 00:00:00,A,Cream 250ml,Cup,250,2026-05-30 06:00:00,2026-05-30 14:00:00,439,10,16,15,0,7600,6265,45838,44787,1051,0.022929,249.77,0.252,0.934042553,0.824342105,0.977071,0.752316,F006,CIP interlock delay,Valve confirmation delay,Verify valve feedback and repeat CIP step confirmation.,Line released after QC confirmation.
2026-05-30 00:00:00,B,UHT Milk 1L,Bottle,1000,2026-05-30 14:00:00,2026-05-30 22:00:00,428,5,17,30,0,7200,6602,47094,46151,943,0.020024,998.96,1.521,0.901052632,0.916944444,0.979976,0.809671,F007,Label mismatch stop,Incorrect label roll loaded,"Confirm label roll, line clearance, and barcode recipe match.",Mock training record only.
2026-05-30 00:00:00,C,Flavoured Milk 200ml,Bottle,200,2026-05-30 22:00:00,2026-05-31 06:00:00,345,30,20,25,60,10500,8681,49915,48619,1296,0.025964,200.12,0.21,0.766666667,0.826761905,0.974036,0.617393,F002,Bottle sensor missed count,Photo eye blocked,Clean photo eye and confirm bottle spacing at infeed.,Mock training record only.
2026-05-31 00:00:00,A,Drinking Yoghurt 180ml,Bottle,180,2026-05-31 06:00:00,2026-05-31 14:00:00,456,0,4,20,0,9800,8906,67685,66587,1098,0.016222,178.76,0.208,0.95,0.90877551,0.983778,0.849332,F005,Fill volume out of tolerance,Product temperature variation,Check filler calibration and product temperature set point.,Minor stoppage reviewed during shift handover.
2026-05-31 00:00:00,B,UHT Milk 500ml,Bottle,500,2026-05-31 14:00:00,2026-05-31 22:00:00,406,10,34,30,0,8800,7747,52421,50812,1609,0.030694,500.57,0.72,0.863829787,0.880340909,0.969306,0.737123,F004,Conveyor back pressure,Downstream accumulation,Clear downstream blockage and reset conveyor speed balance.,Stable run after start-up checks.
2026-05-31 00:00:00,C,Cream 250ml,Cup,250,2026-05-31 22:00:00,2026-06-01 06:00:00,454,5,21,0,0,7600,7177,54305,53230,1075,0.019796,250.02,0.208,0.955789474,0.944342105,0.980204,0.884725,F007,Label mismatch stop,Incorrect label roll loaded,"Confirm label roll, line clearance, and barcode recipe match.",Mock training record only.
2026-06-01 00:00:00,A,UHT Milk 1L,Bottle,1000,2026-06-01 06:00:00,2026-06-01 14:00:00,430,30,0,20,0,7200,7045,50489,49947,542,0.010735,1000.41,1.783,0.955555556,0.978472222,0.989265,0.924948,,,,Routine operation; no major intervention required.,Operator verified recipe before production.
2026-06-01 00:00:00,B,Flavoured Milk 200ml,Bottle,200,2026-06-01 14:00:00,2026-06-01 22:00:00,465,0,0,15,0,10500,9273,71865,70841,1024,0.014249,200.39,0.316,0.96875,0.883142857,0.985751,0.843354,,,,Routine operation; no major intervention required.,Operator verified recipe before production.
2026-06-01 00:00:00,C,Drinking Yoghurt 180ml,Bottle,180,2026-06-01 22:00:00,2026-06-02 06:00:00,420,5,30,25,0,9800,9049,63343,61937,1406,0.022197,179.89,0.258,0.884210526,0.923367347,0.977803,0.798328,F002,Bottle sensor missed count,Photo eye blocked,Clean photo eye and confirm bottle spacing at infeed.,Operator verified recipe before production.
2026-06-02 00:00:00,A,UHT Milk 500ml,Bottle,500,2026-06-02 06:00:00,2026-06-02 14:00:00,421,5,39,15,0,8800,8274,58055,56785,1270,0.021876,499.5,0.51,0.886315789,0.940227273,0.978124,0.815108,F001,Nozzle drip detected,Nozzle seal wear,Inspect and replace nozzle seal; verify drip tray sensor.,Stable run after start-up checks.
2026-06-02 00:00:00,B,Cream 250ml,Cup,250,2026-06-02 14:00:00,2026-06-02 22:00:00,409,0,46,25,0,7600,6869,46823,45379,1444,0.03084,249.58,0.4,0.852083333,0.903815789,0.96916,0.746376,F007,Label mismatch stop,Incorrect label roll loaded,"Confirm label roll, line clearance, and barcode recipe match.",Line released after QC confirmation.
2026-06-02 00:00:00,C,UHT Milk 1L,Bottle,1000,2026-06-02 22:00:00,2026-06-03 06:00:00,450,15,0,15,0,7200,6834,51255,50857,398,0.007765,1000.08,1.962,0.967741935,0.949166667,0.992235,0.911416,,,,Routine operation; no major intervention required.,Minor stoppage reviewed during shift handover.
2026-06-03 00:00:00,A,Flavoured Milk 200ml,Bottle,200,2026-06-03 06:00:00,2026-06-03 14:00:00,440,10,0,30,0,10500,9571,70187,69349,838,0.01194,200.73,0.357,0.936170213,0.91152381,0.98806,0.843153,,,,Routine operation; no major intervention required.,Stable run after start-up checks.
2026-06-03 00:00:00,B,Drinking Yoghurt 180ml,Bottle,180,2026-06-03 14:00:00,2026-06-03 22:00:00,450,5,10,15,0,9800,9202,69015,68348,667,0.009665,180.21,0.201,0.947368421,0.938979592,0.990335,0.880962,,,,Routine operation; no major intervention required.,Operator verified recipe before production.
2026-06-03 00:00:00,C,UHT Milk 500ml,Bottle,500,2026-06-03 22:00:00,2026-06-04 06:00:00,445,5,0,30,0,8800,7730,57330,56876,454,0.007919,499.93,0.286,0.936842105,0.878409091,0.992081,0.816414,,,,Routine operation; no major intervention required.,Mock training record only.
2026-06-04 00:00:00,A,Cream 250ml,Cup,250,2026-06-04 06:00:00,2026-06-04 14:00:00,435,10,15,20,0,7600,7640,55390,54514,876,0.015815,250.59,0.304,0.925531915,1.005263158,0.984185,0.915689,F006,CIP interlock delay,Valve confirmation delay,Verify valve feedback and repeat CIP step confirmation.,Mock training record only.
2026-06-04 00:00:00,B,UHT Milk 1L,Bottle,1000,2026-06-04 14:00:00,2026-06-04 22:00:00,416,10,29,25,0,7200,6469,44851,44056,795,0.017725,1000.31,2.048,0.885106383,0.898472222,0.982275,0.781148,F004,Conveyor back pressure,Downstream accumulation,Clear downstream blockage and reset conveyor speed balance.,Minor stoppage reviewed during shift handover.
2026-06-04 00:00:00,C,Flavoured Milk 200ml,Bottle,200,2026-06-04 22:00:00,2026-06-05 06:00:00,450,5,5,20,0,10500,10606,79545,78943,602,0.007568,200.38,0.256,0.947368421,1.010095238,0.992432,0.94969,,,,Routine operation; no major intervention required.,Mock training record only.
2026-06-05 00:00:00,A,Drinking Yoghurt 180ml,Bottle,180,2026-06-05 06:00:00,2026-06-05 14:00:00,462,15,3,0,0,9800,9758,75136,74448,688,0.009157,180.11,0.16,0.993548387,0.995714286,0.990843,0.980231,F004,Conveyor back pressure,Downstream accumulation,Clear downstream blockage and reset conveyor speed balance.,Line released after QC confirmation.
2026-06-05 00:00:00,B,UHT Milk 500ml,Bottle,500,2026-06-05 14:00:00,2026-06-05 22:00:00,440,10,0,30,0,8800,8403,61622,61191,431,0.006994,501.08,0.619,0.936170213,0.954886364,0.993006,0.887684,,,,Routine operation; no major intervention required.,Stable run after start-up checks.
2026-06-05 00:00:00,C,Cream 250ml,Cup,250,2026-06-05 22:00:00,2026-06-06 06:00:00,441,15,24,0,0,7600,7254,53316,52298,1018,0.019094,249.64,0.444,0.948387097,0.954473684,0.980906,0.887926,F007,Label mismatch stop,Incorrect label roll loaded,"Confirm label roll, line clearance, and barcode recipe match.",Line released after QC confirmation.
2026-06-06 00:00:00,A,UHT Milk 1L,Bottle,1000,2026-06-06 06:00:00,2026-06-06 14:00:00,425,15,10,30,0,7200,6550,46395,45847,548,0.011812,1002.87,1.426,0.913978495,0.909722222,0.988188,0.821645,,,,Routine operation; no major intervention required.,Mock training record only.
2026-06-06 00:00:00,B,Flavoured Milk 200ml,Bottle,200,2026-06-06 14:00:00,2026-06-06 22:00:00,457,0,8,15,0,10500,8979,68390,67680,710,0.010382,199.9,0.302,0.952083333,0.855142857,0.989618,0.805715,,,,Routine operation; no major intervention required.,Minor stoppage reviewed during shift handover.
2026-06-06 00:00:00,C,Drinking Yoghurt 180ml,Bottle,180,2026-06-06 22:00:00,2026-06-07 06:00:00,380,25,0,15,60,9800,9023,57145,56772,373,0.006527,179.98,0.217,0.835164835,0.920714286,0.993473,0.763929,,,,Routine operation; no major intervention required.,Minor stoppage reviewed during shift handover.
2026-06-07 00:00:00,A,UHT Milk 500ml,Bottle,500,2026-06-07 06:00:00,2026-06-07 14:00:00,442,15,8,15,0,8800,8015,59043,58565,478,0.008096,500.4,1.112,0.950537634,0.910795455,0.991904,0.858736,,,,Routine operation; no major intervention required.,Stable run after start-up checks.
2026-06-07 00:00:00,B,Cream 250ml,Cup,250,2026-06-07 14:00:00,2026-06-07 22:00:00,456,0,24,0,0,7600,6867,52189,51307,882,0.0169,249.97,0.228,0.95,0.903552632,0.9831,0.843868,F007,Label mismatch stop,Incorrect label roll loaded,"Confirm label roll, line clearance, and barcode recipe match.",Line released after QC confirmation.
2026-06-07 00:00:00,C,UHT Milk 1L,Bottle,1000,2026-06-07 22:00:00,2026-06-08 06:00:00,405,5,40,30,0,7200,5887,39737,38628,1109,0.027908,1000.5,1.8,0.852631579,0.817638889,0.972092,0.677689,F001,Nozzle drip detected,Nozzle seal wear,Inspect and replace nozzle seal; verify drip tray sensor.,Operator verified recipe before production.
2026-06-08 00:00:00,A,Flavoured Milk 200ml,Bottle,200,2026-06-08 06:00:00,2026-06-08 14:00:00,450,15,0,15,0,10500,9330,69975,68918,1057,0.015105,199.76,0.145,0.967741935,0.888571429,0.984895,0.846919,,,,Routine operation; no major intervention required.,Operator verified recipe before production.
2026-06-08 00:00:00,B,Drinking Yoghurt 180ml,Bottle,180,2026-06-08 14:00:00,2026-06-08 22:00:00,436,5,9,30,0,9800,9755,70886,69988,898,0.012668,179.83,0.288,0.917894737,0.995408163,0.987332,0.902105,F004,Conveyor back pressure,Downstream accumulation,Clear downstream blockage and reset conveyor speed balance.,Mock training record only.
2026-06-08 00:00:00,C,UHT Milk 500ml,Bottle,500,2026-06-08 22:00:00,2026-06-09 06:00:00,480,0,0,0,0,8800,8550,68400,67928,472,0.006901,501.46,0.473,1,0.971590909,0.993099,0.964886,,,,Routine operation; no major intervention required.,Line released after QC confirmation.
2026-06-09 00:00:00,A,Cream 250ml,Cup,250,2026-06-09 06:00:00,2026-06-09 14:00:00,435,5,10,30,0,7600,6624,48024,47411,613,0.012764,250.51,0.464,0.915789474,0.871578947,0.987236,0.787995,,,,Routine operation; no major intervention required.,Stable run after start-up checks.
2026-06-09 00:00:00,B,UHT Milk 1L,Bottle,1000,2026-06-09 14:00:00,2026-06-09 22:00:00,465,15,0,0,0,7200,6979,54087,53797,290,0.005362,1000.3,0.24,1,0.969305556,0.994638,0.964108,,,,Routine operation; no major intervention required.,Minor stoppage reviewed during shift handover.
2026-06-09 00:00:00,C,Flavoured Milk 200ml,Bottle,200,2026-06-09 22:00:00,2026-06-10 06:00:00,428,5,27,20,0,10500,9889,70541,69122,1419,0.020116,200.26,0.292,0.901052632,0.941809524,0.979884,0.831549,F004,Conveyor back pressure,Downstream accumulation,Clear downstream blockage and reset conveyor speed balance.,Line released after QC confirmation.
2026-06-10 00:00:00,A,Drinking Yoghurt 180ml,Bottle,180,2026-06-10 06:00:00,2026-06-10 14:00:00,460,15,5,0,0,9800,9967,76413,75985,428,0.005601,179.99,0.176,0.989247312,1.017040816,0.994399,1.00047,,,,Routine operation; no major intervention required.,Mock training record only.
2026-06-10 00:00:00,B,UHT Milk 500ml,Bottle,500,2026-06-10 14:00:00,2026-06-10 22:00:00,437,15,8,20,0,8800,8271,60240,59584,656,0.01089,500.46,1.043,0.939784946,0.939886364,0.98911,0.873672,,,,Routine operation; no major intervention required.,Operator verified recipe before production.
2026-06-10 00:00:00,C,Cream 250ml,Cup,250,2026-06-10 22:00:00,2026-06-11 06:00:00,442,5,8,25,0,7600,7608,56045,55294,751,0.0134,250.3,0.51,0.930526316,1.001052632,0.9866,0.919024,,,,Routine operation; no major intervention required.,Minor stoppage reviewed during shift handover.
2026-06-11 00:00:00,A,UHT Milk 1L,Bottle,1000,2026-06-11 06:00:00,2026-06-11 14:00:00,432,10,8,30,0,7200,6312,45446,44845,601,0.013224,1000.86,1.566,0.919148936,0.876666667,0.986776,0.795132,,,,Routine operation; no major intervention required.,Operator verified recipe before production.
2026-06-11 00:00:00,B,Flavoured Milk 200ml,Bottle,200,2026-06-11 14:00:00,2026-06-11 22:00:00,472,0,8,0,0,10500,10182,80098,79497,601,0.007503,200.11,0.451,0.983333333,0.969714286,0.992497,0.946398,,,,Routine operation; no major intervention required.,Operator verified recipe before production.
2026-06-11 00:00:00,C,Drinking Yoghurt 180ml,Bottle,180,2026-06-11 22:00:00,2026-06-12 06:00:00,409,15,31,25,0,9800,9072,61840,60511,1329,0.021491,179.97,0.216,0.879569892,0.925714286,0.978509,0.796732,F004,Conveyor back pressure,Downstream accumulation,Clear downstream blockage and reset conveyor speed balance.,Minor stoppage reviewed during shift handover.
2026-06-12 00:00:00,A,UHT Milk 500ml,Bottle,500,2026-06-12 06:00:00,2026-06-12 14:00:00,455,5,0,20,0,8800,8509,64526,63951,575,0.008911,501.42,0.853,0.957894737,0.966931818,0.991089,0.917965,,,,Routine operation; no major intervention required.,Operator verified recipe before production.
2026-06-12 00:00:00,B,Cream 250ml,Cup,250,2026-06-12 14:00:00,2026-06-12 22:00:00,450,0,10,20,0,7600,6741,50557,49874,683,0.01351,249.8,0.253,0.9375,0.886973684,0.98649,0.820304,,,,Routine operation; no major intervention required.,Line released after QC confirmation.
2026-06-12 00:00:00,C,UHT Milk 1L,Bottle,1000,2026-06-12 22:00:00,2026-06-13 06:00:00,445,10,0,25,0,7200,6347,47073,46414,659,0.014,1000.05,2.428,0.946808511,0.881527778,0.986,0.822953,,,,Routine operation; no major intervention required.,Stable run after start-up checks.
2026-06-13 00:00:00,A,Flavoured Milk 200ml,Bottle,200,2026-06-13 06:00:00,2026-06-13 14:00:00,445,10,0,25,0,10500,8682,64391,63411,980,0.01522,199.7,0.205,0.946808511,0.826857143,0.98478,0.77096,,,,Routine operation; no major intervention required.,Operator verified recipe before production.
2026-06-13 00:00:00,B,Drinking Yoghurt 180ml,Bottle,180,2026-06-13 14:00:00,2026-06-13 22:00:00,472,0,8,0,0,9800,9083,71452,70478,974,0.013632,180,0.134,0.983333333,0.926836735,0.986368,0.898965,,,,Routine operation; no major intervention required.,Line released after QC confirmation.
2026-06-13 00:00:00,C,UHT Milk 500ml,Bottle,500,2026-06-13 22:00:00,2026-06-14 06:00:00,332,35,13,25,75,8800,8262,45716,45152,564,0.012337,499.56,0.707,0.746067416,0.938863636,0.987663,0.691814,F006,CIP interlock delay,Valve confirmation delay,Verify valve feedback and repeat CIP step confirmation.,Operator verified recipe before production.
2026-06-14 00:00:00,A,Cream 250ml,Cup,250,2026-06-14 06:00:00,2026-06-14 14:00:00,447,10,8,15,0,7600,7011,52231,51623,608,0.011641,250.83,0.553,0.95106383,0.9225,0.988359,0.867143,,,,Routine operation; no major intervention required.,Operator verified recipe before production.
2026-06-14 00:00:00,B,UHT Milk 1L,Bottle,1000,2026-06-14 14:00:00,2026-06-14 22:00:00,440,5,10,25,0,7200,6675,48950,48369,581,0.011869,1000.88,1.144,0.926315789,0.927083333,0.988131,0.848579,,,,Routine operation; no major intervention required.,Operator verified recipe before production.
2026-06-14 00:00:00,C,Flavoured Milk 200ml,Bottle,200,2026-06-14 22:00:00,2026-06-15 06:00:00,440,10,10,20,0,10500,9214,67569,66739,830,0.012284,200.06,0.266,0.936170213,0.87752381,0.987716,0.81142,,,,Routine operation; no major intervention required.,Mock training record only.
2026-06-15 00:00:00,A,Drinking Yoghurt 180ml,Bottle,180,2026-06-15 06:00:00,2026-06-15 14:00:00,462,10,8,0,0,9800,8794,67713,67076,637,0.009407,179.97,0.278,0.982978723,0.897346939,0.990593,0.873775,,,,Routine operation; no major intervention required.,Stable run after start-up checks.
2026-06-15 00:00:00,B,UHT Milk 500ml,Bottle,500,2026-06-15 14:00:00,2026-06-15 22:00:00,455,0,0,25,0,8800,8497,64435,63954,481,0.007465,498.42,0.967,0.947916667,0.965568182,0.992535,0.908446,,,,Routine operation; no major intervention required.,Minor stoppage reviewed during shift handover.
2026-06-15 00:00:00,C,Cream 250ml,Cup,250,2026-06-15 22:00:00,2026-06-16 06:00:00,467,5,8,0,0,7600,7147,55627,55272,355,0.006382,250.09,0.234,0.983157895,0.940394737,0.993618,0.918656,,,,Routine operation; no major intervention required.,Line released after QC confirmation.
2026-06-16 00:00:00,A,UHT Milk 1L,Bottle,1000,2026-06-16 06:00:00,2026-06-16 14:00:00,447,15,3,15,0,7200,6640,49468,48752,716,0.014474,1000.38,1.841,0.961290323,0.922222222,0.985526,0.873692,F007,Label mismatch stop,Incorrect label roll loaded,"Confirm label roll, line clearance, and barcode recipe match.",Operator verified recipe before production.
2026-06-16 00:00:00,B,Flavoured Milk 200ml,Bottle,200,2026-06-16 14:00:00,2026-06-16 22:00:00,425,15,10,30,0,10500,10639,75359,74335,1024,0.013588,200.46,0.247,0.913978495,1.013238095,0.986412,0.913494,,,,Routine operation; no major intervention required.,Line released after QC confirmation.
2026-06-16 00:00:00,C,Drinking Yoghurt 180ml,Bottle,180,2026-06-16 22:00:00,2026-06-17 06:00:00,440,15,5,20,0,9800,9797,71844,71091,753,0.010481,179.61,0.331,0.946236559,0.999693878,0.989519,0.936032,,,,Routine operation; no major intervention required.,Stable run after start-up checks.
2026-06-17 00:00:00,A,UHT Milk 500ml,Bottle,500,2026-06-17 06:00:00,2026-06-17 14:00:00,433,0,17,30,0,8800,8857,63918,63079,839,0.013126,497.37,1.063,0.902083333,1.006477273,0.986874,0.896009,F005,Fill volume out of tolerance,Product temperature variation,Check filler calibration and product temperature set point.,Minor stoppage reviewed during shift handover.
2026-06-17 00:00:00,B,Cream 250ml,Cup,250,2026-06-17 14:00:00,2026-06-17 22:00:00,442,5,33,0,0,7600,7010,51640,50547,1093,0.021166,250.03,0.277,0.930526316,0.922368421,0.978834,0.840122,F003,Cap feeder low level,Cap feed starvation,Top up cap hopper and check cap elevator feed rate.,Operator verified recipe before production.
2026-06-17 00:00:00,C,UHT Milk 1L,Bottle,1000,2026-06-17 22:00:00,2026-06-18 06:00:00,419,0,36,25,0,7200,6881,48052,47056,996,0.020728,998.15,1.361,0.872916667,0.955694444,0.979272,0.816949,F003,Cap feeder low level,Cap feed starvation,Top up cap hopper and check cap elevator feed rate.,Mock training record only.
2026-06-18 00:00:00,A,Flavoured Milk 200ml,Bottle,200,2026-06-18 06:00:00,2026-06-18 14:00:00,457,5,18,0,0,10500,9621,73279,71777,1502,0.020497,200.01,0.237,0.962105263,0.916285714,0.979503,0.863494,F007,Label mismatch stop,Incorrect label roll loaded,"Confirm label roll, line clearance, and barcode recipe match.",Stable run after start-up checks.
2026-06-18 00:00:00,B,Drinking Yoghurt 180ml,Bottle,180,2026-06-18 14:00:00,2026-06-18 22:00:00,447,5,8,20,0,9800,9995,74462,74039,423,0.005681,180.01,0.228,0.941052632,1.019897959,0.994319,0.954325,,,,Routine operation; no major intervention required.,Stable run after start-up checks.
2026-06-18 00:00:00,C,UHT Milk 500ml,Bottle,500,2026-06-18 22:00:00,2026-06-19 06:00:00,429,15,6,30,0,8800,8203,58651,57821,830,0.014152,499.7,0.499,0.922580645,0.932159091,0.985848,0.847821,F008,Air pressure low,Compressed air fluctuation,Check air header pressure and compressor dryer status.,Line released after QC confirmation.
2026-06-19 00:00:00,A,Cream 250ml,Cup,250,2026-06-19 06:00:00,2026-06-19 14:00:00,472,0,8,0,0,7600,7304,57458,56810,648,0.011278,250.37,0.518,0.983333333,0.961052632,0.988722,0.934377,,,,Routine operation; no major intervention required.,Stable run after start-up checks.
2026-06-19 00:00:00,B,UHT Milk 1L,Bottle,1000,2026-06-19 14:00:00,2026-06-19 22:00:00,432,5,23,20,0,7200,6688,48153,47127,1026,0.021307,999.51,1.364,0.909473684,0.928888889,0.978693,0.8268,F008,Air pressure low,Compressed air fluctuation,Check air header pressure and compressor dryer status.,Mock training record only.
2026-06-19 00:00:00,C,Flavoured Milk 200ml,Bottle,200,2026-06-19 22:00:00,2026-06-20 06:00:00,432,5,23,20,0,10500,10286,74059,72790,1269,0.017135,200.45,0.327,0.909473684,0.979619048,0.982865,0.875672,F007,Label mismatch stop,Incorrect label roll loaded,"Confirm label roll, line clearance, and barcode recipe match.",Minor stoppage reviewed during shift handover.
2026-06-20 00:00:00,A,Drinking Yoghurt 180ml,Bottle,180,2026-06-20 06:00:00,2026-06-20 14:00:00,464,0,16,0,0,9800,8194,63366,62106,1260,0.019884,179.75,0.278,0.966666667,0.836122449,0.980116,0.79218,F004,Conveyor back pressure,Downstream accumulation,Clear downstream blockage and reset conveyor speed balance.,Minor stoppage reviewed during shift handover.
2026-06-20 00:00:00,B,UHT Milk 500ml,Bottle,500,2026-06-20 14:00:00,2026-06-20 22:00:00,470,0,10,0,0,8800,7734,60583,60157,426,0.007032,499.62,0.638,0.979166667,0.878863636,0.992968,0.854503,,,,Routine operation; no major intervention required.,Mock training record only.
2026-06-20 00:00:00,C,Cream 250ml,Cup,250,2026-06-20 22:00:00,2026-06-21 06:00:00,359,35,26,0,60,7600,7169,42894,42075,819,0.019094,250.15,0.482,0.806741573,0.943289474,0.980906,0.74646,F004,Conveyor back pressure,Downstream accumulation,Clear downstream blockage and reset conveyor speed balance.,Minor stoppage reviewed during shift handover.
2026-06-21 00:00:00,A,UHT Milk 1L,Bottle,1000,2026-06-21 06:00:00,2026-06-21 14:00:00,465,10,5,0,0,7200,6282,48685,48441,244,0.005012,999.14,1.506,0.989361702,0.8725,0.994988,0.858892,,,,Routine operation; no major intervention required.,Minor stoppage reviewed during shift handover.
2026-06-21 00:00:00,B,Flavoured Milk 200ml,Bottle,200,2026-06-21 14:00:00,2026-06-21 22:00:00,436,5,19,20,0,10500,9902,71954,70467,1487,0.020666,200.54,0.347,0.917894737,0.943047619,0.979334,0.84773,F006,CIP interlock delay,Valve confirmation delay,Verify valve feedback and repeat CIP step confirmation.,Stable run after start-up checks.
2026-06-21 00:00:00,C,Drinking Yoghurt 180ml,Bottle,180,2026-06-21 22:00:00,2026-06-22 06:00:00,465,15,0,0,0,9800,8642,66975,66295,680,0.010153,180.05,0.303,1,0.881836735,0.989847,0.872883,,,,Routine operation; no major intervention required.,Stable run after start-up checks.
2026-06-22 00:00:00,A,UHT Milk 500ml,Bottle,500,2026-06-22 06:00:00,2026-06-22 14:00:00,465,5,10,0,0,8800,8615,66766,66309,457,0.006845,499.8,0.605,0.978947368,0.978977273,0.993155,0.951807,,,,Routine operation; no major intervention required.,Stable run after start-up checks.
2026-06-22 00:00:00,B,Cream 250ml,Cup,250,2026-06-22 14:00:00,2026-06-22 22:00:00,440,15,10,15,0,7600,6879,50446,49558,888,0.017603,249.51,0.443,0.946236559,0.905131579,0.982397,0.841392,,,,Routine operation; no major intervention required.,Minor stoppage reviewed during shift handover.
2026-06-22 00:00:00,C,UHT Milk 1L,Bottle,1000,2026-06-22 22:00:00,2026-06-23 06:00:00,437,5,8,30,0,7200,6885,50145,49563,582,0.011606,1001.52,1.647,0.92,0.95625,0.988394,0.86954,,,,Routine operation; no major intervention required.,Stable run after start-up checks.
2026-06-23 00:00:00,A,Flavoured Milk 200ml,Bottle,200,2026-06-23 06:00:00,2026-06-23 14:00:00,475,0,5,0,0,10500,9780,77425,76946,479,0.006187,199.65,0.447,0.989583333,0.931428571,0.993813,0.916023,,,,Routine operation; no major intervention required.,Minor stoppage reviewed during shift handover.
2026-06-23 00:00:00,B,Drinking Yoghurt 180ml,Bottle,180,2026-06-23 14:00:00,2026-06-23 22:00:00,452,0,8,20,0,9800,8704,65570,64564,1006,0.015342,180.32,0.24,0.941666667,0.888163265,0.984658,0.823522,,,,Routine operation; no major intervention required.,Minor stoppage reviewed during shift handover.
2026-06-23 00:00:00,C,UHT Milk 500ml,Bottle,500,2026-06-23 22:00:00,2026-06-24 06:00:00,441,0,24,15,0,8800,7860,57771,56385,1386,0.023991,499.33,0.483,0.91875,0.893181818,0.976009,0.800924,F008,Air pressure low,Compressed air fluctuation,Check air header pressure and compressor dryer status.,Mock training record only.
2026-06-24 00:00:00,A,Cream 250ml,Cup,250,2026-06-24 06:00:00,2026-06-24 14:00:00,480,0,0,0,0,7600,6916,55328,54838,490,0.008856,250.15,0.186,1,0.91,0.991144,0.901941,,,,Routine operation; no major intervention required.,Mock training record only.
2026-06-24 00:00:00,B,UHT Milk 1L,Bottle,1000,2026-06-24 14:00:00,2026-06-24 22:00:00,470,10,0,0,0,7200,7079,55452,55307,145,0.002615,998.62,2.332,1,0.983194444,0.997385,0.980623,,,,Routine operation; no major intervention required.,Stable run after start-up checks.
2026-06-24 00:00:00,C,Flavoured Milk 200ml,Bottle,200,2026-06-24 22:00:00,2026-06-25 06:00:00,433,10,17,20,0,10500,10531,75998,74856,1142,0.015027,200.11,0.255,0.921276596,1.002952381,0.984973,0.910112,F006,CIP interlock delay,Valve confirmation delay,Verify valve feedback and repeat CIP step confirmation.,Stable run after start-up checks.
2026-06-25 00:00:00,A,Drinking Yoghurt 180ml,Bottle,180,2026-06-25 06:00:00,2026-06-25 14:00:00,435,15,0,30,0,9800,9806,71093,70769,324,0.004557,180.19,0.396,0.935483871,1.000612245,0.995443,0.931791,,,,Routine operation; no major intervention required.,Minor stoppage reviewed during shift handover.
2026-06-25 00:00:00,B,UHT Milk 500ml,Bottle,500,2026-06-25 14:00:00,2026-06-25 22:00:00,417,10,23,30,0,8800,8731,60680,59390,1290,0.021259,502.76,1.083,0.887234043,0.992159091,0.978741,0.861564,F001,Nozzle drip detected,Nozzle seal wear,Inspect and replace nozzle seal; verify drip tray sensor.,Line released after QC confirmation.
2026-06-25 00:00:00,C,Cream 250ml,Cup,250,2026-06-25 22:00:00,2026-06-26 06:00:00,467,5,8,0,0,7600,6907,53759,53465,294,0.005469,249.11,0.206,0.983157895,0.908815789,0.994531,0.888623,,,,Routine operation; no major intervention required.,Minor stoppage reviewed during shift handover.
2026-06-26 00:00:00,A,UHT Milk 1L,Bottle,1000,2026-06-26 06:00:00,2026-06-26 14:00:00,440,10,0,30,0,7200,7269,53306,53132,174,0.003264,1000.35,1.123,0.936170213,1.009583333,0.996736,0.942057,,,,Routine operation; no major intervention required.,Minor stoppage reviewed during shift handover.
2026-06-26 00:00:00,B,Flavoured Milk 200ml,Bottle,200,2026-06-26 14:00:00,2026-06-26 22:00:00,435,15,5,25,0,10500,9691,70259,69528,731,0.010404,199.84,0.307,0.935483871,0.922952381,0.989596,0.854424,,,,Routine operation; no major intervention required.,Mock training record only.
2026-06-26 00:00:00,C,Drinking Yoghurt 180ml,Bottle,180,2026-06-26 22:00:00,2026-06-27 06:00:00,442,15,8,15,0,9800,9384,69128,68513,615,0.008897,179.86,0.254,0.950537634,0.95755102,0.991103,0.90209,,,,Routine operation; no major intervention required.,Operator verified recipe before production.
2026-06-27 00:00:00,A,UHT Milk 500ml,Bottle,500,2026-06-27 06:00:00,2026-06-27 14:00:00,438,15,27,0,0,8800,7557,55166,53884,1282,0.023239,501.5,0.847,0.941935484,0.85875,0.976761,0.790089,F003,Cap feeder low level,Cap feed starvation,Top up cap hopper and check cap elevator feed rate.,Line released after QC confirmation.
2026-06-27 00:00:00,B,Cream 250ml,Cup,250,2026-06-27 14:00:00,2026-06-27 22:00:00,450,15,0,15,0,7600,7155,53662,53063,599,0.011162,250.03,0.327,0.967741935,0.941447368,0.988838,0.900909,,,,Routine operation; no major intervention required.,Stable run after start-up checks.
2026-06-27 00:00:00,C,UHT Milk 1L,Bottle,1000,2026-06-27 22:00:00,2026-06-28 06:00:00,370,20,0,0,90,7200,6719,41433,41158,275,0.006637,997.92,1.805,0.804347826,0.933194444,0.993363,0.745631,,,,Routine operation; no major intervention required.,Stable run after start-up checks.
2026-06-28 00:00:00,A,Flavoured Milk 200ml,Bottle,200,2026-06-28 06:00:00,2026-06-28 14:00:00,462,10,8,0,0,10500,9860,75922,75066,856,0.011275,200.13,0.367,0.982978723,0.939047619,0.988725,0.912656,,,,Routine operation; no major intervention required.,Stable run after start-up checks.
2026-06-28 00:00:00,B,Drinking Yoghurt 180ml,Bottle,180,2026-06-28 14:00:00,2026-06-28 22:00:00,470,10,0,0,0,9800,9036,70782,70465,317,0.004479,179.86,0.276,1,0.922040816,0.995521,0.917911,,,,Routine operation; no major intervention required.,Operator verified recipe before production.
2026-06-28 00:00:00,C,UHT Milk 500ml,Bottle,500,2026-06-28 22:00:00,2026-06-29 06:00:00,468,5,7,0,0,8800,7637,59568,58535,1033,0.017342,500.66,1.025,0.985263158,0.867840909,0.982658,0.840223,F005,Fill volume out of tolerance,Product temperature variation,Check filler calibration and product temperature set point.,Operator verified recipe before production.
2026-06-29 00:00:00,A,Cream 250ml,Cup,250,2026-06-29 06:00:00,2026-06-29 14:00:00,442,5,8,25,0,7600,7247,53386,52887,499,0.009347,249.65,0.251,0.930526316,0.953552632,0.990653,0.879012,,,,Routine operation; no major intervention required.,Line released after QC confirmation.
2026-06-29 00:00:00,B,UHT Milk 1L,Bottle,1000,2026-06-29 14:00:00,2026-06-29 22:00:00,421,15,29,15,0,7200,7199,50512,49647,865,0.017125,1001.32,1.228,0.905376344,0.999861111,0.982875,0.889748,F007,Label mismatch stop,Incorrect label roll loaded,"Confirm label roll, line clearance, and barcode recipe match.",Line released after QC confirmation.
2026-06-29 00:00:00,C,Flavoured Milk 200ml,Bottle,200,2026-06-29 22:00:00,2026-06-30 06:00:00,465,15,0,0,0,10500,9462,73330,72548,782,0.010664,198.76,0.44,1,0.901142857,0.989336,0.891533,,,,Routine operation; no major intervention required.,Mock training record only.
2026-06-30 00:00:00,A,Drinking Yoghurt 180ml,Bottle,180,2026-06-30 06:00:00,2026-06-30 14:00:00,475,0,5,0,0,9800,9638,76300,75927,373,0.004889,180.38,0.376,0.989583333,0.983469388,0.995111,0.968467,,,,Routine operation; no major intervention required.,Operator verified recipe before production.
2026-06-30 00:00:00,B,UHT Milk 500ml,Bottle,500,2026-06-30 14:00:00,2026-06-30 22:00:00,445,15,5,15,0,8800,8182,60683,60222,461,0.007597,499.93,0.688,0.956989247,0.929772727,0.992403,0.883023,,,,Routine operation; no major intervention required.,Mock training record only.
2026-06-30 00:00:00,C,Cream 250ml,Cup,250,2026-06-30 22:00:00,2026-07-01 06:00:00,443,10,7,20,0,7600,7416,54754,53797,957,0.017478,250.08,0.36,0.942553191,0.975789474,0.982522,0.903658,F007,Label mismatch stop,Incorrect label roll loaded,"Confirm label roll, line clearance, and barcode recipe match.",Line released after QC confirmation.